{"type":"FeatureCollection","features":[{"type":"Feature","properties":{"route":"60","name":"West End - Teneriffe Ferry via City/Valley","category":"high_bus","route_type":"3","shape_id":"600074"},"geometry":{"type":"LineString","coordinates":[[153.002696,-27.489737],[153.002079,-27.489704],[152.999339,-27.489526],[152.99981,-27.488783],[152.999862,-27.488704],[153.00008,-27.488358],[153.00008,-27.488358],[153.000336,-27.487951],[153.000598,-27.487535],[153.001127,-27.486689],[153.001188,-27.48659],[153.00149,-27.486111],[153.00149,-27.486111],[153.001713,-27.485759],[153.002188,-27.485006],[153.002755,-27.484107],[153.003025,-27.483596],[153.003623,-27.482666],[153.003829,-27.482359],[153.003829,-27.482359],[153.0043,-27.481661],[153.004394,-27.481515],[153.004923,-27.480693],[153.005245,-27.480185],[153.005777,-27.479348],[153.006399,-27.478367],[153.007112,-27.477755],[153.007755,-27.477179],[153.008125,-27.47685],[153.008125,-27.47685],[153.008336,-27.476663],[153.009419,-27.475695],[153.01033,-27.476552],[153.010802,-27.476957],[153.011913,-27.477117],[153.011913,-27.477117],[153.012709,-27.477232],[153.012734,-27.477129],[153.012764,-27.477039],[153.012785,-27.476989],[153.012898,-27.476912],[153.01306,-27.476827],[153.013408,-27.476647],[153.013603,-27.47658],[153.014556,-27.476057],[153.015518,-27.475534],[153.016475,-27.474998],[153.016583,-27.474885],[153.017407,-27.474441],[153.017743,-27.474261],[153.018187,-27.474007],[153.018267,-27.473948],[153.018618,-27.473688],[153.019442,-27.473244],[153.019442,-27.473244],[153.019464,-27.473232],[153.019898,-27.472972],[153.020147,-27.472834],[153.022404,-27.47166],[153.022574,-27.471633],[153.022598,-27.471616],[153.022614,-27.471595],[153.022616,-27.471586],[153.022611,-27.471568],[153.021906,-27.470898],[153.021901,-27.470888],[153.021904,-27.47088],[153.021938,-27.470851],[153.022396,-27.470496],[153.022794,-27.470179],[153.02425,-27.469046],[153.02425,-27.469046],[153.024482,-27.468866],[153.024928,-27.468522],[153.02524,-27.468279],[153.025348,-27.468195],[153.02617,-27.467553],[153.026226,-27.467508],[153.027009,-27.466899],[153.027153,-27.466786],[153.02786,-27.466239],[153.028472,-27.465766],[153.028472,-27.465766],[153.028473,-27.465765],[153.028691,-27.465599],[153.029545,-27.464934],[153.031166,-27.463684],[153.03137,-27.463524],[153.03123,-27.463023],[153.031208,-27.46284],[153.031205,-27.462336],[153.031192,-27.461816],[153.031222,-27.461607],[153.03125,-27.461538],[153.031423,-27.461131],[153.031526,-27.460942],[153.03168,-27.460616],[153.031727,-27.460482],[153.031779,-27.46023],[153.031779,-27.46023],[153.031852,-27.459874],[153.031838,-27.459543],[153.031866,-27.459375],[153.032125,-27.459023],[153.032465,-27.458711],[153.033045,-27.458084],[153.033692,-27.457431],[153.034028,-27.457096],[153.034324,-27.456801],[153.034895,-27.456217],[153.035651,-27.455454],[153.036224,-27.454876],[153.036582,-27.454501],[153.036757,-27.454338],[153.036985,-27.454146],[153.037331,-27.453954],[153.037834,-27.453423],[153.038919,-27.452319],[153.038919,-27.452319],[153.039272,-27.451958],[153.039539,-27.451685],[153.04023,-27.451016],[153.041559,-27.449827],[153.041862,-27.449898],[153.042776,-27.450087],[153.043072,-27.450101],[153.04325,-27.450092],[153.04355,-27.450049],[153.04355,-27.450049],[153.044039,-27.44998],[153.045624,-27.449775],[153.045862,-27.449804],[153.046096,-27.449858],[153.04632,-27.450023],[153.047079,-27.451025],[153.047305,-27.45133],[153.047702,-27.451847],[153.048333,-27.452658],[153.048694,-27.452262],[153.048717,-27.452236]]}},{"type":"Feature","properties":{"route":"60","name":"West End - Teneriffe Ferry via City/Valley","category":"high_bus","route_type":"3","shape_id":"600075"},"geometry":{"type":"LineString","coordinates":[[153.048717,-27.452236],[153.048839,-27.452104],[153.048893,-27.452064],[153.04895,-27.452054],[153.048996,-27.452066],[153.049028,-27.452103],[153.049045,-27.452145],[153.049034,-27.452186],[153.049,-27.452221],[153.048945,-27.452235],[153.048893,-27.45223],[153.048839,-27.45223],[153.048694,-27.452262],[153.048333,-27.452658],[153.047702,-27.451847],[153.047305,-27.45133],[153.047079,-27.451025],[153.04632,-27.450023],[153.046096,-27.449858],[153.045862,-27.449804],[153.045624,-27.449775],[153.044352,-27.449939],[153.044352,-27.449939],[153.044039,-27.44998],[153.04325,-27.450092],[153.043072,-27.450101],[153.042776,-27.450087],[153.041862,-27.449898],[153.041322,-27.450461],[153.041265,-27.450546],[153.041167,-27.450777],[153.040949,-27.451509],[153.040778,-27.452122],[153.040537,-27.452722],[153.040288,-27.453081],[153.03994,-27.453476],[153.039052,-27.454378],[153.03888,-27.454552],[153.0386,-27.454837],[153.0386,-27.454837],[153.038533,-27.454904],[153.038067,-27.455376],[153.037858,-27.455588],[153.037543,-27.45591],[153.037243,-27.456215],[153.036965,-27.45649],[153.03684,-27.456639],[153.036235,-27.457239],[153.035971,-27.457506],[153.035658,-27.457825],[153.035546,-27.457938],[153.035404,-27.45808],[153.035015,-27.458477],[153.034365,-27.459116],[153.034206,-27.459166],[153.033911,-27.459457],[153.033911,-27.459457],[153.033815,-27.459552],[153.033799,-27.459679],[153.033552,-27.459927],[153.032581,-27.460906],[153.032457,-27.461044],[153.031792,-27.461724],[153.031704,-27.461829],[153.031706,-27.461849],[153.031676,-27.46196],[153.031592,-27.46211],[153.031512,-27.462221],[153.031419,-27.462367],[153.031342,-27.462544],[153.031294,-27.462699],[153.031278,-27.462823],[153.031307,-27.463004],[153.031371,-27.4633],[153.03137,-27.463524],[153.031166,-27.463684],[153.029545,-27.464934],[153.028691,-27.465599],[153.028473,-27.465765],[153.02786,-27.466239],[153.027153,-27.466786],[153.027009,-27.466899],[153.026793,-27.467067],[153.026793,-27.467067],[153.026226,-27.467508],[153.02617,-27.467553],[153.025348,-27.468195],[153.02524,-27.468279],[153.024928,-27.468522],[153.024671,-27.46872],[153.024671,-27.46872],[153.024482,-27.468866],[153.022794,-27.470179],[153.022396,-27.470496],[153.021938,-27.470851],[153.022619,-27.471454],[153.022706,-27.471565],[153.022656,-27.471595],[153.022574,-27.471633],[153.022404,-27.47166],[153.020147,-27.472834],[153.019898,-27.472972],[153.019464,-27.473232],[153.018618,-27.473688],[153.018267,-27.473948],[153.018187,-27.474007],[153.017887,-27.474178],[153.017887,-27.474178],[153.017743,-27.474261],[153.017407,-27.474441],[153.016583,-27.474885],[153.016475,-27.474998],[153.015518,-27.475534],[153.014556,-27.476057],[153.013603,-27.47658],[153.013484,-27.476669],[153.01309,-27.476897],[153.012896,-27.477005],[153.012803,-27.477075],[153.012709,-27.477232],[153.01133,-27.477033],[153.01133,-27.477033],[153.010802,-27.476957],[153.01033,-27.476552],[153.009419,-27.475695],[153.008336,-27.476663],[153.00816,-27.476819],[153.00816,-27.476819],[153.007755,-27.477179],[153.007112,-27.477755],[153.006399,-27.478367],[153.005777,-27.479348],[153.005245,-27.480185],[153.004923,-27.480693],[153.004394,-27.481515],[153.0043,-27.481661],[153.003749,-27.482477],[153.003749,-27.482477],[153.003623,-27.482666],[153.003025,-27.483596],[153.002755,-27.484107],[153.002188,-27.485006],[153.001713,-27.485759],[153.001409,-27.48624],[153.001409,-27.48624],[153.001188,-27.48659],[153.001127,-27.486689],[153.000598,-27.487535],[153.000336,-27.487951],[153.000116,-27.4883],[153.000116,-27.4883],[152.999862,-27.488704],[152.99981,-27.488783],[152.999339,-27.489526],[153.002079,-27.489704],[153.003326,-27.489769],[153.003395,-27.48968],[153.003495,-27.489619],[153.003473,-27.48973],[153.003326,-27.489769],[153.002696,-27.489737]]}},{"type":"Feature","properties":{"route":"60","name":"West End - Teneriffe Ferry via City/Valley","category":"high_bus","route_type":"3","shape_id":"600076"},"geometry":{"type":"LineString","coordinates":[[153.002696,-27.489737],[153.002079,-27.489704],[152.999339,-27.489526],[152.99981,-27.488783],[152.999862,-27.488704],[153.00008,-27.488358],[153.00008,-27.488358],[153.000336,-27.487951],[153.000598,-27.487535],[153.001127,-27.486689],[153.001188,-27.48659],[153.00149,-27.486111],[153.00149,-27.486111],[153.001713,-27.485759],[153.002188,-27.485006],[153.002755,-27.484107],[153.003025,-27.483596],[153.003623,-27.482666],[153.003829,-27.482359],[153.003829,-27.482359],[153.0043,-27.481661],[153.004394,-27.481515],[153.004923,-27.480693],[153.005245,-27.480185],[153.005777,-27.479348],[153.006399,-27.478367],[153.007112,-27.477755],[153.007755,-27.477179],[153.008125,-27.47685],[153.008125,-27.47685],[153.008336,-27.476663],[153.009419,-27.475695],[153.01033,-27.476552],[153.010802,-27.476957],[153.011913,-27.477117],[153.011913,-27.477117],[153.012709,-27.477232],[153.012734,-27.477129],[153.012764,-27.477039],[153.012785,-27.476989],[153.012898,-27.476912],[153.01306,-27.476827],[153.013408,-27.476647],[153.013603,-27.47658],[153.014556,-27.476057],[153.015518,-27.475534],[153.016475,-27.474998],[153.016583,-27.474885],[153.017407,-27.474441],[153.017743,-27.474261],[153.018187,-27.474007],[153.018267,-27.473948],[153.018618,-27.473688],[153.019442,-27.473244],[153.019442,-27.473244],[153.019464,-27.473232],[153.019898,-27.472972],[153.020147,-27.472834],[153.022404,-27.47166],[153.022574,-27.471633],[153.022598,-27.471616],[153.022614,-27.471595],[153.022616,-27.471586],[153.022611,-27.471568],[153.021906,-27.470898],[153.021901,-27.470888],[153.021904,-27.47088],[153.021938,-27.470851],[153.022396,-27.470496],[153.022794,-27.470179],[153.02425,-27.469046],[153.02425,-27.469046],[153.024482,-27.468866],[153.024928,-27.468522],[153.02524,-27.468279],[153.025348,-27.468195],[153.02617,-27.467553],[153.026226,-27.467508],[153.027009,-27.466899],[153.027153,-27.466786],[153.02786,-27.466239],[153.028472,-27.465766],[153.028472,-27.465766],[153.028473,-27.465765],[153.028691,-27.465599],[153.029545,-27.464934],[153.031166,-27.463684],[153.03137,-27.463524],[153.03123,-27.463023],[153.031208,-27.46284],[153.031205,-27.462336],[153.031192,-27.461816],[153.031222,-27.461607],[153.03125,-27.461538],[153.031423,-27.461131],[153.031526,-27.460942],[153.03168,-27.460616],[153.031727,-27.460482],[153.031852,-27.459874],[153.031838,-27.459543],[153.031866,-27.459375],[153.032125,-27.459023],[153.032465,-27.458711],[153.033045,-27.458084],[153.033692,-27.457431],[153.034028,-27.457096],[153.034322,-27.456803],[153.034322,-27.456803],[153.034324,-27.456801],[153.034895,-27.456217],[153.035651,-27.455454],[153.036224,-27.454876],[153.036582,-27.454501],[153.036757,-27.454338],[153.036985,-27.454146],[153.037331,-27.453954],[153.037834,-27.453423],[153.038919,-27.452319],[153.038919,-27.452319],[153.039272,-27.451958],[153.039539,-27.451685],[153.04023,-27.451016],[153.041559,-27.449827],[153.041862,-27.449898],[153.042776,-27.450087],[153.043072,-27.450101],[153.04325,-27.450092],[153.04355,-27.450049],[153.04355,-27.450049],[153.044039,-27.44998],[153.045624,-27.449775],[153.045862,-27.449804],[153.046096,-27.449858],[153.04632,-27.450023],[153.047079,-27.451025],[153.047305,-27.45133],[153.047702,-27.451847],[153.048333,-27.452658],[153.048694,-27.452262],[153.048717,-27.452236]]}},{"type":"Feature","properties":{"route":"61","name":"Ashgrove Shops - Coorparoo via City","category":"high_bus","route_type":"3","shape_id":"610037"},"geometry":{"type":"LineString","coordinates":[[152.991432,-27.444319],[152.991704,-27.444788],[152.991927,-27.44518],[152.992205,-27.445627],[152.99177,-27.445757],[152.991565,-27.44582],[152.991238,-27.445885],[152.99066,-27.445906],[152.990247,-27.445914],[152.989298,-27.445898],[152.989471,-27.446902],[152.989503,-27.447087],[152.989487,-27.447398],[152.989447,-27.447847],[152.989419,-27.448434],[152.989395,-27.448676],[152.989339,-27.448886],[152.989275,-27.449132],[152.989223,-27.449366],[152.989159,-27.449697],[152.989116,-27.449911],[152.989088,-27.45011],[152.988968,-27.450822],[152.988948,-27.450964],[152.988792,-27.451715],[152.988513,-27.452594],[152.988394,-27.452969],[152.988394,-27.452969],[152.98835,-27.453109],[152.98829,-27.453298],[152.98829,-27.453455],[152.988521,-27.454003],[152.988577,-27.454152],[152.988585,-27.454288],[152.988489,-27.454437],[152.988236,-27.454733],[152.987898,-27.455085],[152.986606,-27.456266],[152.985913,-27.456906],[152.985837,-27.456979],[152.985673,-27.457439],[152.985643,-27.457537],[152.985686,-27.457673],[152.985837,-27.457879],[152.985848,-27.457967],[152.985999,-27.45801],[152.986431,-27.458059],[152.986975,-27.458078],[152.986975,-27.458078],[152.987252,-27.458088],[152.987443,-27.458124],[152.987692,-27.458252],[152.987882,-27.458408],[152.988193,-27.458693],[152.988259,-27.458773],[152.988409,-27.459094],[152.988492,-27.459307],[152.988535,-27.459465],[152.98856,-27.459461],[152.988598,-27.459461],[152.988634,-27.459467],[152.988668,-27.459481],[152.988698,-27.4595],[152.988722,-27.459525],[152.988741,-27.459553],[152.988752,-27.459584],[152.988756,-27.459617],[152.988754,-27.459633],[152.988783,-27.45964],[152.988985,-27.45965],[152.989131,-27.459645],[152.990065,-27.459497],[152.990165,-27.459492],[152.990243,-27.459502],[152.990999,-27.459736],[152.991103,-27.459763],[152.991371,-27.459746],[152.992413,-27.459407],[152.993161,-27.459179],[152.99342,-27.459103],[152.99342,-27.459103],[152.993468,-27.459089],[152.993975,-27.458926],[152.994469,-27.458415],[152.994558,-27.458376],[152.994734,-27.458348],[152.996384,-27.45854],[152.997323,-27.4589],[152.997431,-27.45894],[152.998122,-27.459193],[152.998122,-27.459193],[152.9983,-27.459258],[152.998362,-27.459266],[152.998461,-27.459257],[152.998569,-27.459237],[152.998673,-27.459187],[152.998951,-27.458959],[152.999092,-27.458862],[152.999182,-27.458805],[152.999252,-27.458772],[152.999313,-27.458753],[152.999384,-27.458742],[152.999463,-27.458738],[152.999747,-27.458751],[153.000132,-27.458768],[153.000622,-27.458737],[153.000833,-27.458766],[153.000996,-27.458874],[153.002088,-27.460038],[153.002396,-27.460381],[153.002468,-27.460449],[153.002532,-27.46048],[153.002583,-27.460499],[153.002675,-27.460516],[153.002955,-27.460522],[153.002955,-27.460522],[153.00318,-27.460528],[153.00325,-27.460533],[153.003327,-27.460547],[153.003386,-27.460573],[153.003472,-27.460622],[153.003968,-27.460942],[153.004572,-27.461252],[153.005033,-27.461411],[153.005547,-27.461592],[153.006398,-27.461881],[153.006838,-27.461987],[153.006838,-27.461987],[153.007,-27.462026],[153.007589,-27.462196],[153.007971,-27.462274],[153.008831,-27.462371],[153.009012,-27.462396],[153.010505,-27.463067],[153.010609,-27.463084],[153.010927,-27.463183],[153.011248,-27.463346],[153.011679,-27.463577],[153.011679,-27.463577],[153.011763,-27.463622],[153.011826,-27.46371],[153.011926,-27.463769],[153.012045,-27.463859],[153.012924,-27.46468],[153.012977,-27.464725],[153.013208,-27.464947],[153.013227,-27.465051],[153.013186,-27.465099],[153.012827,-27.465392],[153.012719,-27.465508],[153.012664,-27.46562],[153.012648,-27.465709],[153.012648,-27.46584],[153.012659,-27.465946],[153.012683,-27.466013],[153.012734,-27.466099],[153.012829,-27.466168],[153.012937,-27.466241],[153.013078,-27.466316],[153.013214,-27.466343],[153.013383,-27.466336],[153.014084,-27.466238],[153.014558,-27.466204],[153.014535,-27.466026],[153.014571,-27.465912],[153.014667,-27.465831],[153.01498,-27.465714],[153.015652,-27.465519],[153.01632,-27.465406],[153.016688,-27.465406],[153.017024,-27.465466],[153.017893,-27.465674],[153.018203,-27.465753],[153.01883,-27.465911],[153.019103,-27.465964],[153.019191,-27.465981],[153.019191,-27.465981],[153.019361,-27.466015],[153.019388,-27.46602],[153.019855,-27.466111],[153.020457,-27.466187],[153.020793,-27.46626],[153.021026,-27.466368],[153.021589,-27.466695],[153.021722,-27.466752],[153.022326,-27.467011],[153.022336,-27.466999],[153.022348,-27.466988],[153.022359,-27.466979],[153.022371,-27.466973],[153.022382,-27.466967],[153.022397,-27.466964],[153.022416,-27.466962],[153.022435,-27.466964],[153.022453,-27.466967],[153.022471,-27.466976],[153.022484,-27.466986],[153.022495,-27.466997],[153.022505,-27.467012],[153.022511,-27.467025],[153.022514,-27.467036],[153.022514,-27.467049],[153.022513,-27.467059],[153.022511,-27.467072],[153.022507,-27.467085],[153.022501,-27.467096],[153.022719,-27.467224],[153.022923,-27.46743],[153.02311,-27.467672],[153.023211,-27.467756],[153.023548,-27.468037],[153.02402,-27.468484],[153.02402,-27.468484],[153.024351,-27.468798],[153.022576,-27.470176],[153.022396,-27.470496],[153.021938,-27.470851],[153.022619,-27.471454],[153.022706,-27.471565],[153.022656,-27.471595],[153.022574,-27.471633],[153.022404,-27.47166],[153.020147,-27.472834],[153.019898,-27.472972],[153.019464,-27.473232],[153.019122,-27.473417],[153.019122,-27.473417],[153.018618,-27.473688],[153.018267,-27.473948],[153.018187,-27.474007],[153.017743,-27.474261],[153.017709,-27.474317],[153.017705,-27.474358],[153.017709,-27.474403],[153.017755,-27.474482],[153.01797,-27.474792],[153.01843,-27.475382],[153.018768,-27.475857],[153.01906,-27.476268],[153.019975,-27.477558],[153.020076,-27.4777],[153.020223,-27.477989],[153.020391,-27.478318],[153.02108,-27.479342],[153.021272,-27.479626],[153.021325,-27.479719],[153.021817,-27.480572],[153.021892,-27.480681],[153.022149,-27.481056],[153.022149,-27.481056],[153.022222,-27.481161],[153.022385,-27.481401],[153.022425,-27.481495],[153.02249,-27.481651],[153.022645,-27.481933],[153.022797,-27.482127],[153.023018,-27.482277],[153.02336,-27.48247],[153.023665,-27.482614],[153.023935,-27.482694],[153.024295,-27.48279],[153.026479,-27.483209],[153.02683,-27.483415],[153.02719,-27.483752],[153.027855,-27.484345],[153.027998,-27.484396],[153.02817,-27.484432],[153.028378,-27.484472],[153.028378,-27.484472],[153.028621,-27.484517],[153.030593,-27.484816],[153.031078,-27.48488],[153.031463,-27.48497],[153.0318,-27.485074],[153.032027,-27.485159],[153.032242,-27.485261],[153.032367,-27.485375],[153.032463,-27.48549],[153.03256,-27.485628],[153.032609,-27.485794],[153.032752,-27.485833],[153.032981,-27.48589],[153.033855,-27.486017],[153.033985,-27.486024],[153.034112,-27.486012],[153.034455,-27.485989],[153.034537,-27.486],[153.035068,-27.486073],[153.035068,-27.486073],[153.035155,-27.486085],[153.035298,-27.486105],[153.035601,-27.486205],[153.035886,-27.486323],[153.036004,-27.486366],[153.036342,-27.48644],[153.03667,-27.486497],[153.036825,-27.486528],[153.03691,-27.486549],[153.036985,-27.486582],[153.037072,-27.486644],[153.037131,-27.486707],[153.037349,-27.486844],[153.037506,-27.487073],[153.037561,-27.487193],[153.037577,-27.487297],[153.037566,-27.487381],[153.037528,-27.487446],[153.037278,-27.487596],[153.037413,-27.487755],[153.037549,-27.487938],[153.037653,-27.488102],[153.037767,-27.4883],[153.038358,-27.4894],[153.038502,-27.489449],[153.03873,-27.48962],[153.03891,-27.489748],[153.039245,-27.489975],[153.039861,-27.490514],[153.040149,-27.490772],[153.040261,-27.490881],[153.040367,-27.49103],[153.04047,-27.491206],[153.040726,-27.491674],[153.040973,-27.49213],[153.041019,-27.49227],[153.041106,-27.492678],[153.041106,-27.492678],[153.041252,-27.493363],[153.041412,-27.494096],[153.04144,-27.494294],[153.041455,-27.494444],[153.04145,-27.494632],[153.041423,-27.495174],[153.041382,-27.495893],[153.041355,-27.496182],[153.041358,-27.496315],[153.041382,-27.496457],[153.041458,-27.496628],[153.041534,-27.496768],[153.041674,-27.496965],[153.041695,-27.496987],[153.041793,-27.497098],[153.042184,-27.497578],[153.042271,-27.497723],[153.042316,-27.497804],[153.042328,-27.497806],[153.042355,-27.497817],[153.04238,-27.497833],[153.0424,-27.497852],[153.042415,-27.497875],[153.042424,-27.497901],[153.042427,-27.49793],[153.042424,-27.497953],[153.042415,-27.497979],[153.0424,-27.498002],[153.04238,-27.498021],[153.042357,-27.498036],[153.042328,-27.498048],[153.042299,-27.498053],[153.042269,-27.498053],[153.04224,-27.498048],[153.042213,-27.498037],[153.042188,-27.498021],[153.042173,-27.498007],[153.042105,-27.498015],[153.041977,-27.498015],[153.041833,-27.498003],[153.040904,-27.497868],[153.04033,-27.497778],[153.040326,-27.497973],[153.04039,-27.498291],[153.040398,-27.49839],[153.04035,-27.498475],[153.040244,-27.498516],[153.040124,-27.498508],[153.040175,-27.498822],[153.040365,-27.498779],[153.040499,-27.498714],[153.040576,-27.498634],[153.040629,-27.498422],[153.040651,-27.498232],[153.0407,-27.498063],[153.040713,-27.497913],[153.040776,-27.497586],[153.040876,-27.497422],[153.040956,-27.497339],[153.041137,-27.497247],[153.041359,-27.497175],[153.041625,-27.497135],[153.041876,-27.497129],[153.042157,-27.497185],[153.04246,-27.49727],[153.043542,-27.497644],[153.043977,-27.497748],[153.044636,-27.497885],[153.044636,-27.497885],[153.044698,-27.497897],[153.045386,-27.498013],[153.04653,-27.498152],[153.047705,-27.498191],[153.047978,-27.498207],[153.048159,-27.498257],[153.048304,-27.498332],[153.048437,-27.498421],[153.048592,-27.498493],[153.048777,-27.498535],[153.049177,-27.498548],[153.049705,-27.498567],[153.049705,-27.498567],[153.049793,-27.49857],[153.050033,-27.498578],[153.050198,-27.498588],[153.050375,-27.498647],[153.050534,-27.498735],[153.050686,-27.498794],[153.05078,-27.498799],[153.050981,-27.498802],[153.051343,-27.498768],[153.051669,-27.498703],[153.05233,-27.49854],[153.052468,-27.498487],[153.052597,-27.498422],[153.052683,-27.498405],[153.053127,-27.497993],[153.05385,-27.497455],[153.053952,-27.497398],[153.054741,-27.496859],[153.055704,-27.496452],[153.056768,-27.496033],[153.057162,-27.495814],[153.05755,-27.495511],[153.057701,-27.495388],[153.057863,-27.495212],[153.058349,-27.494903],[153.058607,-27.494766]]}},{"type":"Feature","properties":{"route":"61","name":"Ashgrove Shops - Coorparoo via City","category":"high_bus","route_type":"3","shape_id":"610038"},"geometry":{"type":"LineString","coordinates":[[153.05743,-27.494353],[153.057115,-27.494518],[153.057701,-27.495388],[153.05755,-27.495511],[153.057162,-27.495814],[153.056768,-27.496033],[153.055704,-27.496452],[153.054741,-27.496859],[153.053952,-27.497398],[153.05385,-27.497455],[153.053127,-27.497993],[153.052683,-27.498405],[153.052645,-27.498479],[153.05255,-27.498548],[153.052436,-27.498597],[153.051963,-27.498741],[153.05158,-27.498852],[153.051395,-27.498896],[153.051169,-27.498922],[153.050846,-27.498932],[153.05075,-27.498929],[153.050686,-27.498794],[153.050534,-27.498735],[153.050375,-27.498647],[153.050198,-27.498588],[153.050033,-27.498578],[153.049793,-27.49857],[153.049228,-27.49855],[153.049228,-27.49855],[153.049177,-27.498548],[153.048777,-27.498535],[153.048592,-27.498493],[153.048437,-27.498421],[153.048304,-27.498332],[153.048159,-27.498257],[153.047978,-27.498207],[153.047705,-27.498191],[153.04653,-27.498152],[153.045386,-27.498013],[153.044698,-27.497897],[153.044008,-27.497754],[153.044008,-27.497754],[153.043977,-27.497748],[153.043542,-27.497644],[153.04246,-27.49727],[153.042157,-27.497185],[153.041876,-27.497129],[153.041625,-27.497135],[153.041359,-27.497175],[153.041137,-27.497247],[153.040956,-27.497339],[153.040876,-27.497422],[153.040776,-27.497586],[153.040713,-27.497913],[153.0407,-27.498063],[153.040651,-27.498232],[153.040629,-27.498422],[153.040576,-27.498634],[153.040499,-27.498714],[153.040365,-27.498779],[153.040175,-27.498822],[153.040124,-27.498508],[153.040244,-27.498516],[153.04035,-27.498475],[153.040398,-27.49839],[153.04039,-27.498291],[153.040326,-27.497973],[153.04033,-27.497778],[153.040346,-27.497667],[153.041852,-27.497918],[153.041987,-27.497921],[153.042086,-27.497913],[153.042144,-27.497903],[153.042153,-27.497875],[153.042168,-27.497852],[153.042191,-27.497831],[153.042155,-27.497757],[153.042062,-27.497619],[153.041686,-27.497143],[153.041604,-27.497041],[153.041587,-27.49702],[153.04139,-27.496744],[153.041291,-27.496544],[153.041254,-27.496373],[153.041241,-27.496076],[153.041249,-27.495874],[153.041273,-27.495509],[153.041306,-27.495157],[153.041336,-27.494617],[153.041341,-27.494475],[153.041339,-27.494412],[153.041325,-27.494311],[153.041295,-27.494128],[153.041135,-27.493375],[153.041034,-27.492922],[153.040881,-27.492311],[153.040851,-27.492198],[153.040813,-27.492101],[153.040749,-27.491982],[153.040749,-27.491982],[153.040715,-27.491918],[153.040611,-27.491713],[153.040429,-27.491392],[153.040318,-27.49118],[153.040206,-27.490994],[153.040133,-27.4909],[153.039935,-27.490739],[153.039763,-27.490584],[153.039141,-27.490054],[153.038768,-27.489793],[153.038415,-27.489502],[153.038358,-27.4894],[153.037767,-27.4883],[153.037653,-27.488102],[153.037549,-27.487938],[153.037413,-27.487755],[153.037278,-27.487596],[153.0374,-27.487461],[153.037444,-27.487393],[153.037485,-27.487309],[153.037455,-27.48714],[153.037319,-27.486926],[153.037131,-27.486707],[153.036256,-27.486564],[153.036006,-27.486525],[153.035884,-27.486508],[153.035886,-27.486323],[153.035601,-27.486205],[153.035298,-27.486105],[153.035155,-27.486085],[153.034659,-27.486018],[153.034659,-27.486018],[153.034537,-27.486],[153.034455,-27.485989],[153.034112,-27.486012],[153.033985,-27.486024],[153.033855,-27.486017],[153.032981,-27.48589],[153.032752,-27.485833],[153.032609,-27.485794],[153.03256,-27.485628],[153.032463,-27.48549],[153.032367,-27.485375],[153.032242,-27.485261],[153.032027,-27.485159],[153.0318,-27.485074],[153.031463,-27.48497],[153.031078,-27.48488],[153.030593,-27.484816],[153.028621,-27.484517],[153.028229,-27.484443],[153.028229,-27.484443],[153.02817,-27.484432],[153.027998,-27.484396],[153.027855,-27.484345],[153.02719,-27.483752],[153.02683,-27.483415],[153.026479,-27.483209],[153.024295,-27.48279],[153.023935,-27.482694],[153.023665,-27.482614],[153.02336,-27.48247],[153.023018,-27.482277],[153.022797,-27.482127],[153.022645,-27.481933],[153.02249,-27.481651],[153.022425,-27.481495],[153.022385,-27.481401],[153.022222,-27.481161],[153.021896,-27.480687],[153.021896,-27.480687],[153.021892,-27.480681],[153.021817,-27.480572],[153.021325,-27.479719],[153.021272,-27.479626],[153.02108,-27.479342],[153.020391,-27.478318],[153.020223,-27.477989],[153.020076,-27.4777],[153.019975,-27.477558],[153.01906,-27.476268],[153.018768,-27.475857],[153.01843,-27.475382],[153.01797,-27.474792],[153.017755,-27.474482],[153.017709,-27.474403],[153.017705,-27.474358],[153.017709,-27.474317],[153.017743,-27.474261],[153.018187,-27.474007],[153.018267,-27.473948],[153.018618,-27.473688],[153.019442,-27.473244],[153.019442,-27.473244],[153.019464,-27.473232],[153.019898,-27.472972],[153.020147,-27.472834],[153.022404,-27.47166],[153.022574,-27.471633],[153.022598,-27.471616],[153.022614,-27.471595],[153.022616,-27.471586],[153.022611,-27.471568],[153.021906,-27.470898],[153.021901,-27.470888],[153.021904,-27.47088],[153.021938,-27.470851],[153.022396,-27.470496],[153.022576,-27.470176],[153.024351,-27.468798],[153.023548,-27.468037],[153.023491,-27.467988],[153.023491,-27.467988],[153.023211,-27.467756],[153.02311,-27.467672],[153.022923,-27.46743],[153.022719,-27.467224],[153.022501,-27.467096],[153.02249,-27.467107],[153.02248,-27.467116],[153.022468,-27.467124],[153.022453,-27.467131],[153.022438,-27.467134],[153.022423,-27.467137],[153.02241,-27.467137],[153.022387,-27.467135],[153.022374,-27.467131],[153.022361,-27.467125],[153.022351,-27.467117],[153.022342,-27.467107],[153.022332,-27.467094],[153.022324,-27.46708],[153.022319,-27.467066],[153.022318,-27.46705],[153.022319,-27.467033],[153.022322,-27.467022],[153.022326,-27.467011],[153.021722,-27.466752],[153.021589,-27.466695],[153.021026,-27.466368],[153.020793,-27.46626],[153.020457,-27.466187],[153.019855,-27.466111],[153.019389,-27.46602],[153.019389,-27.46602],[153.019388,-27.46602],[153.019361,-27.466015],[153.019103,-27.465964],[153.01883,-27.465911],[153.018203,-27.465753],[153.017893,-27.465674],[153.017024,-27.465466],[153.016688,-27.465406],[153.01632,-27.465406],[153.015652,-27.465519],[153.01498,-27.465714],[153.014667,-27.465831],[153.014571,-27.465912],[153.014535,-27.466026],[153.014558,-27.466204],[153.014342,-27.466252],[153.014131,-27.466265],[153.013656,-27.466343],[153.013246,-27.466409],[153.013143,-27.466397],[153.01301,-27.46634],[153.012851,-27.466247],[153.012743,-27.466174],[153.012658,-27.466097],[153.012603,-27.466002],[153.012555,-27.465849],[153.012569,-27.465703],[153.012605,-27.465586],[153.012662,-27.465492],[153.012734,-27.46539],[153.012839,-27.465253],[153.013,-27.465112],[153.013208,-27.464947],[153.012977,-27.464725],[153.012924,-27.46468],[153.012045,-27.463859],[153.011926,-27.463769],[153.011826,-27.46371],[153.011702,-27.463687],[153.011548,-27.463614],[153.011548,-27.463614],[153.011388,-27.463538],[153.011176,-27.463419],[153.010959,-27.463307],[153.010584,-27.463132],[153.010505,-27.463067],[153.009012,-27.462396],[153.008831,-27.462371],[153.007971,-27.462274],[153.007589,-27.462196],[153.007,-27.462026],[153.006398,-27.461881],[153.005946,-27.461727],[153.005946,-27.461727],[153.005547,-27.461592],[153.005033,-27.461411],[153.004572,-27.461252],[153.003968,-27.460942],[153.003472,-27.460622],[153.003386,-27.460573],[153.003327,-27.460547],[153.00325,-27.460533],[153.00318,-27.460528],[153.002675,-27.460516],[153.002583,-27.460499],[153.002532,-27.46048],[153.002468,-27.460449],[153.002396,-27.460381],[153.002233,-27.4602],[153.002233,-27.4602],[153.002088,-27.460038],[153.000996,-27.458874],[153.000833,-27.458766],[153.000622,-27.458737],[153.000132,-27.458768],[152.999747,-27.458751],[152.999463,-27.458738],[152.999384,-27.458742],[152.999313,-27.458753],[152.999252,-27.458772],[152.999182,-27.458805],[152.999092,-27.458862],[152.998951,-27.458959],[152.998673,-27.459187],[152.998569,-27.459237],[152.998461,-27.459257],[152.998362,-27.459266],[152.9983,-27.459258],[152.998096,-27.459183],[152.998096,-27.459183],[152.997431,-27.45894],[152.997323,-27.4589],[152.996384,-27.45854],[152.994734,-27.458348],[152.994558,-27.458376],[152.994469,-27.458415],[152.993975,-27.458926],[152.993468,-27.459089],[152.993161,-27.459179],[152.99281,-27.459286],[152.99281,-27.459286],[152.992413,-27.459407],[152.991371,-27.459746],[152.991103,-27.459763],[152.990999,-27.459736],[152.990243,-27.459502],[152.990165,-27.459492],[152.990065,-27.459497],[152.989131,-27.459645],[152.988985,-27.45965],[152.988783,-27.45964],[152.988754,-27.459633],[152.988752,-27.45965],[152.988741,-27.459681],[152.988722,-27.459709],[152.988698,-27.459734],[152.988668,-27.459753],[152.988634,-27.459767],[152.988598,-27.459773],[152.98856,-27.459773],[152.988539,-27.45977],[152.988524,-27.459767],[152.98849,-27.459753],[152.988461,-27.459734],[152.988452,-27.459726],[152.988436,-27.459709],[152.988417,-27.459681],[152.988406,-27.45965],[152.988402,-27.459617],[152.988406,-27.459584],[152.988417,-27.459553],[152.988436,-27.459525],[152.988461,-27.4595],[152.98849,-27.459481],[152.988524,-27.459467],[152.988535,-27.459465],[152.988492,-27.459307],[152.988409,-27.459094],[152.988259,-27.458773],[152.988193,-27.458693],[152.987882,-27.458408],[152.987692,-27.458252],[152.987443,-27.458124],[152.987252,-27.458088],[152.986814,-27.458072],[152.986814,-27.458072],[152.986431,-27.458059],[152.985999,-27.45801],[152.985848,-27.457967],[152.985674,-27.45783],[152.985538,-27.457596],[152.985547,-27.457488],[152.985623,-27.457347],[152.985763,-27.457047],[152.985837,-27.456979],[152.985913,-27.456906],[152.986606,-27.456266],[152.987898,-27.455085],[152.988236,-27.454733],[152.988489,-27.454437],[152.988585,-27.454288],[152.988577,-27.454152],[152.988521,-27.454003],[152.988308,-27.453497],[152.988308,-27.453497],[152.98829,-27.453455],[152.98829,-27.453298],[152.98835,-27.453109],[152.988513,-27.452594],[152.988792,-27.451715],[152.988948,-27.450964],[152.988968,-27.450822],[152.989088,-27.45011],[152.989116,-27.449911],[152.989159,-27.449697],[152.989223,-27.449366],[152.989275,-27.449132],[152.989339,-27.448886],[152.989395,-27.448676],[152.989419,-27.448434],[152.989447,-27.447847],[152.989487,-27.447398],[152.989503,-27.447087],[152.989471,-27.446902],[152.989298,-27.445898],[152.989273,-27.445649],[152.989291,-27.445507],[152.989399,-27.444952],[152.989439,-27.444717],[152.989479,-27.444596],[152.989599,-27.444447],[152.990053,-27.443941],[152.990157,-27.443849],[152.990277,-27.443756],[152.990476,-27.443678],[152.990931,-27.443472],[152.991237,-27.443983],[152.991432,-27.444319]]}},{"type":"Feature","properties":{"route":"61","name":"Ashgrove Shops - Coorparoo via City","category":"high_bus","route_type":"3","shape_id":"610039"},"geometry":{"type":"LineString","coordinates":[[153.05743,-27.494353],[153.057115,-27.494518],[153.057701,-27.495388],[153.05755,-27.495511],[153.057162,-27.495814],[153.056768,-27.496033],[153.055704,-27.496452],[153.054741,-27.496859],[153.053952,-27.497398],[153.05385,-27.497455],[153.053127,-27.497993],[153.052683,-27.498405],[153.052645,-27.498479],[153.05255,-27.498548],[153.052436,-27.498597],[153.051963,-27.498741],[153.05158,-27.498852],[153.051395,-27.498896],[153.051169,-27.498922],[153.050846,-27.498932],[153.05075,-27.498929],[153.050686,-27.498794],[153.050534,-27.498735],[153.050375,-27.498647],[153.050198,-27.498588],[153.050033,-27.498578],[153.049793,-27.49857],[153.049228,-27.49855],[153.049228,-27.49855],[153.049177,-27.498548],[153.048777,-27.498535],[153.048592,-27.498493],[153.048437,-27.498421],[153.048304,-27.498332],[153.048159,-27.498257],[153.047978,-27.498207],[153.047705,-27.498191],[153.04653,-27.498152],[153.045386,-27.498013],[153.044698,-27.497897],[153.044008,-27.497754],[153.044008,-27.497754],[153.043977,-27.497748],[153.043542,-27.497644],[153.04246,-27.49727],[153.042157,-27.497185],[153.041876,-27.497129],[153.041625,-27.497135],[153.041359,-27.497175],[153.041137,-27.497247],[153.040956,-27.497339],[153.040876,-27.497422],[153.040776,-27.497586],[153.040713,-27.497913],[153.0407,-27.498063],[153.040651,-27.498232],[153.040629,-27.498422],[153.040576,-27.498634],[153.040499,-27.498714],[153.040365,-27.498779],[153.040175,-27.498822],[153.040124,-27.498508],[153.040244,-27.498516],[153.04035,-27.498475],[153.040398,-27.49839],[153.04039,-27.498291],[153.040326,-27.497973],[153.04033,-27.497778],[153.040346,-27.497667],[153.041852,-27.497918],[153.041987,-27.497921],[153.042086,-27.497913],[153.042144,-27.497903],[153.042153,-27.497875],[153.042168,-27.497852],[153.042191,-27.497831],[153.042155,-27.497757],[153.042062,-27.497619],[153.041686,-27.497143],[153.041604,-27.497041],[153.041587,-27.49702],[153.04139,-27.496744],[153.041291,-27.496544],[153.041254,-27.496373],[153.041241,-27.496076],[153.041249,-27.495874],[153.041273,-27.495509],[153.041306,-27.495157],[153.041336,-27.494617],[153.041341,-27.494475],[153.041339,-27.494412],[153.041325,-27.494311],[153.041295,-27.494128],[153.041135,-27.493375],[153.041034,-27.492922],[153.040881,-27.492311],[153.040851,-27.492198],[153.040813,-27.492101],[153.040749,-27.491982],[153.040749,-27.491982],[153.040715,-27.491918],[153.040611,-27.491713],[153.040429,-27.491392],[153.040318,-27.49118],[153.040206,-27.490994],[153.040133,-27.4909],[153.039935,-27.490739],[153.039763,-27.490584],[153.039141,-27.490054],[153.038768,-27.489793],[153.038415,-27.489502],[153.038358,-27.4894],[153.037767,-27.4883],[153.037653,-27.488102],[153.037549,-27.487938],[153.037413,-27.487755],[153.037278,-27.487596],[153.0374,-27.487461],[153.037444,-27.487393],[153.037485,-27.487309],[153.037455,-27.48714],[153.037319,-27.486926],[153.037131,-27.486707],[153.036256,-27.486564],[153.036006,-27.486525],[153.035884,-27.486508],[153.035886,-27.486323],[153.035601,-27.486205],[153.035298,-27.486105],[153.035155,-27.486085],[153.034659,-27.486018],[153.034659,-27.486018],[153.034537,-27.486],[153.034455,-27.485989],[153.034112,-27.486012],[153.033985,-27.486024],[153.033855,-27.486017],[153.032981,-27.48589],[153.032752,-27.485833],[153.032609,-27.485794],[153.03256,-27.485628],[153.032463,-27.48549],[153.032367,-27.485375],[153.032242,-27.485261],[153.032027,-27.485159],[153.0318,-27.485074],[153.031463,-27.48497],[153.031078,-27.48488],[153.030593,-27.484816],[153.028621,-27.484517],[153.028229,-27.484443],[153.028229,-27.484443],[153.02817,-27.484432],[153.027998,-27.484396],[153.027855,-27.484345],[153.02719,-27.483752],[153.02683,-27.483415],[153.026479,-27.483209],[153.024295,-27.48279],[153.023935,-27.482694],[153.023665,-27.482614],[153.02336,-27.48247],[153.023018,-27.482277],[153.022797,-27.482127],[153.022645,-27.481933],[153.02249,-27.481651],[153.022425,-27.481495],[153.022385,-27.481401],[153.022222,-27.481161],[153.021896,-27.480687],[153.021896,-27.480687],[153.021892,-27.480681],[153.021817,-27.480572],[153.021325,-27.479719],[153.021272,-27.479626],[153.02108,-27.479342],[153.020391,-27.478318],[153.020223,-27.477989],[153.020076,-27.4777],[153.019975,-27.477558],[153.01906,-27.476268],[153.018768,-27.475857],[153.01843,-27.475382],[153.01797,-27.474792],[153.017755,-27.474482],[153.017709,-27.474403],[153.017705,-27.474358],[153.017709,-27.474317],[153.017743,-27.474261],[153.018187,-27.474007],[153.018267,-27.473948],[153.018618,-27.473688],[153.019442,-27.473244],[153.019442,-27.473244],[153.019464,-27.473232],[153.019898,-27.472972],[153.020147,-27.472834],[153.022404,-27.47166],[153.022574,-27.471633],[153.022656,-27.471595],[153.022706,-27.471565],[153.022868,-27.471515],[153.023684,-27.4709],[153.024442,-27.470328],[153.025257,-27.469708],[153.025505,-27.469957],[153.025557,-27.470045],[153.025571,-27.470111],[153.025566,-27.470161],[153.025533,-27.470207],[153.025435,-27.470278],[153.024999,-27.470581],[153.024919,-27.470615],[153.02483,-27.470627],[153.024774,-27.470613],[153.024774,-27.470613],[153.024741,-27.470606],[153.024689,-27.470569],[153.024442,-27.470328],[153.025257,-27.469708],[153.025236,-27.469606],[153.024563,-27.468917],[153.024351,-27.468798],[153.023548,-27.468037],[153.023211,-27.467756],[153.02311,-27.467672],[153.022923,-27.46743],[153.022719,-27.467224],[153.022501,-27.467096],[153.02249,-27.467107],[153.02248,-27.467116],[153.022468,-27.467124],[153.022453,-27.467131],[153.022438,-27.467134],[153.022423,-27.467137],[153.02241,-27.467137],[153.022387,-27.467135],[153.022374,-27.467131],[153.022361,-27.467125],[153.022351,-27.467117],[153.022342,-27.467107],[153.022332,-27.467094],[153.022324,-27.46708],[153.022319,-27.467066],[153.022318,-27.46705],[153.022319,-27.467033],[153.022322,-27.467022],[153.022326,-27.467011],[153.021722,-27.466752],[153.021589,-27.466695],[153.021026,-27.466368],[153.020793,-27.46626],[153.020457,-27.466187],[153.019855,-27.466111],[153.019389,-27.46602],[153.019389,-27.46602],[153.019388,-27.46602],[153.019361,-27.466015],[153.019103,-27.465964],[153.01883,-27.465911],[153.018203,-27.465753],[153.017893,-27.465674],[153.017024,-27.465466],[153.016688,-27.465406],[153.01632,-27.465406],[153.015652,-27.465519],[153.01498,-27.465714],[153.014667,-27.465831],[153.014571,-27.465912],[153.014535,-27.466026],[153.014558,-27.466204],[153.014342,-27.466252],[153.014131,-27.466265],[153.013656,-27.466343],[153.013246,-27.466409],[153.013143,-27.466397],[153.01301,-27.46634],[153.012851,-27.466247],[153.012743,-27.466174],[153.012658,-27.466097],[153.012603,-27.466002],[153.012555,-27.465849],[153.012569,-27.465703],[153.012605,-27.465586],[153.012662,-27.465492],[153.012734,-27.46539],[153.012839,-27.465253],[153.013,-27.465112],[153.013208,-27.464947],[153.012977,-27.464725],[153.012924,-27.46468],[153.012045,-27.463859],[153.011926,-27.463769],[153.011826,-27.46371],[153.011702,-27.463687],[153.011548,-27.463614],[153.011548,-27.463614],[153.011388,-27.463538],[153.011176,-27.463419],[153.010959,-27.463307],[153.010584,-27.463132],[153.010505,-27.463067],[153.009012,-27.462396],[153.008831,-27.462371],[153.007971,-27.462274],[153.007589,-27.462196],[153.007,-27.462026],[153.006398,-27.461881],[153.005946,-27.461727],[153.005946,-27.461727],[153.005547,-27.461592],[153.005033,-27.461411],[153.004572,-27.461252],[153.003968,-27.460942],[153.003472,-27.460622],[153.003386,-27.460573],[153.003327,-27.460547],[153.00325,-27.460533],[153.00318,-27.460528],[153.002675,-27.460516],[153.002583,-27.460499],[153.002532,-27.46048],[153.002468,-27.460449],[153.002396,-27.460381],[153.002233,-27.4602],[153.002233,-27.4602],[153.002088,-27.460038],[153.000996,-27.458874],[153.000833,-27.458766],[153.000622,-27.458737],[153.000132,-27.458768],[152.999747,-27.458751],[152.999463,-27.458738],[152.999384,-27.458742],[152.999313,-27.458753],[152.999252,-27.458772],[152.999182,-27.458805],[152.999092,-27.458862],[152.998951,-27.458959],[152.998673,-27.459187],[152.998569,-27.459237],[152.998461,-27.459257],[152.998362,-27.459266],[152.9983,-27.459258],[152.998096,-27.459183],[152.998096,-27.459183],[152.997431,-27.45894],[152.997323,-27.4589],[152.996384,-27.45854],[152.994734,-27.458348],[152.994558,-27.458376],[152.994469,-27.458415],[152.993975,-27.458926],[152.993468,-27.459089],[152.993161,-27.459179],[152.99281,-27.459286],[152.99281,-27.459286],[152.992413,-27.459407],[152.991371,-27.459746],[152.991103,-27.459763],[152.990999,-27.459736],[152.990243,-27.459502],[152.990165,-27.459492],[152.990065,-27.459497],[152.989131,-27.459645],[152.988985,-27.45965],[152.988783,-27.45964],[152.988754,-27.459633],[152.988752,-27.45965],[152.988741,-27.459681],[152.988722,-27.459709],[152.988698,-27.459734],[152.988668,-27.459753],[152.988634,-27.459767],[152.988598,-27.459773],[152.98856,-27.459773],[152.988539,-27.45977],[152.988524,-27.459767],[152.98849,-27.459753],[152.988461,-27.459734],[152.988452,-27.459726],[152.988436,-27.459709],[152.988417,-27.459681],[152.988406,-27.45965],[152.988402,-27.459617],[152.988406,-27.459584],[152.988417,-27.459553],[152.988436,-27.459525],[152.988461,-27.4595],[152.98849,-27.459481],[152.988524,-27.459467],[152.988535,-27.459465],[152.988492,-27.459307],[152.988409,-27.459094],[152.988259,-27.458773],[152.988193,-27.458693],[152.987882,-27.458408],[152.987692,-27.458252],[152.987443,-27.458124],[152.987252,-27.458088],[152.986814,-27.458072],[152.986814,-27.458072],[152.986431,-27.458059],[152.985999,-27.45801],[152.985848,-27.457967],[152.985674,-27.45783],[152.985538,-27.457596],[152.985547,-27.457488],[152.985623,-27.457347],[152.985763,-27.457047],[152.985837,-27.456979],[152.985913,-27.456906],[152.986606,-27.456266],[152.987898,-27.455085],[152.988236,-27.454733],[152.988489,-27.454437],[152.988585,-27.454288],[152.988577,-27.454152],[152.988521,-27.454003],[152.988308,-27.453497],[152.988308,-27.453497],[152.98829,-27.453455],[152.98829,-27.453298],[152.98835,-27.453109],[152.988513,-27.452594],[152.988792,-27.451715],[152.988948,-27.450964],[152.988968,-27.450822],[152.989088,-27.45011],[152.989116,-27.449911],[152.989159,-27.449697],[152.989223,-27.449366],[152.989275,-27.449132],[152.989339,-27.448886],[152.989395,-27.448676],[152.989419,-27.448434],[152.989447,-27.447847],[152.989487,-27.447398],[152.989503,-27.447087],[152.989471,-27.446902],[152.989298,-27.445898],[152.989273,-27.445649],[152.989291,-27.445507],[152.989399,-27.444952],[152.989439,-27.444717],[152.989479,-27.444596],[152.989599,-27.444447],[152.990053,-27.443941],[152.990157,-27.443849],[152.990277,-27.443756],[152.990476,-27.443678],[152.990931,-27.443472],[152.991237,-27.443983],[152.991432,-27.444319]]}},{"type":"Feature","properties":{"route":"100","name":"Forest Lake/Inala - City","category":"high_bus","route_type":"3","shape_id":"1000059"},"geometry":{"type":"LineString","coordinates":[[153.023861,-27.470766],[153.023684,-27.4709],[153.022868,-27.471515],[153.022706,-27.471565],[153.022656,-27.471595],[153.022574,-27.471633],[153.022404,-27.47166],[153.020147,-27.472834],[153.019898,-27.472972],[153.019464,-27.473232],[153.019122,-27.473417],[153.019122,-27.473417],[153.018618,-27.473688],[153.018267,-27.473948],[153.018187,-27.474007],[153.017743,-27.474261],[153.017709,-27.474317],[153.017705,-27.474358],[153.017709,-27.474403],[153.017755,-27.474482],[153.01797,-27.474792],[153.01843,-27.475382],[153.018768,-27.475857],[153.01906,-27.476268],[153.019975,-27.477558],[153.020076,-27.4777],[153.020223,-27.477989],[153.020391,-27.478318],[153.02108,-27.479342],[153.021272,-27.479626],[153.021325,-27.479719],[153.021817,-27.480572],[153.021892,-27.480681],[153.022149,-27.481056],[153.022149,-27.481056],[153.022222,-27.481161],[153.022385,-27.481401],[153.022425,-27.481495],[153.02249,-27.481651],[153.022645,-27.481933],[153.022797,-27.482127],[153.023018,-27.482277],[153.02336,-27.48247],[153.023665,-27.482614],[153.023935,-27.482694],[153.024295,-27.48279],[153.026479,-27.483209],[153.02683,-27.483415],[153.02719,-27.483752],[153.027855,-27.484345],[153.027998,-27.484396],[153.02817,-27.484432],[153.028378,-27.484472],[153.028378,-27.484472],[153.028621,-27.484517],[153.030593,-27.484816],[153.031078,-27.48488],[153.031463,-27.48497],[153.0318,-27.485074],[153.032027,-27.485159],[153.032242,-27.485261],[153.032367,-27.485375],[153.032463,-27.48549],[153.03256,-27.485628],[153.032609,-27.485794],[153.032752,-27.485833],[153.032981,-27.48589],[153.033855,-27.486017],[153.033985,-27.486024],[153.034112,-27.486012],[153.034455,-27.485989],[153.034537,-27.486],[153.035068,-27.486073],[153.035068,-27.486073],[153.035155,-27.486085],[153.035298,-27.486105],[153.035437,-27.486036],[153.035537,-27.485978],[153.03562,-27.485965],[153.035692,-27.486],[153.035712,-27.486088],[153.03568,-27.486157],[153.035601,-27.486205],[153.035298,-27.486105],[153.035155,-27.486085],[153.034537,-27.486],[153.034455,-27.485989],[153.034112,-27.486012],[153.033985,-27.486024],[153.033855,-27.486017],[153.032981,-27.48589],[153.032752,-27.485833],[153.032609,-27.485794],[153.032557,-27.486273],[153.032546,-27.486607],[153.032597,-27.48695],[153.032772,-27.487412],[153.032933,-27.487815],[153.033019,-27.488061],[153.033118,-27.488409],[153.033296,-27.489308],[153.033557,-27.490279],[153.033813,-27.490948],[153.034023,-27.491343],[153.034355,-27.491771],[153.034413,-27.491846],[153.034814,-27.492219],[153.035378,-27.49266],[153.035906,-27.49306],[153.036094,-27.493206],[153.036466,-27.493565],[153.037273,-27.494506],[153.037925,-27.49535],[153.037816,-27.495464],[153.037666,-27.495598],[153.036904,-27.496579],[153.036641,-27.496746],[153.036688,-27.496922],[153.036666,-27.497125],[153.036647,-27.497229],[153.035502,-27.49706],[153.035391,-27.497098],[153.035337,-27.497132],[153.035225,-27.497233],[153.035462,-27.498264],[153.035592,-27.498797],[153.03562,-27.499025],[153.035612,-27.499241],[153.035541,-27.499528],[153.035429,-27.499985],[153.035303,-27.50047],[153.035303,-27.50047],[153.035153,-27.501048],[153.035115,-27.501144],[153.034844,-27.501715],[153.034574,-27.50225],[153.034522,-27.502387],[153.034502,-27.502465],[153.034464,-27.502679],[153.034332,-27.503422],[153.034387,-27.504595],[153.034483,-27.505215],[153.034646,-27.506009],[153.034646,-27.506009],[153.034674,-27.506146],[153.034684,-27.506233],[153.034673,-27.506316],[153.034597,-27.506528],[153.034288,-27.507301],[153.034132,-27.507683],[153.033911,-27.508111],[153.032985,-27.509644],[153.032722,-27.510041],[153.032281,-27.510743],[153.031908,-27.511577],[153.031908,-27.511577],[153.031853,-27.5117],[153.03152,-27.512478],[153.03146,-27.512624],[153.031224,-27.513268],[153.030987,-27.513902],[153.03051,-27.515254],[153.030129,-27.516382],[153.029956,-27.517091],[153.029866,-27.517354],[153.02969,-27.517775],[153.02969,-27.517775],[153.029649,-27.517874],[153.029644,-27.517887],[153.029395,-27.518288],[153.028824,-27.518683],[153.028392,-27.519112],[153.026398,-27.521261],[153.02561,-27.522146],[153.024872,-27.522959],[153.024025,-27.523892],[153.023489,-27.524467],[153.022536,-27.525512],[153.022536,-27.525512],[153.021334,-27.526829],[153.020286,-27.528103],[153.019474,-27.52903],[153.018836,-27.529814],[153.018189,-27.530612],[153.017545,-27.531385],[153.017266,-27.531755],[153.017266,-27.531755],[153.016969,-27.532147],[153.016353,-27.532948],[153.015283,-27.53441],[153.015079,-27.534756],[153.014765,-27.53522],[153.014349,-27.535961],[153.014207,-27.536642],[153.014207,-27.536642],[153.013942,-27.537912],[153.013615,-27.539362],[153.013117,-27.541183],[153.012916,-27.541806],[153.012683,-27.542254],[153.012382,-27.542718],[153.012085,-27.543101],[153.011645,-27.543648],[153.011255,-27.544088],[153.010919,-27.544538],[153.01041,-27.545556],[153.010286,-27.545904],[153.010153,-27.546419],[153.009975,-27.54727],[153.009634,-27.549103],[153.00958,-27.549636],[153.009463,-27.552578],[153.00943,-27.553079],[153.009387,-27.553498],[153.009321,-27.553903],[153.009173,-27.554615],[153.009062,-27.555053],[153.008928,-27.555349],[153.008769,-27.555675],[153.00859,-27.555915],[153.008456,-27.556095],[153.008184,-27.556371],[153.00814,-27.556414],[153.007826,-27.556649],[153.007477,-27.556879],[153.006854,-27.557246],[153.006269,-27.557555],[153.005377,-27.557972],[153.003287,-27.558832],[153.0021,-27.559194],[153.000582,-27.559595],[152.9994,-27.559925],[152.998664,-27.560141],[152.99812,-27.560335],[152.997584,-27.560559],[152.997057,-27.560801],[152.995997,-27.56134],[152.994901,-27.561868],[152.991674,-27.563441],[152.990238,-27.564151],[152.989458,-27.564428],[152.988272,-27.564687],[152.987613,-27.56482],[152.987012,-27.564942],[152.986124,-27.565121],[152.986117,-27.565149],[152.984508,-27.565604],[152.98344,-27.56582],[152.981293,-27.566215],[152.980702,-27.56632],[152.980484,-27.566363],[152.980387,-27.566397],[152.980209,-27.566518],[152.980142,-27.56669],[152.980119,-27.56682],[152.980096,-27.567208],[152.980096,-27.567393],[152.9801,-27.567418],[152.9801,-27.567418],[152.980135,-27.567626],[152.980212,-27.567966],[152.980406,-27.568772],[152.981009,-27.570996],[152.9813,-27.571946],[152.981609,-27.573171],[152.98177,-27.573831],[152.98177,-27.573831],[152.982035,-27.574917],[152.982426,-27.576495],[152.982602,-27.577212],[152.982602,-27.577212],[152.98284,-27.578176],[152.982964,-27.578681],[152.983128,-27.579419],[152.983128,-27.579419],[152.983239,-27.579923],[152.983452,-27.580739],[152.983753,-27.581854],[152.983809,-27.582081],[152.983809,-27.582081],[152.98404,-27.583007],[152.984648,-27.585437],[152.984511,-27.585463],[152.983395,-27.585677],[152.982947,-27.585765],[152.982257,-27.585896],[152.982257,-27.585896],[152.982073,-27.585932],[152.980568,-27.586221],[152.980739,-27.586898],[152.980944,-27.587841],[152.980913,-27.588271],[152.980903,-27.588689],[152.980903,-27.588689],[152.980899,-27.588855],[152.981019,-27.589328],[152.981295,-27.590471],[152.981455,-27.590821],[152.981589,-27.591028],[152.981589,-27.591028],[152.981731,-27.591247],[152.981914,-27.591509],[152.98195,-27.591609],[152.981962,-27.591656],[152.981949,-27.591694],[152.98119,-27.592144],[152.98119,-27.592144],[152.980933,-27.592297],[152.980579,-27.592491],[152.980414,-27.592508],[152.979143,-27.592187],[152.978822,-27.592079],[152.97851,-27.591838],[152.977772,-27.590961],[152.977712,-27.59085],[152.977712,-27.59085],[152.977634,-27.590704],[152.97749,-27.590465],[152.97729,-27.59037],[152.976966,-27.590372],[152.976974,-27.590684],[152.976945,-27.590934],[152.976872,-27.591257],[152.976726,-27.591633],[152.976726,-27.591633],[152.976502,-27.592206],[152.976321,-27.592671],[152.976321,-27.592671],[152.975747,-27.594145],[152.975428,-27.594965],[152.975428,-27.594965],[152.975248,-27.595424],[152.974745,-27.596717],[152.974745,-27.596717],[152.974615,-27.59705],[152.974632,-27.597119],[152.974705,-27.597253],[152.974765,-27.597324],[152.97571,-27.597609],[152.975658,-27.597743],[152.975255,-27.598735],[152.974974,-27.599427],[152.974854,-27.599719],[152.974682,-27.59966],[152.974675,-27.599595],[152.97483,-27.599218],[152.974995,-27.598817],[152.974995,-27.598817],[152.97504,-27.598708],[152.97508,-27.598684],[152.975255,-27.598735],[152.974974,-27.599427],[152.974854,-27.599719],[152.974256,-27.601183],[152.972984,-27.60086],[152.97254,-27.602059],[152.972333,-27.602566],[152.972333,-27.602566],[152.97215,-27.603017],[152.971867,-27.603724],[152.971523,-27.604586],[152.971352,-27.604966],[152.971307,-27.605123],[152.971406,-27.605549],[152.971505,-27.605898],[152.971505,-27.605898],[152.971577,-27.606151],[152.971719,-27.606772],[152.971795,-27.607161],[152.971814,-27.607367],[152.971817,-27.607513],[152.971614,-27.608552],[152.971535,-27.608893],[152.971461,-27.609372],[152.97142,-27.609673],[152.971407,-27.609941],[152.971417,-27.610016],[152.971429,-27.610014],[152.971455,-27.610014],[152.971481,-27.610019],[152.971505,-27.610028],[152.971526,-27.610042],[152.971543,-27.610059],[152.971556,-27.610079],[152.971565,-27.610105],[152.971567,-27.610124],[152.971564,-27.610147],[152.971556,-27.610169],[152.971543,-27.610189],[152.971526,-27.610206],[152.971505,-27.61022],[152.971481,-27.610229],[152.971472,-27.610231],[152.971573,-27.610521],[152.971783,-27.610933],[152.971867,-27.611087],[152.971867,-27.611087],[152.972099,-27.611508],[152.972113,-27.611503],[152.972142,-27.611498],[152.972172,-27.611498],[152.972201,-27.611503],[152.972228,-27.611514],[152.972251,-27.611529],[152.972271,-27.611548],[152.972286,-27.611571],[152.972288,-27.611578],[152.972295,-27.611596],[152.972298,-27.611622],[152.972295,-27.611648],[152.972286,-27.611673],[152.972271,-27.611696],[152.972251,-27.611715],[152.972219,-27.611734],[152.972201,-27.611741],[152.972172,-27.611746],[152.972142,-27.611746],[152.972113,-27.611741],[152.972087,-27.61173],[152.972063,-27.611715],[152.972043,-27.611696],[152.972028,-27.611673],[152.972026,-27.611667],[152.971958,-27.611688],[152.971764,-27.611764],[152.971561,-27.611863],[152.971109,-27.612175],[152.969995,-27.612963],[152.96971,-27.613153],[152.968939,-27.613606],[152.968939,-27.613606],[152.968851,-27.613657],[152.96836,-27.613913],[152.967899,-27.614063],[152.966926,-27.614319],[152.965776,-27.614516],[152.965698,-27.614564],[152.965326,-27.614618],[152.965202,-27.614654],[152.965072,-27.614719],[152.964996,-27.614794],[152.965072,-27.615541],[152.965072,-27.615541],[152.965214,-27.616924],[152.965304,-27.617665],[152.96531,-27.617815],[152.965331,-27.617935],[152.96537,-27.618127],[152.965416,-27.61828],[152.965438,-27.618285],[152.965475,-27.618299],[152.965507,-27.61832],[152.965534,-27.618346],[152.965554,-27.618377],[152.965561,-27.618398],[152.965566,-27.618411],[152.96557,-27.618446],[152.965566,-27.618481],[152.965554,-27.618515],[152.965534,-27.618546],[152.965511,-27.618568],[152.965507,-27.618572],[152.965475,-27.618593],[152.965438,-27.618607],[152.965399,-27.618615],[152.965359,-27.618615],[152.965321,-27.618607],[152.965283,-27.618593],[152.965251,-27.618572],[152.965224,-27.618546],[152.965204,-27.618515],[152.965201,-27.618508],[152.965058,-27.618518],[152.964417,-27.618585],[152.964286,-27.618575],[152.963885,-27.618624],[152.963482,-27.618662],[152.962689,-27.618735],[152.96269,-27.618745],[152.962688,-27.618764],[152.962682,-27.618782],[152.962671,-27.618798],[152.962657,-27.618812],[152.96264,-27.618823],[152.96262,-27.618831],[152.962605,-27.618833],[152.962578,-27.618834],[152.962558,-27.618831],[152.962538,-27.618823],[152.962521,-27.618812],[152.962507,-27.618798],[152.962496,-27.618782],[152.962489,-27.618757],[152.961916,-27.618829],[152.961916,-27.618829],[152.961684,-27.618857],[152.961317,-27.618947],[152.961036,-27.619042],[152.960767,-27.619158],[152.96037,-27.619385],[152.959827,-27.619723],[152.959381,-27.619882],[152.959156,-27.619944],[152.958943,-27.619986],[152.958678,-27.620018],[152.958529,-27.620015],[152.958529,-27.620015],[152.958468,-27.620014],[152.958201,-27.620014],[152.956089,-27.619695],[152.955963,-27.620312],[152.955963,-27.620312],[152.955637,-27.621916],[152.955587,-27.622163],[152.955337,-27.623325],[152.955066,-27.624727],[152.955083,-27.62473],[152.95511,-27.62474],[152.955134,-27.624756],[152.955155,-27.624776],[152.95517,-27.624799],[152.955179,-27.624824],[152.955182,-27.624851],[152.955181,-27.62486],[152.955612,-27.624892],[152.95715,-27.625125],[152.957189,-27.625131],[152.957189,-27.625131],[152.957467,-27.625173],[152.957857,-27.625214],[152.957864,-27.625181],[152.957889,-27.625151],[152.957906,-27.62514],[152.957927,-27.625132],[152.95797,-27.625129],[152.957988,-27.625132],[152.958008,-27.62514],[152.958025,-27.625151],[152.958039,-27.625165],[152.95805,-27.625181],[152.958056,-27.625199],[152.958059,-27.625221],[152.958743,-27.625242],[152.96029,-27.625296],[152.960402,-27.625288],[152.960402,-27.625288],[152.960541,-27.625278],[152.960656,-27.625286],[152.960793,-27.625311],[152.961106,-27.625375],[152.961338,-27.625437],[152.961635,-27.625535],[152.961656,-27.625527],[152.96169,-27.625521],[152.961713,-27.625521],[152.961742,-27.625527],[152.961768,-27.625537],[152.961797,-27.625558],[152.961811,-27.625571],[152.961825,-27.625593],[152.961834,-27.625618],[152.961836,-27.625637],[152.961937,-27.625715],[152.962085,-27.625819],[152.962393,-27.626039],[152.96265,-27.626264],[152.962768,-27.626367],[152.963249,-27.626823],[152.963483,-27.627039],[152.963483,-27.627039],[152.963544,-27.627095],[152.963788,-27.62732],[152.964109,-27.627528],[152.964344,-27.627639],[152.964355,-27.627623],[152.964376,-27.627602],[152.964402,-27.627585],[152.964431,-27.627574],[152.964462,-27.627568],[152.964494,-27.627568],[152.964525,-27.627574],[152.964554,-27.627585],[152.96458,-27.627602],[152.964601,-27.627623],[152.964617,-27.627647],[152.964627,-27.627674],[152.96463,-27.627702],[152.964627,-27.62773],[152.96462,-27.627748],[152.964886,-27.627834],[152.965212,-27.627873],[152.965624,-27.627904],[152.966167,-27.627878],[152.966167,-27.627878],[152.966439,-27.627866],[152.967097,-27.627776],[152.967095,-27.627755],[152.967098,-27.627727],[152.967107,-27.627701],[152.967123,-27.627677],[152.967144,-27.627656],[152.96717,-27.627639],[152.967198,-27.627628],[152.967229,-27.627622],[152.967257,-27.627622],[152.967292,-27.627628],[152.96732,-27.627639],[152.967346,-27.627656],[152.967368,-27.627679],[152.968338,-27.627518],[152.968338,-27.627518],[152.968918,-27.627423],[152.968928,-27.627398],[152.968943,-27.627375],[152.968962,-27.627355],[152.968987,-27.627339],[152.969014,-27.627329],[152.969032,-27.627325],[152.969043,-27.627323],[152.969073,-27.627323],[152.969102,-27.627329],[152.969129,-27.627339],[152.969154,-27.627355],[152.96916,-27.627361],[152.969247,-27.62733],[152.969461,-27.627275],[152.96963,-27.62724],[152.970317,-27.627115],[152.970824,-27.626978],[152.970974,-27.626926],[152.97114,-27.627196],[152.971462,-27.627544],[152.97158,-27.627656],[152.971709,-27.627786],[152.97198,-27.627997],[152.972171,-27.628128],[152.972492,-27.628317],[152.972791,-27.628459],[152.973083,-27.628574],[152.973384,-27.628656],[152.973616,-27.628715],[152.973884,-27.628765],[152.974022,-27.628783],[152.974022,-27.628783],[152.974123,-27.628795],[152.974306,-27.628808],[152.974519,-27.628814],[152.974935,-27.628816],[152.974996,-27.628809],[152.975002,-27.628793],[152.975016,-27.628771],[152.975034,-27.628753],[152.975057,-27.628738],[152.975074,-27.62873],[152.97511,-27.628723],[152.975138,-27.628723],[152.975165,-27.628728],[152.975191,-27.628738],[152.975211,-27.628751],[152.975232,-27.628771],[152.975246,-27.628793],[152.975255,-27.628816],[152.975258,-27.628841],[152.975254,-27.628868],[152.975246,-27.628889],[152.975232,-27.628911],[152.975214,-27.628929],[152.975191,-27.628944],[152.97518,-27.628948],[152.975166,-27.628954],[152.975138,-27.628959],[152.97511,-27.628959],[152.975095,-27.628956],[152.975083,-27.628954],[152.975057,-27.628944],[152.975034,-27.628929],[152.975016,-27.628911],[152.975012,-27.628905],[152.974565,-27.628933],[152.974263,-27.628933],[152.974013,-27.628914],[152.973674,-27.628858],[152.973089,-27.628698],[152.972863,-27.628612],[152.972592,-27.628503],[152.972351,-27.628383],[152.972146,-27.628276],[152.971965,-27.628156],[152.971724,-27.627975],[152.971435,-27.627721],[152.970982,-27.627229],[152.970824,-27.626978],[152.97059,-27.626511],[152.970412,-27.625924],[152.970245,-27.624975],[152.970007,-27.623962],[152.969936,-27.623727]]}},{"type":"Feature","properties":{"route":"100","name":"Forest Lake/Inala - City","category":"high_bus","route_type":"3","shape_id":"1000060"},"geometry":{"type":"LineString","coordinates":[[152.969936,-27.623727],[152.96988,-27.623545],[152.969737,-27.623196],[152.969492,-27.622804],[152.969457,-27.622804],[152.969423,-27.622798],[152.969391,-27.622785],[152.969363,-27.622767],[152.96934,-27.622744],[152.969335,-27.622736],[152.969322,-27.622718],[152.969312,-27.622689],[152.969308,-27.622658],[152.969312,-27.622627],[152.969322,-27.622598],[152.96933,-27.622586],[152.96934,-27.622571],[152.969363,-27.622549],[152.969391,-27.622531],[152.969423,-27.622518],[152.969463,-27.622512],[152.969491,-27.622512],[152.969525,-27.622518],[152.96955,-27.622528],[152.969557,-27.622531],[152.969585,-27.622549],[152.969608,-27.622572],[152.969626,-27.622598],[152.969637,-27.622633],[152.96964,-27.622658],[152.969636,-27.622689],[152.969626,-27.622718],[152.969621,-27.622725],[152.969882,-27.623131],[152.970033,-27.623498],[152.970164,-27.623926],[152.970214,-27.624143],[152.970214,-27.624143],[152.970403,-27.624946],[152.970582,-27.625953],[152.970741,-27.626458],[152.970974,-27.626926],[152.97114,-27.627196],[152.971462,-27.627544],[152.97158,-27.627656],[152.971709,-27.627786],[152.97198,-27.627997],[152.972171,-27.628128],[152.972492,-27.628317],[152.972791,-27.628459],[152.973083,-27.628574],[152.973384,-27.628656],[152.973616,-27.628715],[152.973884,-27.628765],[152.974022,-27.628783],[152.974022,-27.628783],[152.974123,-27.628795],[152.974306,-27.628808],[152.974519,-27.628814],[152.974935,-27.628816],[152.974996,-27.628809],[152.975002,-27.628793],[152.975016,-27.628771],[152.975034,-27.628753],[152.975057,-27.628738],[152.975074,-27.62873],[152.97511,-27.628723],[152.975138,-27.628723],[152.975165,-27.628728],[152.975191,-27.628738],[152.975211,-27.628751],[152.975232,-27.628771],[152.975246,-27.628793],[152.975255,-27.628816],[152.975258,-27.628841],[152.975254,-27.628868],[152.975246,-27.628889],[152.975232,-27.628911],[152.975214,-27.628929],[152.975191,-27.628944],[152.97518,-27.628948],[152.975166,-27.628954],[152.975138,-27.628959],[152.97511,-27.628959],[152.975095,-27.628956],[152.975083,-27.628954],[152.975057,-27.628944],[152.975034,-27.628929],[152.975016,-27.628911],[152.975012,-27.628905],[152.974565,-27.628933],[152.974263,-27.628933],[152.974013,-27.628914],[152.973674,-27.628858],[152.973089,-27.628698],[152.972863,-27.628612],[152.972592,-27.628503],[152.972351,-27.628383],[152.972146,-27.628276],[152.971965,-27.628156],[152.971724,-27.627975],[152.971435,-27.627721],[152.970982,-27.627229],[152.970231,-27.627331],[152.969821,-27.627401],[152.969821,-27.627401],[152.9693,-27.627491],[152.969186,-27.627503],[152.969173,-27.627523],[152.969154,-27.627543],[152.969129,-27.627559],[152.969103,-27.627569],[152.96909,-27.627571],[152.969073,-27.627575],[152.969043,-27.627575],[152.969014,-27.627569],[152.968987,-27.627559],[152.968965,-27.627545],[152.968831,-27.627581],[152.967371,-27.627827],[152.967367,-27.627833],[152.967346,-27.627854],[152.967321,-27.627871],[152.967292,-27.627882],[152.967261,-27.627888],[152.967229,-27.627888],[152.967198,-27.627882],[152.967171,-27.627871],[152.967144,-27.627854],[152.967123,-27.627833],[152.967107,-27.627809],[152.967097,-27.627776],[152.966439,-27.627866],[152.965804,-27.627895],[152.965804,-27.627895],[152.965624,-27.627904],[152.965212,-27.627873],[152.964886,-27.627834],[152.96462,-27.627748],[152.964617,-27.627757],[152.964601,-27.627781],[152.96458,-27.627802],[152.964554,-27.627819],[152.964525,-27.62783],[152.964494,-27.627836],[152.964462,-27.627836],[152.964431,-27.62783],[152.964421,-27.627826],[152.964402,-27.627819],[152.964376,-27.627802],[152.964355,-27.627781],[152.96434,-27.627757],[152.964329,-27.62773],[152.964326,-27.627702],[152.964329,-27.627674],[152.964344,-27.627639],[152.964109,-27.627528],[152.963788,-27.62732],[152.963544,-27.627095],[152.963496,-27.627051],[152.963496,-27.627051],[152.963249,-27.626823],[152.962768,-27.626367],[152.96265,-27.626264],[152.962393,-27.626039],[152.962085,-27.625819],[152.961912,-27.625787],[152.96178,-27.625741],[152.961768,-27.625749],[152.961742,-27.625759],[152.961713,-27.625765],[152.961706,-27.625765],[152.961685,-27.625765],[152.961656,-27.625759],[152.96163,-27.625749],[152.961607,-27.625734],[152.961593,-27.625721],[152.961587,-27.625715],[152.961573,-27.625693],[152.961564,-27.625668],[152.961561,-27.625643],[152.961563,-27.625626],[152.961324,-27.625522],[152.960964,-27.625408],[152.960653,-27.625336],[152.96029,-27.625296],[152.960157,-27.625291],[152.960157,-27.625291],[152.958743,-27.625242],[152.958059,-27.625221],[152.958056,-27.625237],[152.95805,-27.625255],[152.958039,-27.625271],[152.958025,-27.625285],[152.958009,-27.625296],[152.957988,-27.625304],[152.957968,-27.625307],[152.95794,-27.625306],[152.957926,-27.625304],[152.957906,-27.625296],[152.957889,-27.625285],[152.957875,-27.62527],[152.957864,-27.625255],[152.957859,-27.625237],[152.957856,-27.625218],[152.957857,-27.625214],[152.957467,-27.625173],[152.957262,-27.625142],[152.957262,-27.625142],[152.95715,-27.625125],[152.955612,-27.624892],[152.955181,-27.62486],[152.955179,-27.624878],[152.95517,-27.624903],[152.955155,-27.624926],[152.955134,-27.624946],[152.95511,-27.624962],[152.955083,-27.624972],[152.955053,-27.624978],[152.955023,-27.624978],[152.955006,-27.624975],[152.954966,-27.624962],[152.954942,-27.624946],[152.954921,-27.624926],[152.954906,-27.624903],[152.954897,-27.624878],[152.954894,-27.624851],[152.954897,-27.624827],[152.954906,-27.624799],[152.954921,-27.624776],[152.954942,-27.624756],[152.954966,-27.62474],[152.954993,-27.62473],[152.955023,-27.624724],[152.955053,-27.624724],[152.955066,-27.624727],[152.955337,-27.623325],[152.955587,-27.622163],[152.955637,-27.621916],[152.956089,-27.619695],[152.9573,-27.619878],[152.9573,-27.619878],[152.958201,-27.620014],[152.958468,-27.620014],[152.958678,-27.620018],[152.958943,-27.619986],[152.959156,-27.619944],[152.959237,-27.619921],[152.959237,-27.619921],[152.959381,-27.619882],[152.959827,-27.619723],[152.96037,-27.619385],[152.960767,-27.619158],[152.961036,-27.619042],[152.961317,-27.618947],[152.961684,-27.618857],[152.961934,-27.618826],[152.961934,-27.618826],[152.962489,-27.618757],[152.962488,-27.618745],[152.96249,-27.618726],[152.962496,-27.618708],[152.962507,-27.618692],[152.962521,-27.618678],[152.962538,-27.618667],[152.962558,-27.618659],[152.962576,-27.618656],[152.962621,-27.618659],[152.96264,-27.618667],[152.962657,-27.618678],[152.962682,-27.618708],[152.962689,-27.618735],[152.963482,-27.618662],[152.963885,-27.618624],[152.964286,-27.618575],[152.964787,-27.618483],[152.965195,-27.618402],[152.965204,-27.618377],[152.965224,-27.618346],[152.965251,-27.61832],[152.965269,-27.618308],[152.965205,-27.617869],[152.965182,-27.617708],[152.965182,-27.617708],[152.965083,-27.617036],[152.96499,-27.616338],[152.96483,-27.614674],[152.964963,-27.614621],[152.965215,-27.614589],[152.965685,-27.614516],[152.965776,-27.614516],[152.966926,-27.614319],[152.967899,-27.614063],[152.968327,-27.613924],[152.968327,-27.613924],[152.96836,-27.613913],[152.968851,-27.613657],[152.96971,-27.613153],[152.969995,-27.612963],[152.971109,-27.612175],[152.971561,-27.611863],[152.971764,-27.611764],[152.971958,-27.611688],[152.972026,-27.611667],[152.972019,-27.611648],[152.972016,-27.611622],[152.972019,-27.611596],[152.972028,-27.611571],[152.972043,-27.611548],[152.972063,-27.611529],[152.972087,-27.611514],[152.972099,-27.611508],[152.971783,-27.610933],[152.971752,-27.610874],[152.971752,-27.610874],[152.971573,-27.610521],[152.971472,-27.610231],[152.971456,-27.610234],[152.971429,-27.610234],[152.971403,-27.610229],[152.97138,-27.61022],[152.971358,-27.610206],[152.971341,-27.610189],[152.971328,-27.610169],[152.97132,-27.610145],[152.971317,-27.610123],[152.97132,-27.610101],[152.971328,-27.610079],[152.971341,-27.610059],[152.971358,-27.610042],[152.97138,-27.610028],[152.971403,-27.610019],[152.971417,-27.610016],[152.971407,-27.609941],[152.97142,-27.609673],[152.971461,-27.609372],[152.971535,-27.608893],[152.971614,-27.608552],[152.971817,-27.607513],[152.971814,-27.607367],[152.971795,-27.607161],[152.971719,-27.606772],[152.971577,-27.606151],[152.971536,-27.606007],[152.971536,-27.606007],[152.971406,-27.605549],[152.971307,-27.605123],[152.971352,-27.604966],[152.971523,-27.604586],[152.971867,-27.603724],[152.97215,-27.603017],[152.972385,-27.602439],[152.972385,-27.602439],[152.97254,-27.602059],[152.972984,-27.60086],[152.973034,-27.600729],[152.974256,-27.601183],[152.974854,-27.599719],[152.974682,-27.59966],[152.974675,-27.599595],[152.97483,-27.599218],[152.974928,-27.598978],[152.974928,-27.598978],[152.97504,-27.598708],[152.97508,-27.598684],[152.975255,-27.598735],[152.975658,-27.597743],[152.974864,-27.597479],[152.974724,-27.597385],[152.974555,-27.597315],[152.974479,-27.597257],[152.974435,-27.597157],[152.974482,-27.596993],[152.974628,-27.596609],[152.974628,-27.596609],[152.975096,-27.595376],[152.975312,-27.594822],[152.975312,-27.594822],[152.975595,-27.594098],[152.9762,-27.592545],[152.9762,-27.592545],[152.976351,-27.592159],[152.976711,-27.591235],[152.976793,-27.590923],[152.976819,-27.590677],[152.976809,-27.590371],[152.976966,-27.590372],[152.97729,-27.59037],[152.97749,-27.590465],[152.977634,-27.590704],[152.977772,-27.590961],[152.977789,-27.590982],[152.977789,-27.590982],[152.97851,-27.591838],[152.978822,-27.592079],[152.979143,-27.592187],[152.980414,-27.592508],[152.980579,-27.592491],[152.980933,-27.592297],[152.981429,-27.592003],[152.981429,-27.592003],[152.981949,-27.591694],[152.981962,-27.591656],[152.98195,-27.591609],[152.981914,-27.591509],[152.981731,-27.591247],[152.981455,-27.590821],[152.981455,-27.590821],[152.981295,-27.590471],[152.981019,-27.589328],[152.980899,-27.588855],[152.980906,-27.588593],[152.980906,-27.588593],[152.980913,-27.588271],[152.980944,-27.587841],[152.980739,-27.586898],[152.980568,-27.586221],[152.982073,-27.585932],[152.98264,-27.585823],[152.98264,-27.585823],[152.982947,-27.585765],[152.983395,-27.585677],[152.984511,-27.585463],[152.984362,-27.58487],[152.984362,-27.58487],[152.983904,-27.583044],[152.983832,-27.582745],[152.983832,-27.582745],[152.983622,-27.581885],[152.983335,-27.580773],[152.983119,-27.579892],[152.983005,-27.579463],[152.983005,-27.579463],[152.982902,-27.579072],[152.982693,-27.578207],[152.982279,-27.57653],[152.982176,-27.576102],[152.982176,-27.576102],[152.9819,-27.574948],[152.981599,-27.573731],[152.981599,-27.573731],[152.981466,-27.573198],[152.981164,-27.57197],[152.980874,-27.571023],[152.980289,-27.568796],[152.980258,-27.568663],[152.980207,-27.568467],[152.980109,-27.567952],[152.980109,-27.567952],[152.980039,-27.567582],[152.980011,-27.567421],[152.980011,-27.56716],[152.980021,-27.567002],[152.980011,-27.566755],[152.979932,-27.566565],[152.979896,-27.566527],[152.979869,-27.566492],[152.979847,-27.566454],[152.979773,-27.566181],[152.979773,-27.566121],[152.979784,-27.566068],[152.979828,-27.566019],[152.979854,-27.565999],[152.979889,-27.565982],[152.979969,-27.565969],[152.980003,-27.565966],[152.980044,-27.565975],[152.980184,-27.566006],[152.980267,-27.566013],[152.980352,-27.566009],[152.980534,-27.565994],[152.980753,-27.565962],[152.981919,-27.565726],[152.98256,-27.565592],[152.98467,-27.56527],[152.986195,-27.564959],[152.98695,-27.564798],[152.987582,-27.564663],[152.988063,-27.56456],[152.989276,-27.564184],[152.990308,-27.563812],[152.991491,-27.563306],[152.994054,-27.562054],[152.994725,-27.561719],[152.995844,-27.561147],[152.996597,-27.560781],[152.996902,-27.560645],[152.997723,-27.560299],[152.99899,-27.559877],[152.99992,-27.559604],[153.002135,-27.559026],[153.002657,-27.558839],[153.004503,-27.558176],[153.005711,-27.557659],[153.005956,-27.55748],[153.006276,-27.557283],[153.006608,-27.55707],[153.00688,-27.556868],[153.007146,-27.556637],[153.007358,-27.556415],[153.007505,-27.556256],[153.007636,-27.556101],[153.007755,-27.556],[153.007859,-27.555894],[153.007962,-27.555745],[153.008065,-27.555566],[153.008201,-27.555373],[153.008457,-27.554915],[153.00862,-27.554573],[153.00875,-27.554284],[153.008957,-27.553696],[153.009104,-27.553079],[153.009185,-27.552524],[153.009234,-27.551902],[153.009278,-27.551155],[153.009343,-27.550702],[153.009441,-27.549477],[153.009886,-27.547314],[153.010044,-27.546459],[153.010133,-27.546036],[153.010449,-27.545208],[153.01084,-27.544475],[153.011206,-27.544013],[153.011759,-27.54337],[153.012189,-27.542797],[153.01255,-27.542277],[153.012812,-27.541731],[153.013029,-27.541127],[153.013489,-27.539334],[153.013786,-27.537885],[153.0142,-27.535918],[153.014243,-27.535841],[153.014633,-27.535161],[153.01494,-27.534688],[153.015149,-27.534345],[153.015154,-27.534338],[153.015154,-27.534338],[153.016219,-27.532867],[153.016834,-27.532091],[153.017245,-27.531529],[153.017245,-27.531529],[153.017392,-27.531327],[153.018034,-27.530555],[153.018719,-27.529734],[153.019383,-27.528955],[153.020191,-27.528035],[153.02123,-27.526787],[153.02267,-27.52521],[153.022924,-27.524942],[153.023438,-27.524368],[153.023924,-27.523775],[153.024057,-27.523627],[153.02431,-27.523349],[153.02431,-27.523349],[153.02471,-27.522909],[153.025485,-27.522054],[153.026268,-27.521174],[153.02827,-27.519016],[153.028907,-27.518476],[153.02918,-27.518266],[153.029317,-27.51816],[153.029493,-27.517834],[153.029695,-27.517329],[153.029802,-27.517055],[153.029901,-27.516639],[153.029901,-27.516639],[153.02997,-27.516353],[153.030205,-27.515712],[153.030382,-27.51523],[153.030855,-27.513882],[153.031102,-27.513239],[153.031346,-27.512616],[153.031414,-27.512444],[153.031785,-27.511589],[153.032027,-27.511036],[153.032027,-27.511036],[153.032165,-27.510721],[153.032518,-27.510127],[153.032704,-27.509848],[153.032873,-27.509597],[153.033785,-27.508074],[153.03404,-27.507624],[153.034186,-27.507283],[153.034242,-27.507147],[153.034378,-27.506798],[153.034378,-27.506798],[153.034489,-27.506513],[153.03456,-27.506308],[153.034574,-27.506217],[153.034572,-27.506109],[153.034525,-27.505888],[153.034398,-27.505232],[153.03428,-27.504587],[153.034247,-27.503851],[153.034215,-27.503403],[153.034267,-27.503136],[153.03439,-27.502442],[153.034408,-27.502373],[153.034452,-27.50225],[153.034723,-27.501706],[153.035014,-27.501121],[153.035054,-27.501022],[153.035298,-27.499967],[153.035405,-27.49949],[153.03547,-27.499199],[153.035471,-27.499003],[153.035471,-27.499003],[153.035472,-27.498934],[153.035445,-27.498757],[153.035337,-27.498256],[153.035067,-27.497208],[153.035006,-27.497001],[153.034976,-27.496873],[153.034934,-27.496698],[153.034761,-27.49583],[153.034599,-27.495371],[153.034445,-27.494533],[153.034409,-27.494203],[153.034399,-27.49396],[153.034402,-27.49375],[153.034463,-27.493485],[153.034534,-27.493314],[153.034639,-27.493043],[153.034846,-27.49232],[153.035166,-27.49116],[153.035557,-27.489889],[153.035642,-27.489597],[153.035797,-27.489098],[153.035859,-27.488862],[153.035914,-27.488577],[153.03593,-27.488428],[153.0359,-27.486762],[153.035884,-27.486508],[153.035886,-27.486323],[153.035601,-27.486205],[153.035298,-27.486105],[153.035155,-27.486085],[153.034659,-27.486018],[153.034659,-27.486018],[153.034537,-27.486],[153.034455,-27.485989],[153.034112,-27.486012],[153.033985,-27.486024],[153.033855,-27.486017],[153.032981,-27.48589],[153.032752,-27.485833],[153.032609,-27.485794],[153.03256,-27.485628],[153.032463,-27.48549],[153.032367,-27.485375],[153.032242,-27.485261],[153.032027,-27.485159],[153.0318,-27.485074],[153.031463,-27.48497],[153.031078,-27.48488],[153.030593,-27.484816],[153.028621,-27.484517],[153.028229,-27.484443],[153.028229,-27.484443],[153.02817,-27.484432],[153.027998,-27.484396],[153.027855,-27.484345],[153.02719,-27.483752],[153.02683,-27.483415],[153.026479,-27.483209],[153.024295,-27.48279],[153.023935,-27.482694],[153.023665,-27.482614],[153.02336,-27.48247],[153.023018,-27.482277],[153.022797,-27.482127],[153.022645,-27.481933],[153.02249,-27.481651],[153.022425,-27.481495],[153.022385,-27.481401],[153.022222,-27.481161],[153.021896,-27.480687],[153.021896,-27.480687],[153.021892,-27.480681],[153.021817,-27.480572],[153.021325,-27.479719],[153.021272,-27.479626],[153.02108,-27.479342],[153.020391,-27.478318],[153.020223,-27.477989],[153.020076,-27.4777],[153.019975,-27.477558],[153.01906,-27.476268],[153.018768,-27.475857],[153.01843,-27.475382],[153.01797,-27.474792],[153.017755,-27.474482],[153.017709,-27.474403],[153.017705,-27.474358],[153.017709,-27.474317],[153.017743,-27.474261],[153.018187,-27.474007],[153.018267,-27.473948],[153.018618,-27.473688],[153.019442,-27.473244],[153.019442,-27.473244],[153.019464,-27.473232],[153.019898,-27.472972],[153.020147,-27.472834],[153.022404,-27.47166],[153.022574,-27.471633],[153.022656,-27.471595],[153.022706,-27.471565],[153.022868,-27.471515],[153.023684,-27.4709],[153.023868,-27.470761]]}},{"type":"Feature","properties":{"route":"120","name":"Garden City - City via Tarragindi","category":"high_bus","route_type":"3","shape_id":"1200017"},"geometry":{"type":"LineString","coordinates":[[153.025132,-27.470294],[153.024442,-27.470328],[153.023684,-27.4709],[153.022868,-27.471515],[153.022706,-27.471565],[153.022656,-27.471595],[153.022574,-27.471633],[153.022404,-27.47166],[153.020147,-27.472834],[153.019898,-27.472972],[153.019464,-27.473232],[153.019122,-27.473417],[153.019122,-27.473417],[153.018618,-27.473688],[153.018267,-27.473948],[153.018187,-27.474007],[153.017743,-27.474261],[153.017709,-27.474317],[153.017705,-27.474358],[153.017709,-27.474403],[153.017755,-27.474482],[153.01797,-27.474792],[153.01843,-27.475382],[153.018768,-27.475857],[153.01906,-27.476268],[153.019975,-27.477558],[153.020076,-27.4777],[153.020223,-27.477989],[153.020391,-27.478318],[153.02108,-27.479342],[153.021272,-27.479626],[153.021325,-27.479719],[153.021817,-27.480572],[153.021892,-27.480681],[153.022149,-27.481056],[153.022149,-27.481056],[153.022222,-27.481161],[153.022385,-27.481401],[153.022425,-27.481495],[153.02249,-27.481651],[153.022645,-27.481933],[153.022797,-27.482127],[153.023018,-27.482277],[153.02336,-27.48247],[153.023665,-27.482614],[153.023935,-27.482694],[153.024295,-27.48279],[153.026479,-27.483209],[153.02683,-27.483415],[153.02719,-27.483752],[153.027855,-27.484345],[153.027998,-27.484396],[153.02817,-27.484432],[153.028378,-27.484472],[153.028378,-27.484472],[153.028621,-27.484517],[153.030593,-27.484816],[153.031078,-27.48488],[153.031463,-27.48497],[153.0318,-27.485074],[153.032027,-27.485159],[153.032242,-27.485261],[153.032367,-27.485375],[153.032463,-27.48549],[153.03256,-27.485628],[153.032609,-27.485794],[153.032557,-27.486273],[153.032546,-27.486607],[153.032597,-27.48695],[153.032772,-27.487412],[153.032933,-27.487815],[153.033019,-27.488061],[153.033118,-27.488409],[153.033296,-27.489308],[153.033557,-27.490279],[153.033813,-27.490948],[153.034023,-27.491343],[153.034355,-27.491771],[153.034413,-27.491846],[153.034814,-27.492219],[153.035378,-27.49266],[153.035906,-27.49306],[153.036094,-27.493206],[153.036466,-27.493565],[153.037273,-27.494506],[153.037925,-27.49535],[153.038361,-27.49597],[153.039215,-27.496956],[153.039277,-27.497026],[153.039468,-27.497249],[153.039468,-27.497249],[153.039502,-27.497287],[153.039534,-27.497324],[153.039736,-27.497545],[153.039898,-27.497872],[153.040124,-27.498508],[153.040175,-27.498822],[153.040226,-27.499246],[153.040276,-27.499744],[153.040324,-27.499823],[153.040356,-27.500057],[153.040388,-27.500473],[153.040364,-27.500975],[153.040234,-27.501561],[153.040248,-27.501656],[153.040287,-27.501736],[153.040416,-27.501864],[153.041125,-27.501964],[153.040705,-27.504346],[153.040491,-27.50551],[153.040491,-27.50551],[153.040202,-27.507073],[153.039947,-27.508402],[153.039891,-27.508764],[153.03872,-27.510241],[153.038461,-27.510768],[153.038407,-27.510931],[153.038326,-27.51129],[153.038248,-27.511592],[153.038233,-27.511634],[153.03795,-27.513186],[153.037972,-27.513309],[153.037998,-27.513308],[153.03802,-27.513313],[153.03804,-27.513321],[153.038058,-27.513332],[153.038073,-27.513347],[153.038084,-27.513364],[153.038091,-27.513382],[153.038093,-27.513402],[153.038091,-27.513422],[153.038082,-27.513443],[153.038255,-27.513521],[153.038483,-27.513553],[153.038924,-27.513639],[153.03891,-27.51413],[153.038902,-27.514819],[153.038902,-27.514819],[153.038899,-27.515081],[153.038648,-27.515817],[153.039555,-27.515968],[153.040459,-27.516132],[153.041315,-27.516446],[153.041881,-27.516667],[153.042616,-27.517182],[153.043572,-27.517448],[153.044261,-27.517635],[153.044558,-27.517715],[153.04478,-27.51777],[153.04478,-27.51777],[153.045325,-27.517905],[153.045553,-27.517969],[153.046529,-27.518225],[153.047151,-27.518385],[153.047306,-27.518473],[153.047365,-27.518544],[153.047455,-27.518748],[153.047398,-27.519044],[153.047008,-27.521107],[153.046679,-27.522828],[153.046679,-27.522828],[153.046649,-27.522988],[153.046398,-27.524229],[153.046065,-27.525998],[153.045949,-27.526621],[153.045949,-27.526621],[153.045792,-27.527459],[153.04567,-27.528116],[153.045513,-27.528957],[153.045348,-27.529854],[153.045174,-27.530767],[153.045088,-27.531225],[153.045088,-27.531225],[153.045005,-27.531663],[153.044927,-27.532495],[153.044616,-27.533721],[153.044497,-27.534344],[153.044234,-27.535865],[153.043365,-27.53656],[153.042615,-27.536712],[153.042575,-27.536709],[153.040838,-27.536598],[153.040359,-27.536805],[153.039964,-27.537206],[153.03937,-27.538293],[153.039156,-27.539073],[153.039714,-27.541117],[153.039774,-27.541576],[153.039787,-27.541717],[153.03979,-27.541973],[153.039771,-27.542162],[153.039686,-27.542628],[153.03965,-27.54309],[153.039621,-27.543366],[153.039564,-27.543769],[153.039507,-27.544028],[153.039427,-27.544403],[153.039427,-27.544403],[153.039176,-27.545564],[153.039129,-27.545902],[153.039157,-27.546023],[153.039176,-27.546243],[153.039265,-27.546565],[153.039418,-27.546841],[153.039762,-27.547401],[153.040193,-27.548103],[153.040232,-27.548312],[153.040724,-27.549109],[153.040724,-27.549109],[153.041597,-27.550526],[153.041812,-27.551004],[153.041779,-27.551376],[153.041416,-27.553138],[153.041289,-27.553902],[153.041221,-27.554182],[153.041029,-27.555184],[153.041029,-27.555184],[153.04089,-27.555909],[153.04064,-27.557257],[153.040537,-27.557884],[153.040348,-27.558825],[153.040332,-27.558939],[153.040215,-27.559649],[153.040071,-27.560386],[153.040071,-27.560386],[153.040041,-27.560544],[153.039958,-27.560832],[153.039868,-27.561437],[153.039699,-27.562328],[153.039675,-27.562434],[153.039526,-27.563231],[153.041739,-27.563555],[153.042143,-27.563631],[153.043348,-27.563826],[153.043348,-27.563826],[153.043942,-27.563922],[153.04589,-27.564226],[153.04656,-27.56433],[153.048607,-27.564651],[153.049573,-27.564772],[153.049611,-27.564619],[153.049656,-27.564368],[153.049656,-27.564368],[153.049755,-27.563821],[153.049921,-27.562926],[153.050089,-27.56203],[153.050262,-27.561093],[153.05033,-27.560675],[153.050403,-27.560289],[153.050468,-27.55993],[153.050468,-27.55993],[153.050502,-27.559744],[153.050693,-27.558757],[153.050713,-27.558658],[153.050773,-27.558506],[153.051022,-27.558394],[153.051138,-27.558365],[153.051827,-27.557912],[153.052326,-27.557655],[153.052606,-27.557387],[153.052761,-27.55701],[153.052778,-27.556797],[153.05274,-27.556618],[153.052652,-27.55635],[153.05243,-27.55607],[153.052045,-27.555794],[153.051544,-27.555518],[153.051131,-27.555224],[153.05068,-27.554735],[153.050407,-27.55431],[153.049804,-27.553355],[153.049737,-27.553064],[153.049768,-27.552793],[153.049929,-27.552541],[153.049913,-27.552523],[153.049899,-27.552498],[153.049893,-27.552469],[153.049893,-27.552455],[153.049899,-27.552428],[153.049911,-27.552405],[153.049918,-27.552395],[153.049927,-27.552386],[153.049938,-27.552376],[153.049966,-27.552361],[153.050004,-27.552351],[153.050039,-27.552351],[153.050054,-27.552354],[153.050084,-27.552365],[153.050099,-27.552374],[153.050121,-27.552393],[153.050136,-27.552414],[153.050146,-27.552438],[153.050148,-27.552453],[153.050147,-27.552478],[153.050144,-27.552492],[153.050131,-27.55252],[153.050122,-27.552531],[153.050099,-27.552552],[153.050491,-27.552844],[153.050879,-27.553158],[153.051702,-27.553876],[153.052244,-27.554152],[153.052816,-27.554347],[153.053391,-27.554471],[153.053987,-27.554518],[153.054372,-27.554494],[153.054453,-27.554476],[153.054453,-27.554476],[153.054639,-27.554436],[153.054784,-27.554403],[153.055067,-27.554325],[153.055319,-27.554236],[153.055464,-27.554168],[153.055459,-27.55416],[153.055449,-27.554135],[153.055446,-27.554109],[153.055449,-27.554083],[153.055457,-27.55406],[153.055473,-27.554035],[153.055493,-27.554016],[153.055516,-27.554001],[153.055544,-27.55399],[153.055572,-27.553985],[153.055602,-27.553985],[153.055631,-27.55399],[153.055658,-27.554001],[153.055681,-27.554016],[153.055702,-27.554035],[153.055711,-27.55405],[153.056108,-27.553836],[153.05649,-27.553518],[153.056779,-27.553147],[153.056985,-27.552849],[153.056997,-27.55268],[153.057221,-27.552232],[153.057322,-27.551977],[153.057433,-27.551682],[153.057709,-27.550761],[153.057681,-27.550756],[153.057666,-27.550751],[153.057644,-27.550737],[153.057627,-27.55072],[153.057621,-27.55071],[153.057612,-27.550688],[153.057611,-27.550666],[153.057614,-27.55065],[153.057622,-27.55063],[153.057631,-27.550618],[153.057655,-27.550598],[153.057673,-27.55059],[153.05769,-27.550585],[153.057708,-27.550583],[153.057728,-27.550584],[153.057762,-27.550594],[153.057776,-27.550602],[153.057789,-27.550614],[153.057801,-27.550626],[153.057806,-27.550638],[153.057976,-27.550565],[153.058259,-27.550485],[153.058668,-27.550444],[153.059367,-27.550419],[153.060443,-27.550405],[153.061903,-27.550647],[153.062974,-27.550889],[153.06298,-27.550872],[153.062993,-27.550852],[153.06301,-27.550836],[153.063031,-27.550822],[153.063054,-27.550813],[153.063079,-27.550808],[153.063109,-27.550809],[153.063131,-27.550813],[153.063153,-27.550822],[153.063174,-27.550836],[153.063191,-27.550852],[153.063204,-27.550872],[153.063211,-27.550893],[153.063214,-27.550916],[153.063212,-27.550933],[153.063538,-27.550981],[153.063786,-27.550981],[153.064148,-27.550924],[153.064395,-27.550839],[153.064709,-27.550711],[153.064719,-27.550706],[153.064719,-27.550706],[153.064992,-27.550591],[153.065918,-27.55027],[153.066424,-27.550065],[153.066645,-27.549981],[153.066886,-27.549942],[153.067076,-27.549933],[153.067494,-27.550022],[153.067769,-27.550112],[153.068015,-27.550245],[153.068236,-27.550459],[153.068388,-27.550681],[153.068505,-27.550862],[153.068669,-27.551048],[153.068881,-27.551266],[153.068993,-27.551354],[153.06908,-27.551377],[153.070355,-27.551562],[153.071768,-27.551778],[153.072298,-27.551857],[153.072298,-27.551857],[153.072962,-27.551956],[153.077097,-27.552547],[153.077335,-27.552589],[153.077335,-27.552589],[153.077707,-27.552653],[153.078614,-27.552754],[153.078842,-27.552749],[153.079395,-27.552836],[153.079745,-27.55289],[153.07988,-27.552914],[153.079888,-27.552997],[153.079968,-27.553848],[153.08003,-27.554716],[153.080095,-27.555529],[153.080161,-27.556364],[153.080201,-27.556903],[153.080201,-27.556903],[153.080246,-27.557496],[153.080296,-27.557847],[153.080989,-27.559473],[153.081094,-27.559663],[153.081215,-27.559847],[153.081284,-27.559929],[153.081135,-27.559992],[153.080886,-27.56008],[153.0808,-27.56011],[153.080038,-27.560338],[153.079478,-27.560484],[153.079191,-27.560573],[153.079288,-27.560865],[153.079282,-27.561058],[153.079197,-27.56172],[153.079054,-27.562655],[153.079088,-27.562742],[153.079869,-27.563282],[153.079972,-27.563249],[153.080077,-27.563228],[153.080201,-27.563216],[153.080233,-27.563215]]}},{"type":"Feature","properties":{"route":"120","name":"Garden City - City via Tarragindi","category":"high_bus","route_type":"3","shape_id":"1200018"},"geometry":{"type":"LineString","coordinates":[[153.080962,-27.563558],[153.081366,-27.563812],[153.081374,-27.563858],[153.08134,-27.563926],[153.081329,-27.563949],[153.081261,-27.564065],[153.081192,-27.564184],[153.081108,-27.564136],[153.079869,-27.563282],[153.079088,-27.562742],[153.079054,-27.562655],[153.079197,-27.56172],[153.079282,-27.561058],[153.079288,-27.560865],[153.079191,-27.560573],[153.079155,-27.560474],[153.080001,-27.560242],[153.080715,-27.560025],[153.080802,-27.55995],[153.08087,-27.559836],[153.0809,-27.559757],[153.080924,-27.559641],[153.08064,-27.558976],[153.08064,-27.558976],[153.080235,-27.558028],[153.080157,-27.557807],[153.080132,-27.557598],[153.080022,-27.556371],[153.079973,-27.555797],[153.0799,-27.554714],[153.079828,-27.553876],[153.07975,-27.55298],[153.079174,-27.552879],[153.078813,-27.552818],[153.078614,-27.552754],[153.077822,-27.552666],[153.077822,-27.552666],[153.077707,-27.552653],[153.077097,-27.552547],[153.072962,-27.551956],[153.072363,-27.551867],[153.072363,-27.551867],[153.071768,-27.551778],[153.070355,-27.551562],[153.06908,-27.551377],[153.068993,-27.551354],[153.068881,-27.551266],[153.068669,-27.551048],[153.068505,-27.550862],[153.068388,-27.550681],[153.068236,-27.550459],[153.068015,-27.550245],[153.067769,-27.550112],[153.067494,-27.550022],[153.067076,-27.549933],[153.066886,-27.549942],[153.066645,-27.549981],[153.066424,-27.550065],[153.065918,-27.55027],[153.064992,-27.550591],[153.064709,-27.550711],[153.064641,-27.550739],[153.064641,-27.550739],[153.064395,-27.550839],[153.064148,-27.550924],[153.063786,-27.550981],[153.063538,-27.550981],[153.063212,-27.550933],[153.063204,-27.55096],[153.063191,-27.55098],[153.063174,-27.550996],[153.063153,-27.55101],[153.06313,-27.551019],[153.063105,-27.551024],[153.063079,-27.551024],[153.063067,-27.551022],[153.063054,-27.551019],[153.063031,-27.55101],[153.06301,-27.550996],[153.062993,-27.55098],[153.06298,-27.55096],[153.062973,-27.550939],[153.062971,-27.550916],[153.062974,-27.550889],[153.061903,-27.550647],[153.060443,-27.550405],[153.059367,-27.550419],[153.058668,-27.550444],[153.058259,-27.550485],[153.057976,-27.550565],[153.057806,-27.550638],[153.057811,-27.55065],[153.057813,-27.550662],[153.057813,-27.55068],[153.057808,-27.550702],[153.057795,-27.550724],[153.057775,-27.550742],[153.057761,-27.55075],[153.057736,-27.550758],[153.057709,-27.550761],[153.057433,-27.551682],[153.057322,-27.551977],[153.057221,-27.552232],[153.056997,-27.55268],[153.056985,-27.552849],[153.056779,-27.553147],[153.05649,-27.553518],[153.056108,-27.553836],[153.055711,-27.55405],[153.055716,-27.554058],[153.055725,-27.554083],[153.055728,-27.554109],[153.055725,-27.554135],[153.055716,-27.55416],[153.055701,-27.554183],[153.055681,-27.554202],[153.055658,-27.554217],[153.055631,-27.554228],[153.055602,-27.554233],[153.055572,-27.554233],[153.055543,-27.554228],[153.055516,-27.554217],[153.055493,-27.554202],[153.055473,-27.554183],[153.055464,-27.554168],[153.055319,-27.554236],[153.055067,-27.554325],[153.054784,-27.554403],[153.054639,-27.554436],[153.054372,-27.554494],[153.053987,-27.554518],[153.053536,-27.554483],[153.053536,-27.554483],[153.053391,-27.554471],[153.052816,-27.554347],[153.052244,-27.554152],[153.051702,-27.553876],[153.050879,-27.553158],[153.050491,-27.552844],[153.050099,-27.552552],[153.050084,-27.552561],[153.050067,-27.552568],[153.050037,-27.552575],[153.050006,-27.552575],[153.049964,-27.552565],[153.049929,-27.552541],[153.049768,-27.552793],[153.049737,-27.553064],[153.049804,-27.553355],[153.050407,-27.55431],[153.05068,-27.554735],[153.051131,-27.555224],[153.051544,-27.555518],[153.052045,-27.555794],[153.05243,-27.55607],[153.052652,-27.55635],[153.05274,-27.556618],[153.052778,-27.556797],[153.052761,-27.55701],[153.052606,-27.557387],[153.052326,-27.557655],[153.051827,-27.557912],[153.051138,-27.558365],[153.051022,-27.558394],[153.050773,-27.558506],[153.050713,-27.558658],[153.050693,-27.558757],[153.050552,-27.559484],[153.050552,-27.559484],[153.050502,-27.559744],[153.050403,-27.560289],[153.05033,-27.560675],[153.050262,-27.561093],[153.050089,-27.56203],[153.049921,-27.562926],[153.049755,-27.563821],[153.049611,-27.564619],[153.049573,-27.564772],[153.048899,-27.564688],[153.048899,-27.564688],[153.048607,-27.564651],[153.04656,-27.56433],[153.04589,-27.564226],[153.043942,-27.563922],[153.043654,-27.563875],[153.043654,-27.563875],[153.042143,-27.563631],[153.041739,-27.563555],[153.039526,-27.563231],[153.039675,-27.562434],[153.039699,-27.562328],[153.039868,-27.561437],[153.039958,-27.560832],[153.040041,-27.560544],[153.040136,-27.560054],[153.040136,-27.560054],[153.040215,-27.559649],[153.040332,-27.558939],[153.040348,-27.558825],[153.040537,-27.557884],[153.04064,-27.557257],[153.04089,-27.555909],[153.041063,-27.555004],[153.041063,-27.555004],[153.041221,-27.554182],[153.041289,-27.553902],[153.041416,-27.553138],[153.041779,-27.551376],[153.041812,-27.551004],[153.041597,-27.550526],[153.040232,-27.548312],[153.040098,-27.548143],[153.040063,-27.548087],[153.040063,-27.548087],[153.039103,-27.546553],[153.039065,-27.546398],[153.039014,-27.546252],[153.038989,-27.5461],[153.038995,-27.545868],[153.039068,-27.545527],[153.039135,-27.545251],[153.039386,-27.54402],[153.03949,-27.543473],[153.03949,-27.543473],[153.039612,-27.542825],[153.039686,-27.542628],[153.039771,-27.542162],[153.03979,-27.541973],[153.039787,-27.541717],[153.039774,-27.541576],[153.039714,-27.541117],[153.039156,-27.539073],[153.03937,-27.538293],[153.039964,-27.537206],[153.040359,-27.536805],[153.040838,-27.536598],[153.042575,-27.536709],[153.042615,-27.536712],[153.043365,-27.53656],[153.044234,-27.535865],[153.044497,-27.534344],[153.044616,-27.533721],[153.044927,-27.532495],[153.044981,-27.531923],[153.044981,-27.531923],[153.045005,-27.531663],[153.045174,-27.530767],[153.045348,-27.529854],[153.045513,-27.528957],[153.04567,-27.528116],[153.045792,-27.527459],[153.045955,-27.526588],[153.045955,-27.526588],[153.046065,-27.525998],[153.046398,-27.524229],[153.046649,-27.522988],[153.046804,-27.522178],[153.046804,-27.522178],[153.047008,-27.521107],[153.047398,-27.519044],[153.047455,-27.518748],[153.047365,-27.518544],[153.047306,-27.518473],[153.047151,-27.518385],[153.046529,-27.518225],[153.045553,-27.517969],[153.045325,-27.517905],[153.044845,-27.517786],[153.044845,-27.517786],[153.044558,-27.517715],[153.044261,-27.517635],[153.043572,-27.517448],[153.042616,-27.517182],[153.041881,-27.516667],[153.041315,-27.516446],[153.040459,-27.516132],[153.039555,-27.515968],[153.038648,-27.515817],[153.038813,-27.515334],[153.038813,-27.515334],[153.038899,-27.515081],[153.03891,-27.51413],[153.038924,-27.513639],[153.038483,-27.513553],[153.038255,-27.513521],[153.038082,-27.513443],[153.038073,-27.513457],[153.038058,-27.513472],[153.03804,-27.513483],[153.03802,-27.513491],[153.037998,-27.513496],[153.037976,-27.513496],[153.037954,-27.513491],[153.037934,-27.513483],[153.037916,-27.513472],[153.037901,-27.513457],[153.037889,-27.513438],[153.037884,-27.513422],[153.037881,-27.513402],[153.037884,-27.513382],[153.03789,-27.513364],[153.037901,-27.513347],[153.037916,-27.513332],[153.037934,-27.513321],[153.037954,-27.513313],[153.037972,-27.513309],[153.03795,-27.513186],[153.038233,-27.511634],[153.038248,-27.511592],[153.038326,-27.51129],[153.038407,-27.510931],[153.038461,-27.510768],[153.03872,-27.510241],[153.039891,-27.508764],[153.039947,-27.508402],[153.040202,-27.507073],[153.040397,-27.506015],[153.040397,-27.506015],[153.040705,-27.504346],[153.039711,-27.504215],[153.039631,-27.504152],[153.039568,-27.50409],[153.039526,-27.503958],[153.039661,-27.503181],[153.039876,-27.502378],[153.03995,-27.502274],[153.040104,-27.501629],[153.04017,-27.501331],[153.040224,-27.501078],[153.040275,-27.500597],[153.040276,-27.499744],[153.040226,-27.499246],[153.040175,-27.498822],[153.040124,-27.498508],[153.039898,-27.497872],[153.039736,-27.497545],[153.039534,-27.497324],[153.039502,-27.497287],[153.039277,-27.497026],[153.039241,-27.496984],[153.039241,-27.496984],[153.039215,-27.496956],[153.038361,-27.49597],[153.037925,-27.49535],[153.037273,-27.494506],[153.036466,-27.493565],[153.036094,-27.493206],[153.035906,-27.49306],[153.035378,-27.49266],[153.034814,-27.492219],[153.034413,-27.491846],[153.034355,-27.491771],[153.034023,-27.491343],[153.033813,-27.490948],[153.033557,-27.490279],[153.033296,-27.489308],[153.033118,-27.488409],[153.033019,-27.488061],[153.032933,-27.487815],[153.032772,-27.487412],[153.032597,-27.48695],[153.032546,-27.486607],[153.032557,-27.486273],[153.032609,-27.485794],[153.03256,-27.485628],[153.032463,-27.48549],[153.032367,-27.485375],[153.032242,-27.485261],[153.032027,-27.485159],[153.0318,-27.485074],[153.031463,-27.48497],[153.031078,-27.48488],[153.030593,-27.484816],[153.028621,-27.484517],[153.028229,-27.484443],[153.028229,-27.484443],[153.02817,-27.484432],[153.027998,-27.484396],[153.027855,-27.484345],[153.02719,-27.483752],[153.02683,-27.483415],[153.026479,-27.483209],[153.024295,-27.48279],[153.023935,-27.482694],[153.023665,-27.482614],[153.02336,-27.48247],[153.023018,-27.482277],[153.022797,-27.482127],[153.022645,-27.481933],[153.02249,-27.481651],[153.022425,-27.481495],[153.022385,-27.481401],[153.022222,-27.481161],[153.021896,-27.480687],[153.021896,-27.480687],[153.021892,-27.480681],[153.021817,-27.480572],[153.021325,-27.479719],[153.021272,-27.479626],[153.02108,-27.479342],[153.020391,-27.478318],[153.020223,-27.477989],[153.020076,-27.4777],[153.019975,-27.477558],[153.01906,-27.476268],[153.018768,-27.475857],[153.01843,-27.475382],[153.01797,-27.474792],[153.017755,-27.474482],[153.017709,-27.474403],[153.017705,-27.474358],[153.017709,-27.474317],[153.017743,-27.474261],[153.018187,-27.474007],[153.018267,-27.473948],[153.018618,-27.473688],[153.019442,-27.473244],[153.019442,-27.473244],[153.019464,-27.473232],[153.019898,-27.472972],[153.020147,-27.472834],[153.022404,-27.47166],[153.022574,-27.471633],[153.022656,-27.471595],[153.022706,-27.471565],[153.022868,-27.471515],[153.023684,-27.4709],[153.023868,-27.470761]]}},{"type":"Feature","properties":{"route":"130","name":"Parkinson - City","category":"high_bus","route_type":"3","shape_id":"1300043"},"geometry":{"type":"LineString","coordinates":[[153.024628,-27.47051],[153.024442,-27.470328],[153.023684,-27.4709],[153.022868,-27.471515],[153.022706,-27.471565],[153.022656,-27.471595],[153.022574,-27.471633],[153.022404,-27.47166],[153.020147,-27.472834],[153.019898,-27.472972],[153.019464,-27.473232],[153.019122,-27.473417],[153.019122,-27.473417],[153.018618,-27.473688],[153.018267,-27.473948],[153.018187,-27.474007],[153.017743,-27.474261],[153.017709,-27.474317],[153.017705,-27.474358],[153.017709,-27.474403],[153.017755,-27.474482],[153.01797,-27.474792],[153.01843,-27.475382],[153.018768,-27.475857],[153.01906,-27.476268],[153.019975,-27.477558],[153.020076,-27.4777],[153.020223,-27.477989],[153.020391,-27.478318],[153.02108,-27.479342],[153.021272,-27.479626],[153.021325,-27.479719],[153.021817,-27.480572],[153.021892,-27.480681],[153.022149,-27.481056],[153.022149,-27.481056],[153.022222,-27.481161],[153.022385,-27.481401],[153.022425,-27.481495],[153.02249,-27.481651],[153.022645,-27.481933],[153.022797,-27.482127],[153.023018,-27.482277],[153.02336,-27.48247],[153.023665,-27.482614],[153.023935,-27.482694],[153.024295,-27.48279],[153.026479,-27.483209],[153.02683,-27.483415],[153.02719,-27.483752],[153.027855,-27.484345],[153.027998,-27.484396],[153.02817,-27.484432],[153.028378,-27.484472],[153.028378,-27.484472],[153.028621,-27.484517],[153.030593,-27.484816],[153.031078,-27.48488],[153.031463,-27.48497],[153.0318,-27.485074],[153.032027,-27.485159],[153.032242,-27.485261],[153.032367,-27.485375],[153.032463,-27.48549],[153.03256,-27.485628],[153.032609,-27.485794],[153.032557,-27.486273],[153.032546,-27.486607],[153.032597,-27.48695],[153.032772,-27.487412],[153.032933,-27.487815],[153.033019,-27.488061],[153.033118,-27.488409],[153.033296,-27.489308],[153.033557,-27.490279],[153.033813,-27.490948],[153.034023,-27.491343],[153.034355,-27.491771],[153.034413,-27.491846],[153.034814,-27.492219],[153.035378,-27.49266],[153.035906,-27.49306],[153.036094,-27.493206],[153.036466,-27.493565],[153.037273,-27.494506],[153.037925,-27.49535],[153.038361,-27.49597],[153.039215,-27.496956],[153.039277,-27.497026],[153.039502,-27.497287],[153.039534,-27.497324],[153.039736,-27.497545],[153.039898,-27.497872],[153.040124,-27.498508],[153.040175,-27.498822],[153.040226,-27.499246],[153.040276,-27.499744],[153.040275,-27.500597],[153.040224,-27.501078],[153.04017,-27.501331],[153.040104,-27.501629],[153.03995,-27.502274],[153.039656,-27.503845],[153.039534,-27.504494],[153.039275,-27.505876],[153.039088,-27.506722],[153.039021,-27.507108],[153.038988,-27.507431],[153.038984,-27.507827],[153.039019,-27.508188],[153.039082,-27.508543],[153.039169,-27.508873],[153.039267,-27.509143],[153.03962,-27.509868],[153.039768,-27.510126],[153.040107,-27.510717],[153.040391,-27.51121],[153.040665,-27.51169],[153.040993,-27.512316],[153.041139,-27.5125],[153.04126,-27.512656],[153.041662,-27.513104],[153.041781,-27.513208],[153.042078,-27.513467],[153.042391,-27.513688],[153.042954,-27.51401],[153.047694,-27.516339],[153.048964,-27.516988],[153.04988,-27.517594],[153.050619,-27.518225],[153.05119,-27.518804],[153.052155,-27.520024],[153.053321,-27.521394],[153.053953,-27.52214],[153.054059,-27.522273],[153.054636,-27.522993],[153.054942,-27.523367],[153.055326,-27.523837],[153.055795,-27.524542],[153.05605,-27.525002],[153.056079,-27.525055],[153.056261,-27.52544],[153.05642,-27.525997],[153.056528,-27.526282],[153.056796,-27.526908],[153.057165,-27.527713],[153.057335,-27.528296],[153.057465,-27.528835],[153.057534,-27.529294],[153.057567,-27.529866],[153.057581,-27.530373],[153.057668,-27.530886],[153.05838,-27.534187],[153.058466,-27.534585],[153.058505,-27.534785],[153.058621,-27.535384],[153.058796,-27.535921],[153.058944,-27.5363],[153.059201,-27.536951],[153.059278,-27.537149],[153.059425,-27.537698],[153.059533,-27.538509],[153.059653,-27.539154],[153.059935,-27.540203],[153.06031,-27.541193],[153.060645,-27.541873],[153.061329,-27.543042],[153.062025,-27.544044],[153.062842,-27.545041],[153.063231,-27.545473],[153.063571,-27.545817],[153.064191,-27.546411],[153.064615,-27.546768],[153.064615,-27.546768],[153.064637,-27.546787],[153.06496,-27.547059],[153.0654,-27.547487],[153.065594,-27.547774],[153.065668,-27.547884],[153.06595,-27.548457],[153.066127,-27.548792],[153.066495,-27.549353],[153.066758,-27.549187],[153.066856,-27.549168],[153.066936,-27.549162],[153.067069,-27.549226],[153.067159,-27.549288],[153.067277,-27.549384],[153.067344,-27.549466],[153.067556,-27.549743],[153.067636,-27.549905],[153.067769,-27.550112],[153.067963,-27.550761],[153.068017,-27.551265],[153.067793,-27.552199],[153.067575,-27.553386],[153.0675,-27.553759],[153.0674,-27.554229],[153.067348,-27.554425],[153.067161,-27.555144],[153.067078,-27.555589],[153.066967,-27.55613],[153.066783,-27.557105],[153.066759,-27.557322],[153.066696,-27.557991],[153.066653,-27.558236],[153.066653,-27.558236],[153.066592,-27.558571],[153.066418,-27.559532],[153.066169,-27.560646],[153.066128,-27.561076],[153.065967,-27.562128],[153.065688,-27.563716],[153.065544,-27.564354],[153.065484,-27.564677],[153.065484,-27.564677],[153.065403,-27.565112],[153.065199,-27.566167],[153.065085,-27.566787],[153.064986,-27.567298],[153.064713,-27.568852],[153.064681,-27.569046],[153.06466,-27.569201],[153.064552,-27.569782],[153.06443,-27.570455],[153.06443,-27.570455],[153.064358,-27.570861],[153.064361,-27.571024],[153.064307,-27.571453],[153.064247,-27.571864],[153.064218,-27.572011],[153.064167,-27.572219],[153.063922,-27.572959],[153.063697,-27.573795],[153.063541,-27.574679],[153.06348,-27.575047],[153.063375,-27.575689],[153.063299,-27.576105],[153.063299,-27.576105],[153.063179,-27.576764],[153.063102,-27.577445],[153.062736,-27.579263],[153.06259,-27.580186],[153.062395,-27.581307],[153.062209,-27.582206],[153.062097,-27.582834],[153.062097,-27.582834],[153.062062,-27.583031],[153.061869,-27.583882],[153.061763,-27.584459],[153.061595,-27.585369],[153.061573,-27.585575],[153.061309,-27.586815],[153.060891,-27.587802],[153.060842,-27.587935],[153.060617,-27.588488],[153.060452,-27.589108],[153.06028,-27.590063],[153.06028,-27.590063],[153.059731,-27.593114],[153.059581,-27.593937],[153.059581,-27.593937],[153.059507,-27.594352],[153.059263,-27.595735],[153.058873,-27.597951],[153.058604,-27.599486],[153.058403,-27.600416],[153.058403,-27.600416],[153.058385,-27.600503],[153.058055,-27.601062],[153.056762,-27.60244],[153.056762,-27.60244],[153.056536,-27.602681],[153.056194,-27.603123],[153.055961,-27.603497],[153.055848,-27.603822],[153.055378,-27.606186],[153.055244,-27.606867],[153.055039,-27.607829],[153.054868,-27.60883],[153.054677,-27.60982],[153.054677,-27.60982],[153.054379,-27.611371],[153.054288,-27.61151],[153.05244,-27.611336],[153.051734,-27.611193],[153.051279,-27.611176],[153.051088,-27.611159],[153.050955,-27.61092],[153.050583,-27.610372],[153.050312,-27.610066],[153.049736,-27.609561],[153.049313,-27.609291],[153.048671,-27.608968],[153.048671,-27.608968],[153.048138,-27.608701],[153.047347,-27.608302],[153.046869,-27.608046],[153.046564,-27.607847],[153.046356,-27.607684],[153.045997,-27.607371],[153.04356,-27.604825],[153.043408,-27.60478],[153.043252,-27.604654],[153.043214,-27.604631],[153.043154,-27.604606],[153.043087,-27.604601],[153.043022,-27.604602],[153.042956,-27.604683],[153.042924,-27.604801],[153.042813,-27.605468],[153.042738,-27.605882],[153.042738,-27.605882],[153.042621,-27.606526],[153.042432,-27.607624],[153.042432,-27.60777],[153.042489,-27.608158],[153.042638,-27.609141],[153.042638,-27.609316],[153.042622,-27.609442],[153.042603,-27.60956],[153.042553,-27.609718],[153.042496,-27.609864],[153.042435,-27.609987],[153.042331,-27.610136],[153.04221,-27.610288],[153.041414,-27.611339],[153.041325,-27.611463],[153.041195,-27.611632],[153.04109,-27.611747],[153.040903,-27.611918],[153.040708,-27.612082],[153.040708,-27.612082],[153.040327,-27.612405],[153.039555,-27.613062],[153.039476,-27.612981],[153.038598,-27.612137],[153.038443,-27.612042],[153.038151,-27.611974],[153.037904,-27.611924],[153.037218,-27.611833],[153.036499,-27.611733],[153.036093,-27.611666],[153.035795,-27.611624],[153.035403,-27.61157],[153.035084,-27.611521],[153.034321,-27.611418],[153.033541,-27.611291],[153.033344,-27.611289],[153.033283,-27.611295],[153.033283,-27.611295],[153.032813,-27.61134],[153.032296,-27.611443],[153.031407,-27.612684],[153.03076,-27.613606],[153.029769,-27.615005],[153.029159,-27.616606],[153.029043,-27.616909],[153.028917,-27.61724],[153.0288,-27.61755],[153.0288,-27.61755],[153.028249,-27.618995],[153.028062,-27.619488],[153.02734,-27.621392],[153.026963,-27.622759],[153.026928,-27.623062],[153.027055,-27.623571],[153.027203,-27.62392],[153.027429,-27.624351],[153.027455,-27.624392],[153.027455,-27.624392],[153.027737,-27.624863],[153.027981,-27.625082],[153.028172,-27.625244],[153.028421,-27.625413],[153.028738,-27.625585],[153.029468,-27.625787],[153.02917,-27.626689],[153.028979,-27.627232],[153.028954,-27.627554],[153.028969,-27.627556],[153.028992,-27.627564],[153.029012,-27.627578],[153.029028,-27.627594],[153.029041,-27.627624],[153.029044,-27.627639],[153.029043,-27.627655],[153.029033,-27.627684],[153.029019,-27.6277],[153.029005,-27.627712],[153.028988,-27.627722],[153.028969,-27.627729],[153.028933,-27.627732],[153.028974,-27.628281],[153.029026,-27.628559],[153.029082,-27.628864],[153.029082,-27.628864],[153.029253,-27.629784],[153.029442,-27.63095],[153.029333,-27.631656],[153.029333,-27.631656],[153.029302,-27.631849],[153.029166,-27.633877],[153.02916,-27.63431],[153.029196,-27.634782],[153.029242,-27.635085],[153.029341,-27.63536],[153.029458,-27.635647],[153.029604,-27.635886],[153.029804,-27.636175],[153.029943,-27.636323],[153.029962,-27.63631],[153.029991,-27.636298],[153.030023,-27.636293],[153.030056,-27.636293],[153.030087,-27.636298],[153.030116,-27.63631],[153.030142,-27.636327],[153.03015,-27.636335],[153.030163,-27.636348],[153.030179,-27.636373],[153.030189,-27.6364],[153.030193,-27.636428],[153.030189,-27.636456],[153.030182,-27.636476],[153.030311,-27.636638],[153.030632,-27.636951],[153.030632,-27.636951],[153.03079,-27.637105],[153.03139,-27.637669],[153.031795,-27.637891],[153.032002,-27.637987],[153.032194,-27.638056],[153.032496,-27.638138],[153.032889,-27.638231],[153.033694,-27.638351],[153.034441,-27.638461],[153.034441,-27.638461],[153.035279,-27.638584],[153.036024,-27.638677],[153.036614,-27.638772],[153.036808,-27.638789],[153.037636,-27.638908],[153.037902,-27.638946],[153.038231,-27.638986],[153.038453,-27.639],[153.038891,-27.638969],[153.039122,-27.638941],[153.0393,-27.638915],[153.039611,-27.638834],[153.039937,-27.638724],[153.040191,-27.638657],[153.040471,-27.638567],[153.040471,-27.638567],[153.041183,-27.63834],[153.041589,-27.63823],[153.041996,-27.63815],[153.042361,-27.638116],[153.042776,-27.638108],[153.043477,-27.638189],[153.04474,-27.638344],[153.04488,-27.63837],[153.04552,-27.638492],[153.04614,-27.638581],[153.04614,-27.638581],[153.047933,-27.638837],[153.049018,-27.638995],[153.049018,-27.638995],[153.049557,-27.639073],[153.050476,-27.639204],[153.052546,-27.639498],[153.052546,-27.639498],[153.053098,-27.639577],[153.05367,-27.639662],[153.055103,-27.639867],[153.055516,-27.639967],[153.056794,-27.640152],[153.05678,-27.639989],[153.056831,-27.63968],[153.056923,-27.639367],[153.056935,-27.639298]]}},{"type":"Feature","properties":{"route":"130","name":"Parkinson - City","category":"high_bus","route_type":"3","shape_id":"1300044"},"geometry":{"type":"LineString","coordinates":[[153.055661,-27.639987],[153.055516,-27.639967],[153.055093,-27.639955],[153.05372,-27.639758],[153.053084,-27.639665],[153.052322,-27.639555],[153.052322,-27.639555],[153.052163,-27.639533],[153.049547,-27.63916],[153.048517,-27.639015],[153.048517,-27.639015],[153.047919,-27.63893],[153.045405,-27.638563],[153.044868,-27.638484],[153.04473,-27.638464],[153.043769,-27.638344],[153.043661,-27.638328],[153.043661,-27.638328],[153.04316,-27.638251],[153.042822,-27.63822],[153.042586,-27.63822],[153.042063,-27.638259],[153.041624,-27.638331],[153.040617,-27.638636],[153.040617,-27.638636],[153.040248,-27.638747],[153.039982,-27.638831],[153.039608,-27.638941],[153.039462,-27.638972],[153.039287,-27.638997],[153.039027,-27.639019],[153.038774,-27.639022],[153.038453,-27.639],[153.038231,-27.638986],[153.037902,-27.638946],[153.037636,-27.638908],[153.036808,-27.638789],[153.036614,-27.638772],[153.03597,-27.638747],[153.035657,-27.638719],[153.035263,-27.638671],[153.033763,-27.638468],[153.033763,-27.638468],[153.033676,-27.638456],[153.033346,-27.638417],[153.03294,-27.638346],[153.032655,-27.638293],[153.032373,-27.638226],[153.032075,-27.63813],[153.031849,-27.63804],[153.031656,-27.637945],[153.031313,-27.637737],[153.031161,-27.637613],[153.030965,-27.637428],[153.030533,-27.636995],[153.0304,-27.636846],[153.030254,-27.636675],[153.030093,-27.636555],[153.030087,-27.636558],[153.030055,-27.636563],[153.030023,-27.636563],[153.029991,-27.636558],[153.02997,-27.636549],[153.029962,-27.636546],[153.029936,-27.636529],[153.029915,-27.636508],[153.029902,-27.636488],[153.029889,-27.636456],[153.029885,-27.636428],[153.029889,-27.6364],[153.029899,-27.636373],[153.029915,-27.636348],[153.029936,-27.636327],[153.029943,-27.636323],[153.029804,-27.636175],[153.029604,-27.635886],[153.029458,-27.635647],[153.029352,-27.635388],[153.029352,-27.635388],[153.029341,-27.63536],[153.029242,-27.635085],[153.029196,-27.634782],[153.02916,-27.63431],[153.029166,-27.633877],[153.029272,-27.632294],[153.029272,-27.632294],[153.029302,-27.631849],[153.029442,-27.63095],[153.029253,-27.629784],[153.029026,-27.628559],[153.028974,-27.628281],[153.028962,-27.628116],[153.028962,-27.628116],[153.028933,-27.627732],[153.028911,-27.627728],[153.028891,-27.62772],[153.028862,-27.627698],[153.02885,-27.627681],[153.028843,-27.627664],[153.028839,-27.627644],[153.028841,-27.627628],[153.028845,-27.627614],[153.028852,-27.6276],[153.028863,-27.627585],[153.02888,-27.627571],[153.028899,-27.627561],[153.028919,-27.627555],[153.028938,-27.627553],[153.028954,-27.627554],[153.028979,-27.627232],[153.02917,-27.626689],[153.029468,-27.625787],[153.028738,-27.625585],[153.028421,-27.625413],[153.028172,-27.625244],[153.027981,-27.625082],[153.027737,-27.624863],[153.027429,-27.624351],[153.027406,-27.624306],[153.027406,-27.624306],[153.027203,-27.62392],[153.027055,-27.623571],[153.026928,-27.623062],[153.026963,-27.622759],[153.02734,-27.621392],[153.028062,-27.619488],[153.028249,-27.618995],[153.028917,-27.61724],[153.029043,-27.616909],[153.029159,-27.616606],[153.029383,-27.616019],[153.029383,-27.616019],[153.029769,-27.615005],[153.03076,-27.613606],[153.031407,-27.612684],[153.032296,-27.611443],[153.032813,-27.61134],[153.033161,-27.611307],[153.033161,-27.611307],[153.033344,-27.611289],[153.033541,-27.611291],[153.034321,-27.611418],[153.035084,-27.611521],[153.035403,-27.61157],[153.035795,-27.611624],[153.036093,-27.611666],[153.036499,-27.611733],[153.037218,-27.611833],[153.037904,-27.611924],[153.038151,-27.611974],[153.038443,-27.612042],[153.038598,-27.612137],[153.039476,-27.612981],[153.039799,-27.612701],[153.039799,-27.612701],[153.040037,-27.612494],[153.040751,-27.611899],[153.040964,-27.611691],[153.041078,-27.611587],[153.041224,-27.611404],[153.042243,-27.610048],[153.042354,-27.609857],[153.042431,-27.609694],[153.042462,-27.609562],[153.042481,-27.609401],[153.042488,-27.609269],[153.042329,-27.608159],[153.042288,-27.607791],[153.042297,-27.607602],[153.042313,-27.607448],[153.042469,-27.606503],[153.04265,-27.605527],[153.04265,-27.605527],[153.042741,-27.605033],[153.042818,-27.604668],[153.042922,-27.604527],[153.042995,-27.604471],[153.043128,-27.604384],[153.043303,-27.604311],[153.044895,-27.605965],[153.046212,-27.607335],[153.046508,-27.607598],[153.046666,-27.607719],[153.04682,-27.607833],[153.047219,-27.608053],[153.048226,-27.608558],[153.049114,-27.609005],[153.049114,-27.609005],[153.049273,-27.609085],[153.049824,-27.609419],[153.050184,-27.609718],[153.050496,-27.610002],[153.050871,-27.610472],[153.050912,-27.610482],[153.051119,-27.61071],[153.051273,-27.610843],[153.051491,-27.610964],[153.051777,-27.611054],[153.052462,-27.611193],[153.054216,-27.611358],[153.054387,-27.610472],[153.054387,-27.610472],[153.054465,-27.610068],[153.05471,-27.60881],[153.054879,-27.607806],[153.055088,-27.606844],[153.055216,-27.606164],[153.055689,-27.603792],[153.055808,-27.603447],[153.056068,-27.603053],[153.056403,-27.602599],[153.056617,-27.602372],[153.056617,-27.602372],[153.057915,-27.600989],[153.058235,-27.600446],[153.058444,-27.599461],[153.058574,-27.598726],[153.058574,-27.598726],[153.058713,-27.59793],[153.058825,-27.597295],[153.059103,-27.595711],[153.059398,-27.594044],[153.059398,-27.594044],[153.059566,-27.593098],[153.059651,-27.592636],[153.059945,-27.591009],[153.060293,-27.589077],[153.060433,-27.588512],[153.060433,-27.588512],[153.060453,-27.588431],[153.060699,-27.587857],[153.060752,-27.587721],[153.061151,-27.586782],[153.06141,-27.585557],[153.061438,-27.585346],[153.061561,-27.584719],[153.061604,-27.584441],[153.061709,-27.583856],[153.061903,-27.583002],[153.062047,-27.582182],[153.062124,-27.581814],[153.062124,-27.581814],[153.062235,-27.581284],[153.062464,-27.579975],[153.062576,-27.579242],[153.062942,-27.577424],[153.063018,-27.576744],[153.063095,-27.576312],[153.063095,-27.576312],[153.063212,-27.575667],[153.063319,-27.575025],[153.063381,-27.574656],[153.063494,-27.57411],[153.063565,-27.57377],[153.06383,-27.572766],[153.063878,-27.572537],[153.063894,-27.572405],[153.063967,-27.571985],[153.063999,-27.57183],[153.064053,-27.571546],[153.064194,-27.570742],[153.064308,-27.57018],[153.064308,-27.57018],[153.064368,-27.56988],[153.064553,-27.568826],[153.064921,-27.56683],[153.064994,-27.566507],[153.065061,-27.566153],[153.065247,-27.565086],[153.065384,-27.56433],[153.065407,-27.564236],[153.065407,-27.564236],[153.065541,-27.563693],[153.06582,-27.562119],[153.065835,-27.561768],[153.065789,-27.561372],[153.065789,-27.561021],[153.065864,-27.560606],[153.066006,-27.560194],[153.066128,-27.559963],[153.06626,-27.559652],[153.066342,-27.55932],[153.066386,-27.559088],[153.066386,-27.559088],[153.066485,-27.558553],[153.066572,-27.558085],[153.066596,-27.557952],[153.066687,-27.557244],[153.066735,-27.556955],[153.066878,-27.556169],[153.066974,-27.555692],[153.067081,-27.555126],[153.067328,-27.554062],[153.067397,-27.553742],[153.067468,-27.553364],[153.067554,-27.552828],[153.067591,-27.5525],[153.067563,-27.552177],[153.067485,-27.551912],[153.06739,-27.551736],[153.067306,-27.551608],[153.067164,-27.551438],[153.066713,-27.551026],[153.066356,-27.550694],[153.065918,-27.55027],[153.066424,-27.550065],[153.066645,-27.549981],[153.066886,-27.549942],[153.067076,-27.549933],[153.067229,-27.549812],[153.067299,-27.549741],[153.067336,-27.549649],[153.067348,-27.549556],[153.067344,-27.549466],[153.067277,-27.549384],[153.067159,-27.549288],[153.067069,-27.549226],[153.066936,-27.549162],[153.066856,-27.549168],[153.066758,-27.549187],[153.066495,-27.549353],[153.066127,-27.548792],[153.06595,-27.548457],[153.065668,-27.547884],[153.065594,-27.547774],[153.0654,-27.547487],[153.06496,-27.547059],[153.064637,-27.546787],[153.064302,-27.546504],[153.064302,-27.546504],[153.064191,-27.546411],[153.063571,-27.545817],[153.063231,-27.545473],[153.062842,-27.545041],[153.062025,-27.544044],[153.061329,-27.543042],[153.060645,-27.541873],[153.06031,-27.541193],[153.059935,-27.540203],[153.059653,-27.539154],[153.059533,-27.538509],[153.059425,-27.537698],[153.059278,-27.537149],[153.059201,-27.536951],[153.058944,-27.5363],[153.058796,-27.535921],[153.058621,-27.535384],[153.058505,-27.534785],[153.058466,-27.534585],[153.05838,-27.534187],[153.057668,-27.530886],[153.057581,-27.530373],[153.057567,-27.529866],[153.057534,-27.529294],[153.057465,-27.528835],[153.057335,-27.528296],[153.057165,-27.527713],[153.056796,-27.526908],[153.056528,-27.526282],[153.05642,-27.525997],[153.056261,-27.52544],[153.056079,-27.525055],[153.05605,-27.525002],[153.055795,-27.524542],[153.055326,-27.523837],[153.054942,-27.523367],[153.054636,-27.522993],[153.054059,-27.522273],[153.053953,-27.52214],[153.053321,-27.521394],[153.052155,-27.520024],[153.05119,-27.518804],[153.050619,-27.518225],[153.04988,-27.517594],[153.048964,-27.516988],[153.047694,-27.516339],[153.042954,-27.51401],[153.042391,-27.513688],[153.042078,-27.513467],[153.041781,-27.513208],[153.041662,-27.513104],[153.04126,-27.512656],[153.041139,-27.5125],[153.040993,-27.512316],[153.040665,-27.51169],[153.040391,-27.51121],[153.040107,-27.510717],[153.039768,-27.510126],[153.03962,-27.509868],[153.039267,-27.509143],[153.039169,-27.508873],[153.039082,-27.508543],[153.039019,-27.508188],[153.038984,-27.507827],[153.038988,-27.507431],[153.039021,-27.507108],[153.039088,-27.506722],[153.039275,-27.505876],[153.039534,-27.504494],[153.039656,-27.503845],[153.03995,-27.502274],[153.040104,-27.501629],[153.04017,-27.501331],[153.040224,-27.501078],[153.040275,-27.500597],[153.040276,-27.499744],[153.040226,-27.499246],[153.040175,-27.498822],[153.040124,-27.498508],[153.039898,-27.497872],[153.039736,-27.497545],[153.039534,-27.497324],[153.039502,-27.497287],[153.039277,-27.497026],[153.039215,-27.496956],[153.038361,-27.49597],[153.037925,-27.49535],[153.037273,-27.494506],[153.036466,-27.493565],[153.036094,-27.493206],[153.035906,-27.49306],[153.035378,-27.49266],[153.034814,-27.492219],[153.034413,-27.491846],[153.034355,-27.491771],[153.034023,-27.491343],[153.033813,-27.490948],[153.033557,-27.490279],[153.033296,-27.489308],[153.033118,-27.488409],[153.033019,-27.488061],[153.032933,-27.487815],[153.032772,-27.487412],[153.032597,-27.48695],[153.032546,-27.486607],[153.032557,-27.486273],[153.032609,-27.485794],[153.03256,-27.485628],[153.032463,-27.48549],[153.032367,-27.485375],[153.032242,-27.485261],[153.032027,-27.485159],[153.0318,-27.485074],[153.031463,-27.48497],[153.031078,-27.48488],[153.030593,-27.484816],[153.028621,-27.484517],[153.028229,-27.484443],[153.028229,-27.484443],[153.02817,-27.484432],[153.027998,-27.484396],[153.027855,-27.484345],[153.02719,-27.483752],[153.02683,-27.483415],[153.026479,-27.483209],[153.024295,-27.48279],[153.023935,-27.482694],[153.023665,-27.482614],[153.02336,-27.48247],[153.023018,-27.482277],[153.022797,-27.482127],[153.022645,-27.481933],[153.02249,-27.481651],[153.022425,-27.481495],[153.022385,-27.481401],[153.022222,-27.481161],[153.021896,-27.480687],[153.021896,-27.480687],[153.021892,-27.480681],[153.021817,-27.480572],[153.021325,-27.479719],[153.021272,-27.479626],[153.02108,-27.479342],[153.020391,-27.478318],[153.020223,-27.477989],[153.020076,-27.4777],[153.019975,-27.477558],[153.01906,-27.476268],[153.018768,-27.475857],[153.01843,-27.475382],[153.01797,-27.474792],[153.017755,-27.474482],[153.017709,-27.474403],[153.017705,-27.474358],[153.017709,-27.474317],[153.017743,-27.474261],[153.018187,-27.474007],[153.018267,-27.473948],[153.018618,-27.473688],[153.019442,-27.473244],[153.019442,-27.473244],[153.019464,-27.473232],[153.019898,-27.472972],[153.020147,-27.472834],[153.022404,-27.47166],[153.022574,-27.471633],[153.022656,-27.471595],[153.022706,-27.471565],[153.022868,-27.471515],[153.023684,-27.4709],[153.023868,-27.470761]]}},{"type":"Feature","properties":{"route":"140","name":"Browns Plains - City Express via Mains Road","category":"high_bus","route_type":"3","shape_id":"1400051"},"geometry":{"type":"LineString","coordinates":[[153.02451,-27.470395],[153.024442,-27.470328],[153.023684,-27.4709],[153.022868,-27.471515],[153.022706,-27.471565],[153.022656,-27.471595],[153.022574,-27.471633],[153.022404,-27.47166],[153.020147,-27.472834],[153.019898,-27.472972],[153.019464,-27.473232],[153.019122,-27.473417],[153.019122,-27.473417],[153.018618,-27.473688],[153.018267,-27.473948],[153.018187,-27.474007],[153.017743,-27.474261],[153.017709,-27.474317],[153.017705,-27.474358],[153.017709,-27.474403],[153.017755,-27.474482],[153.01797,-27.474792],[153.01843,-27.475382],[153.018768,-27.475857],[153.01906,-27.476268],[153.019975,-27.477558],[153.020076,-27.4777],[153.020223,-27.477989],[153.020391,-27.478318],[153.02108,-27.479342],[153.021272,-27.479626],[153.021325,-27.479719],[153.021817,-27.480572],[153.021892,-27.480681],[153.022149,-27.481056],[153.022149,-27.481056],[153.022222,-27.481161],[153.022385,-27.481401],[153.022425,-27.481495],[153.02249,-27.481651],[153.022645,-27.481933],[153.022797,-27.482127],[153.023018,-27.482277],[153.02336,-27.48247],[153.023665,-27.482614],[153.023935,-27.482694],[153.024295,-27.48279],[153.026479,-27.483209],[153.02683,-27.483415],[153.02719,-27.483752],[153.027855,-27.484345],[153.027998,-27.484396],[153.02817,-27.484432],[153.028378,-27.484472],[153.028378,-27.484472],[153.028621,-27.484517],[153.030593,-27.484816],[153.031078,-27.48488],[153.031463,-27.48497],[153.0318,-27.485074],[153.032027,-27.485159],[153.032242,-27.485261],[153.032367,-27.485375],[153.032463,-27.48549],[153.03256,-27.485628],[153.032609,-27.485794],[153.032557,-27.486273],[153.032546,-27.486607],[153.032597,-27.48695],[153.032772,-27.487412],[153.032933,-27.487815],[153.033019,-27.488061],[153.033118,-27.488409],[153.033296,-27.489308],[153.033557,-27.490279],[153.033813,-27.490948],[153.034023,-27.491343],[153.034355,-27.491771],[153.034413,-27.491846],[153.034814,-27.492219],[153.035378,-27.49266],[153.035906,-27.49306],[153.036094,-27.493206],[153.036466,-27.493565],[153.037273,-27.494506],[153.037925,-27.49535],[153.038361,-27.49597],[153.039215,-27.496956],[153.039277,-27.497026],[153.039502,-27.497287],[153.039534,-27.497324],[153.039736,-27.497545],[153.039898,-27.497872],[153.040124,-27.498508],[153.040175,-27.498822],[153.040226,-27.499246],[153.040276,-27.499744],[153.040275,-27.500597],[153.040224,-27.501078],[153.04017,-27.501331],[153.040104,-27.501629],[153.03995,-27.502274],[153.039656,-27.503845],[153.039534,-27.504494],[153.039275,-27.505876],[153.039088,-27.506722],[153.039021,-27.507108],[153.038988,-27.507431],[153.038984,-27.507827],[153.039019,-27.508188],[153.039082,-27.508543],[153.039169,-27.508873],[153.039267,-27.509143],[153.03962,-27.509868],[153.039768,-27.510126],[153.040107,-27.510717],[153.040391,-27.51121],[153.040665,-27.51169],[153.040993,-27.512316],[153.041139,-27.5125],[153.04126,-27.512656],[153.041662,-27.513104],[153.041781,-27.513208],[153.042078,-27.513467],[153.042391,-27.513688],[153.042954,-27.51401],[153.047694,-27.516339],[153.048964,-27.516988],[153.04988,-27.517594],[153.050619,-27.518225],[153.05119,-27.518804],[153.052155,-27.520024],[153.053321,-27.521394],[153.053953,-27.52214],[153.054059,-27.522273],[153.054636,-27.522993],[153.054942,-27.523367],[153.055326,-27.523837],[153.055795,-27.524542],[153.05605,-27.525002],[153.056079,-27.525055],[153.056261,-27.52544],[153.05642,-27.525997],[153.056528,-27.526282],[153.056796,-27.526908],[153.057165,-27.527713],[153.057335,-27.528296],[153.057465,-27.528835],[153.057534,-27.529294],[153.057567,-27.529866],[153.057581,-27.530373],[153.057668,-27.530886],[153.05838,-27.534187],[153.058466,-27.534585],[153.058505,-27.534785],[153.058621,-27.535384],[153.058796,-27.535921],[153.058944,-27.5363],[153.059201,-27.536951],[153.059278,-27.537149],[153.059425,-27.537698],[153.059533,-27.538509],[153.059653,-27.539154],[153.059935,-27.540203],[153.06031,-27.541193],[153.060645,-27.541873],[153.061329,-27.543042],[153.062025,-27.544044],[153.062842,-27.545041],[153.063231,-27.545473],[153.063571,-27.545817],[153.064191,-27.546411],[153.064615,-27.546768],[153.064615,-27.546768],[153.064637,-27.546787],[153.06496,-27.547059],[153.0654,-27.547487],[153.065594,-27.547774],[153.065668,-27.547884],[153.06595,-27.548457],[153.066127,-27.548792],[153.066495,-27.549353],[153.066758,-27.549187],[153.066856,-27.549168],[153.066936,-27.549162],[153.067069,-27.549226],[153.067159,-27.549288],[153.067277,-27.549384],[153.067344,-27.549466],[153.067556,-27.549743],[153.067636,-27.549905],[153.067769,-27.550112],[153.067963,-27.550761],[153.068017,-27.551265],[153.067793,-27.552199],[153.067575,-27.553386],[153.0675,-27.553759],[153.0674,-27.554229],[153.067348,-27.554425],[153.067161,-27.555144],[153.067078,-27.555589],[153.066967,-27.55613],[153.066783,-27.557105],[153.066759,-27.557322],[153.066696,-27.557991],[153.066653,-27.558236],[153.066653,-27.558236],[153.066592,-27.558571],[153.066418,-27.559532],[153.066169,-27.560646],[153.066128,-27.561076],[153.065967,-27.562128],[153.065688,-27.563716],[153.065544,-27.564354],[153.065484,-27.564677],[153.065484,-27.564677],[153.065403,-27.565112],[153.065199,-27.566167],[153.065085,-27.566787],[153.064986,-27.567298],[153.064713,-27.568852],[153.064681,-27.569046],[153.06466,-27.569201],[153.064552,-27.569782],[153.06443,-27.570455],[153.06443,-27.570455],[153.064358,-27.570861],[153.064361,-27.571024],[153.064307,-27.571453],[153.064247,-27.571864],[153.064218,-27.572011],[153.064167,-27.572219],[153.063922,-27.572959],[153.063697,-27.573795],[153.063541,-27.574679],[153.06348,-27.575047],[153.063375,-27.575689],[153.063299,-27.576105],[153.063299,-27.576105],[153.063179,-27.576764],[153.063102,-27.577445],[153.062736,-27.579263],[153.06259,-27.580186],[153.062395,-27.581307],[153.062209,-27.582206],[153.062097,-27.582834],[153.062097,-27.582834],[153.062062,-27.583031],[153.061869,-27.583882],[153.061763,-27.584459],[153.061595,-27.585369],[153.061573,-27.585575],[153.061309,-27.586815],[153.060891,-27.587802],[153.060842,-27.587935],[153.060617,-27.588488],[153.060452,-27.589108],[153.06028,-27.590063],[153.06028,-27.590063],[153.059731,-27.593114],[153.059581,-27.593937],[153.059581,-27.593937],[153.059507,-27.594352],[153.059263,-27.595735],[153.058873,-27.597951],[153.058604,-27.599486],[153.058403,-27.600416],[153.058403,-27.600416],[153.058385,-27.600503],[153.058055,-27.601062],[153.056762,-27.60244],[153.056762,-27.60244],[153.056536,-27.602681],[153.056194,-27.603123],[153.055961,-27.603497],[153.055848,-27.603822],[153.055378,-27.606186],[153.055244,-27.606867],[153.055039,-27.607829],[153.054868,-27.60883],[153.054677,-27.60982],[153.054677,-27.60982],[153.054379,-27.611371],[153.054288,-27.61151],[153.05244,-27.611336],[153.051734,-27.611193],[153.051279,-27.611176],[153.051487,-27.611767],[153.051623,-27.612315],[153.051695,-27.612898],[153.051704,-27.613425],[153.051688,-27.613881],[153.051568,-27.61503],[153.05143,-27.616314],[153.051315,-27.617019],[153.051194,-27.617478],[153.050902,-27.618415],[153.050236,-27.61995],[153.049974,-27.620533],[153.049974,-27.620533],[153.049287,-27.622059],[153.048824,-27.623041],[153.048471,-27.623649],[153.048059,-27.624232],[153.048059,-27.624232],[153.047375,-27.625206],[153.047133,-27.625647],[153.046993,-27.625942],[153.046809,-27.626389],[153.046644,-27.626881],[153.046569,-27.627223],[153.046467,-27.627786],[153.046445,-27.628422],[153.046454,-27.628881],[153.0465,-27.629306],[153.046597,-27.630025],[153.046635,-27.630292],[153.046648,-27.630373],[153.046686,-27.63057],[153.046705,-27.630823],[153.046737,-27.631104],[153.046752,-27.631267],[153.04676,-27.631406],[153.04676,-27.631406],[153.046765,-27.631494],[153.046726,-27.631902],[153.046662,-27.63245],[153.046583,-27.63287],[153.046423,-27.633433],[153.046072,-27.634472],[153.045808,-27.635205],[153.045322,-27.636621],[153.04513,-27.637141],[153.04502,-27.637555],[153.044963,-27.637838],[153.044919,-27.638037],[153.04488,-27.63837],[153.044868,-27.638484],[153.044838,-27.639041],[153.044838,-27.639041],[153.044811,-27.639539],[153.044732,-27.639959],[153.044612,-27.640358],[153.044412,-27.640844],[153.04413,-27.641342],[153.043425,-27.642307],[153.043209,-27.64269],[153.043006,-27.643125],[153.042803,-27.64364],[153.042565,-27.64434],[153.042406,-27.644834],[153.042063,-27.646648],[153.041861,-27.647334],[153.041431,-27.64833],[153.041152,-27.649011],[153.041025,-27.649657],[153.040682,-27.65255],[153.040506,-27.653971],[153.04043,-27.654319],[153.040209,-27.655074],[153.039733,-27.65588],[153.039681,-27.655955],[153.038896,-27.657092],[153.038712,-27.657415],[153.038578,-27.657731],[153.037886,-27.659907],[153.037746,-27.660348],[153.037705,-27.660813],[153.037597,-27.661256],[153.037361,-27.661828],[153.037297,-27.66212],[153.037253,-27.66225],[153.037177,-27.662385],[153.036877,-27.662764],[153.036679,-27.663054],[153.036599,-27.663256],[153.036512,-27.663462],[153.036473,-27.663631],[153.036463,-27.66375],[153.036567,-27.663848],[153.036669,-27.663907],[153.037144,-27.663984],[153.037209,-27.664031],[153.03724,-27.664009],[153.03727,-27.663997],[153.037302,-27.663991],[153.037334,-27.663991],[153.037366,-27.663997],[153.037396,-27.664009],[153.037405,-27.664015],[153.037422,-27.664026],[153.037444,-27.664047],[153.03746,-27.664072],[153.03747,-27.664099],[153.037473,-27.664128],[153.037472,-27.664133],[153.037553,-27.664177],[153.037633,-27.664205],[153.03772,-27.664225],[153.037871,-27.664219],[153.038125,-27.664189],[153.038125,-27.664189],[153.038148,-27.664187],[153.038389,-27.664189],[153.039936,-27.664434],[153.040464,-27.664529],[153.040514,-27.664542],[153.040633,-27.664572],[153.04086,-27.664591],[153.040868,-27.664579],[153.04089,-27.664557],[153.040917,-27.664539],[153.040948,-27.664527],[153.040981,-27.664521],[153.04102,-27.664522],[153.041048,-27.664527],[153.041079,-27.664539],[153.041106,-27.664557],[153.041128,-27.664579],[153.041145,-27.664605],[153.041152,-27.664624],[153.041253,-27.664639],[153.041386,-27.664667],[153.041655,-27.664696],[153.041995,-27.664757],[153.042181,-27.664739],[153.042387,-27.664657],[153.042529,-27.664536],[153.042608,-27.664405],[153.042642,-27.664249],[153.042622,-27.66423],[153.042605,-27.664203],[153.042595,-27.664176],[153.042591,-27.664146],[153.042595,-27.664118],[153.042606,-27.664088],[153.042622,-27.664062],[153.042645,-27.66404],[153.042672,-27.664022],[153.042703,-27.66401],[153.042741,-27.664004],[153.042782,-27.663866],[153.042852,-27.663313],[153.043043,-27.662426],[153.043004,-27.662253],[153.042987,-27.662246],[153.042958,-27.662228],[153.042934,-27.662205],[153.042917,-27.662177],[153.042906,-27.662147],[153.042902,-27.662116],[153.042905,-27.662094],[153.042906,-27.662085],[153.042917,-27.662055],[153.042933,-27.662029],[153.042853,-27.66198],[153.042601,-27.661863],[153.042429,-27.661726],[153.042383,-27.661612],[153.042384,-27.661498],[153.042384,-27.661495],[153.042442,-27.661191],[153.041916,-27.661105],[153.041032,-27.660963]]}},{"type":"Feature","properties":{"route":"140","name":"Browns Plains - City Express via Mains Road","category":"high_bus","route_type":"3","shape_id":"1400052"},"geometry":{"type":"LineString","coordinates":[[153.041032,-27.660963],[153.040154,-27.660821],[153.038061,-27.66044],[153.03649,-27.660191],[153.03652,-27.660051],[153.036589,-27.65978],[153.036695,-27.659597],[153.036851,-27.659463],[153.037074,-27.659348],[153.037346,-27.659253],[153.037521,-27.659149],[153.037732,-27.658966],[153.037959,-27.658499],[153.038039,-27.658321],[153.038424,-27.657434],[153.038713,-27.657017],[153.039504,-27.655904],[153.03952,-27.655876],[153.039986,-27.655064],[153.040203,-27.654427],[153.040322,-27.653952],[153.040545,-27.651959],[153.040636,-27.651145],[153.040838,-27.64954],[153.040939,-27.649045],[153.041107,-27.648371],[153.041177,-27.648151],[153.041582,-27.646852],[153.041745,-27.64639],[153.042248,-27.644795],[153.042646,-27.643545],[153.042732,-27.643311],[153.042984,-27.642735],[153.043246,-27.642301],[153.04346,-27.64203],[153.043855,-27.64151],[153.044214,-27.640941],[153.044468,-27.640379],[153.044625,-27.639798],[153.04473,-27.638464],[153.04474,-27.638344],[153.044782,-27.638074],[153.044827,-27.637767],[153.044887,-27.637542],[153.044887,-27.637542],[153.044946,-27.637319],[153.045034,-27.637013],[153.046239,-27.633561],[153.046415,-27.632984],[153.046534,-27.632429],[153.046566,-27.632137],[153.046598,-27.631532],[153.046598,-27.631283],[153.046566,-27.630849],[153.046505,-27.630396],[153.046489,-27.630314],[153.046454,-27.630112],[153.046346,-27.629285],[153.046346,-27.629285],[153.046327,-27.629137],[153.046308,-27.628811],[153.046308,-27.628404],[153.046349,-27.627803],[153.046452,-27.62722],[153.046582,-27.626675],[153.046764,-27.626166],[153.046981,-27.625672],[153.047231,-27.625209],[153.047954,-27.624126],[153.047954,-27.624126],[153.048323,-27.623573],[153.048496,-27.623347],[153.048744,-27.622906],[153.049175,-27.621995],[153.050109,-27.619909],[153.05044,-27.619155],[153.05044,-27.619155],[153.050779,-27.618383],[153.051077,-27.617446],[153.051179,-27.616999],[153.051296,-27.61633],[153.051452,-27.615023],[153.051584,-27.613916],[153.051592,-27.613162],[153.051575,-27.612728],[153.051503,-27.612336],[153.051088,-27.611159],[153.051215,-27.611034],[153.051777,-27.611054],[153.052462,-27.611193],[153.054216,-27.611358],[153.054387,-27.610472],[153.054387,-27.610472],[153.054465,-27.610068],[153.05471,-27.60881],[153.054879,-27.607806],[153.055088,-27.606844],[153.055216,-27.606164],[153.055689,-27.603792],[153.055808,-27.603447],[153.056068,-27.603053],[153.056403,-27.602599],[153.056617,-27.602372],[153.056617,-27.602372],[153.057915,-27.600989],[153.058235,-27.600446],[153.058444,-27.599461],[153.058574,-27.598726],[153.058574,-27.598726],[153.058713,-27.59793],[153.058825,-27.597295],[153.059103,-27.595711],[153.059398,-27.594044],[153.059398,-27.594044],[153.059566,-27.593098],[153.059651,-27.592636],[153.059945,-27.591009],[153.060293,-27.589077],[153.060433,-27.588512],[153.060433,-27.588512],[153.060453,-27.588431],[153.060699,-27.587857],[153.060752,-27.587721],[153.061151,-27.586782],[153.06141,-27.585557],[153.061438,-27.585346],[153.061561,-27.584719],[153.061604,-27.584441],[153.061709,-27.583856],[153.061903,-27.583002],[153.062047,-27.582182],[153.062124,-27.581814],[153.062124,-27.581814],[153.062235,-27.581284],[153.062464,-27.579975],[153.062576,-27.579242],[153.062942,-27.577424],[153.063018,-27.576744],[153.063095,-27.576312],[153.063095,-27.576312],[153.063212,-27.575667],[153.063319,-27.575025],[153.063381,-27.574656],[153.063494,-27.57411],[153.063565,-27.57377],[153.06383,-27.572766],[153.063878,-27.572537],[153.063894,-27.572405],[153.063967,-27.571985],[153.063999,-27.57183],[153.064053,-27.571546],[153.064194,-27.570742],[153.064308,-27.57018],[153.064308,-27.57018],[153.064368,-27.56988],[153.064553,-27.568826],[153.064921,-27.56683],[153.064994,-27.566507],[153.065061,-27.566153],[153.065247,-27.565086],[153.065384,-27.56433],[153.065407,-27.564236],[153.065407,-27.564236],[153.065541,-27.563693],[153.06582,-27.562119],[153.065835,-27.561768],[153.065789,-27.561372],[153.065789,-27.561021],[153.065864,-27.560606],[153.066006,-27.560194],[153.066128,-27.559963],[153.06626,-27.559652],[153.066342,-27.55932],[153.066386,-27.559088],[153.066386,-27.559088],[153.066485,-27.558553],[153.066572,-27.558085],[153.066596,-27.557952],[153.066687,-27.557244],[153.066735,-27.556955],[153.066878,-27.556169],[153.066974,-27.555692],[153.067081,-27.555126],[153.067328,-27.554062],[153.067397,-27.553742],[153.067468,-27.553364],[153.067554,-27.552828],[153.067591,-27.5525],[153.067563,-27.552177],[153.067485,-27.551912],[153.06739,-27.551736],[153.067306,-27.551608],[153.067164,-27.551438],[153.066713,-27.551026],[153.066356,-27.550694],[153.065918,-27.55027],[153.066424,-27.550065],[153.066645,-27.549981],[153.066886,-27.549942],[153.067076,-27.549933],[153.067229,-27.549812],[153.067299,-27.549741],[153.067336,-27.549649],[153.067348,-27.549556],[153.067344,-27.549466],[153.067277,-27.549384],[153.067159,-27.549288],[153.067069,-27.549226],[153.066936,-27.549162],[153.066856,-27.549168],[153.066758,-27.549187],[153.066495,-27.549353],[153.066127,-27.548792],[153.06595,-27.548457],[153.065668,-27.547884],[153.065594,-27.547774],[153.0654,-27.547487],[153.06496,-27.547059],[153.064637,-27.546787],[153.064302,-27.546504],[153.064302,-27.546504],[153.064191,-27.546411],[153.063571,-27.545817],[153.063231,-27.545473],[153.062842,-27.545041],[153.062025,-27.544044],[153.061329,-27.543042],[153.060645,-27.541873],[153.06031,-27.541193],[153.059935,-27.540203],[153.059653,-27.539154],[153.059533,-27.538509],[153.059425,-27.537698],[153.059278,-27.537149],[153.059201,-27.536951],[153.058944,-27.5363],[153.058796,-27.535921],[153.058621,-27.535384],[153.058505,-27.534785],[153.058466,-27.534585],[153.05838,-27.534187],[153.057668,-27.530886],[153.057581,-27.530373],[153.057567,-27.529866],[153.057534,-27.529294],[153.057465,-27.528835],[153.057335,-27.528296],[153.057165,-27.527713],[153.056796,-27.526908],[153.056528,-27.526282],[153.05642,-27.525997],[153.056261,-27.52544],[153.056079,-27.525055],[153.05605,-27.525002],[153.055795,-27.524542],[153.055326,-27.523837],[153.054942,-27.523367],[153.054636,-27.522993],[153.054059,-27.522273],[153.053953,-27.52214],[153.053321,-27.521394],[153.052155,-27.520024],[153.05119,-27.518804],[153.050619,-27.518225],[153.04988,-27.517594],[153.048964,-27.516988],[153.047694,-27.516339],[153.042954,-27.51401],[153.042391,-27.513688],[153.042078,-27.513467],[153.041781,-27.513208],[153.041662,-27.513104],[153.04126,-27.512656],[153.041139,-27.5125],[153.040993,-27.512316],[153.040665,-27.51169],[153.040391,-27.51121],[153.040107,-27.510717],[153.039768,-27.510126],[153.03962,-27.509868],[153.039267,-27.509143],[153.039169,-27.508873],[153.039082,-27.508543],[153.039019,-27.508188],[153.038984,-27.507827],[153.038988,-27.507431],[153.039021,-27.507108],[153.039088,-27.506722],[153.039275,-27.505876],[153.039534,-27.504494],[153.039656,-27.503845],[153.03995,-27.502274],[153.040104,-27.501629],[153.04017,-27.501331],[153.040224,-27.501078],[153.040275,-27.500597],[153.040276,-27.499744],[153.040226,-27.499246],[153.040175,-27.498822],[153.040124,-27.498508],[153.039898,-27.497872],[153.039736,-27.497545],[153.039534,-27.497324],[153.039502,-27.497287],[153.039277,-27.497026],[153.039215,-27.496956],[153.038361,-27.49597],[153.037925,-27.49535],[153.037273,-27.494506],[153.036466,-27.493565],[153.036094,-27.493206],[153.035906,-27.49306],[153.035378,-27.49266],[153.034814,-27.492219],[153.034413,-27.491846],[153.034355,-27.491771],[153.034023,-27.491343],[153.033813,-27.490948],[153.033557,-27.490279],[153.033296,-27.489308],[153.033118,-27.488409],[153.033019,-27.488061],[153.032933,-27.487815],[153.032772,-27.487412],[153.032597,-27.48695],[153.032546,-27.486607],[153.032557,-27.486273],[153.032609,-27.485794],[153.03256,-27.485628],[153.032463,-27.48549],[153.032367,-27.485375],[153.032242,-27.485261],[153.032027,-27.485159],[153.0318,-27.485074],[153.031463,-27.48497],[153.031078,-27.48488],[153.030593,-27.484816],[153.028621,-27.484517],[153.028229,-27.484443],[153.028229,-27.484443],[153.02817,-27.484432],[153.027998,-27.484396],[153.027855,-27.484345],[153.02719,-27.483752],[153.02683,-27.483415],[153.026479,-27.483209],[153.024295,-27.48279],[153.023935,-27.482694],[153.023665,-27.482614],[153.02336,-27.48247],[153.023018,-27.482277],[153.022797,-27.482127],[153.022645,-27.481933],[153.02249,-27.481651],[153.022425,-27.481495],[153.022385,-27.481401],[153.022222,-27.481161],[153.021896,-27.480687],[153.021896,-27.480687],[153.021892,-27.480681],[153.021817,-27.480572],[153.021325,-27.479719],[153.021272,-27.479626],[153.02108,-27.479342],[153.020391,-27.478318],[153.020223,-27.477989],[153.020076,-27.4777],[153.019975,-27.477558],[153.01906,-27.476268],[153.018768,-27.475857],[153.01843,-27.475382],[153.01797,-27.474792],[153.017755,-27.474482],[153.017709,-27.474403],[153.017705,-27.474358],[153.017709,-27.474317],[153.017743,-27.474261],[153.018187,-27.474007],[153.018267,-27.473948],[153.018618,-27.473688],[153.019442,-27.473244],[153.019442,-27.473244],[153.019464,-27.473232],[153.019898,-27.472972],[153.020147,-27.472834],[153.022404,-27.47166],[153.022574,-27.471633],[153.022656,-27.471595],[153.022706,-27.471565],[153.022868,-27.471515],[153.023684,-27.4709],[153.023868,-27.470761]]}},{"type":"Feature","properties":{"route":"150","name":"Browns Plains - City Express via Runcorn","category":"high_bus","route_type":"3","shape_id":"1500067"},"geometry":{"type":"LineString","coordinates":[[153.041551,-27.661047],[153.040154,-27.660821],[153.038061,-27.66044],[153.03649,-27.660191],[153.03652,-27.660051],[153.036589,-27.65978],[153.036695,-27.659597],[153.036851,-27.659463],[153.037074,-27.659348],[153.037346,-27.659253],[153.037521,-27.659149],[153.037732,-27.658966],[153.037959,-27.658499],[153.038039,-27.658321],[153.038424,-27.657434],[153.038713,-27.657017],[153.039504,-27.655904],[153.03952,-27.655876],[153.039986,-27.655064],[153.040203,-27.654427],[153.040322,-27.653952],[153.040545,-27.651959],[153.040636,-27.651145],[153.040838,-27.64954],[153.040939,-27.649045],[153.041107,-27.648371],[153.041177,-27.648151],[153.041582,-27.646852],[153.041745,-27.64639],[153.042248,-27.644795],[153.042646,-27.643545],[153.042732,-27.643311],[153.042984,-27.642735],[153.043246,-27.642301],[153.04346,-27.64203],[153.043855,-27.64151],[153.044214,-27.640941],[153.044468,-27.640379],[153.044625,-27.639798],[153.04473,-27.638464],[153.04474,-27.638344],[153.044782,-27.638074],[153.044827,-27.637767],[153.044887,-27.637542],[153.044887,-27.637542],[153.044946,-27.637319],[153.045034,-27.637013],[153.046239,-27.633561],[153.046415,-27.632984],[153.046534,-27.632429],[153.046566,-27.632137],[153.046598,-27.631532],[153.046598,-27.631283],[153.046566,-27.630849],[153.046505,-27.630396],[153.046489,-27.630314],[153.046635,-27.630292],[153.047,-27.630227],[153.047282,-27.630199],[153.047425,-27.630216],[153.048183,-27.63032],[153.048709,-27.6304],[153.048709,-27.6304],[153.048798,-27.630413],[153.049119,-27.630489],[153.049391,-27.630584],[153.049544,-27.630646],[153.049816,-27.630772],[153.050187,-27.630994],[153.050413,-27.631154],[153.050604,-27.631315],[153.050708,-27.631396],[153.050923,-27.631548],[153.051286,-27.63176],[153.051534,-27.631875],[153.051787,-27.631988],[153.052073,-27.632083],[153.052523,-27.63219],[153.052821,-27.632238],[153.053107,-27.632269],[153.053427,-27.632271],[153.053829,-27.632244],[153.053829,-27.632244],[153.054058,-27.632229],[153.054586,-27.632201],[153.054791,-27.632201],[153.055035,-27.632215],[153.055213,-27.632229],[153.05547,-27.632263],[153.055904,-27.632342],[153.056339,-27.632454],[153.057516,-27.632656],[153.057804,-27.632665],[153.057966,-27.632634],[153.058018,-27.632617],[153.058065,-27.632594],[153.058101,-27.632569],[153.058256,-27.63174],[153.058391,-27.631021],[153.058402,-27.630956],[153.058251,-27.63094],[153.05822,-27.630883],[153.058205,-27.630764],[153.058386,-27.630545],[153.058386,-27.630545],[153.058496,-27.630409],[153.058502,-27.630372],[153.058997,-27.627568],[153.059227,-27.626263],[153.059307,-27.625836],[153.059307,-27.625836],[153.05932,-27.625765],[153.059368,-27.625587],[153.059425,-27.625286],[153.059438,-27.625188],[153.059488,-27.624943],[153.05958,-27.624381],[153.059628,-27.6243],[153.059646,-27.624212],[153.059799,-27.623455],[153.059915,-27.622788],[153.060083,-27.621868],[153.060157,-27.621514],[153.060157,-27.621514],[153.060209,-27.621263],[153.060608,-27.619051],[153.060796,-27.618005],[153.060855,-27.617677],[153.061038,-27.616683],[153.061166,-27.615978],[153.061166,-27.615978],[153.061236,-27.6156],[153.061508,-27.614094],[153.061719,-27.612935],[153.061977,-27.61146],[153.062004,-27.611313],[153.062106,-27.610815],[153.062106,-27.610815],[153.0622,-27.610351],[153.062205,-27.610239],[153.062362,-27.609435],[153.062533,-27.60854],[153.062707,-27.607644],[153.062777,-27.607295],[153.062835,-27.606988],[153.062835,-27.606988],[153.06294,-27.606433],[153.063073,-27.605684],[153.063197,-27.605005],[153.063474,-27.603497],[153.065237,-27.603762],[153.065493,-27.603819],[153.066007,-27.603899],[153.066921,-27.60403],[153.066921,-27.60403],[153.067673,-27.604139],[153.068096,-27.6042],[153.069182,-27.604356],[153.071746,-27.604725],[153.072283,-27.604802],[153.072285,-27.604778],[153.072295,-27.604751],[153.072312,-27.604726],[153.072335,-27.604704],[153.07236,-27.604687],[153.07239,-27.604675],[153.072423,-27.604669],[153.072455,-27.604669],[153.072478,-27.604673],[153.072489,-27.604675],[153.072518,-27.604687],[153.072544,-27.604704],[153.072566,-27.604726],[153.072583,-27.604751],[153.072593,-27.604779],[153.072596,-27.604808],[153.072593,-27.604837],[153.07259,-27.604847],[153.0739,-27.605037],[153.0739,-27.605037],[153.074865,-27.605176],[153.075688,-27.605294],[153.076118,-27.603104],[153.076195,-27.602681],[153.076195,-27.602681],[153.076496,-27.601015],[153.076628,-27.600352],[153.076724,-27.599849],[153.076775,-27.599583],[153.076857,-27.599154],[153.076857,-27.599154],[153.076918,-27.598839],[153.077133,-27.597708],[153.077168,-27.597518],[153.077193,-27.597399],[153.079673,-27.598393],[153.080078,-27.598554],[153.080597,-27.598761],[153.080597,-27.598761],[153.081086,-27.598957],[153.081545,-27.599157],[153.083059,-27.600034],[153.083164,-27.599406],[153.08327,-27.598935],[153.083493,-27.597851],[153.083625,-27.59704],[153.083689,-27.59675],[153.08369,-27.596743],[153.08369,-27.596743],[153.083777,-27.596244],[153.083818,-27.596026],[153.084079,-27.594646],[153.084424,-27.592811],[153.084559,-27.592088],[153.08463,-27.591716],[153.08463,-27.591716],[153.084925,-27.590175],[153.085146,-27.588995],[153.085221,-27.588591],[153.085221,-27.588591],[153.085281,-27.588276],[153.08538,-27.587744],[153.085523,-27.586985],[153.085695,-27.586046],[153.085805,-27.585443],[153.08586,-27.585152],[153.085987,-27.584469],[153.086098,-27.583876],[153.086182,-27.583428],[153.086258,-27.583015],[153.086258,-27.583015],[153.08627,-27.582948],[153.086354,-27.582518],[153.086434,-27.582062],[153.086767,-27.580173],[153.086947,-27.579163],[153.087067,-27.578489],[153.087067,-27.578489],[153.087124,-27.578164],[153.087275,-27.57731],[153.08737,-27.576712],[153.087431,-27.576328],[153.087431,-27.576328],[153.087593,-27.575299],[153.087576,-27.575296],[153.087557,-27.575288],[153.087539,-27.575277],[153.087519,-27.575255],[153.087514,-27.575247],[153.087508,-27.575229],[153.087506,-27.57521],[153.087508,-27.575191],[153.087514,-27.575173],[153.087525,-27.575157],[153.087539,-27.575143],[153.087556,-27.575132],[153.087576,-27.575124],[153.087596,-27.57512],[153.087623,-27.575122],[153.088059,-27.572745],[153.088194,-27.571874],[153.088303,-27.571728],[153.0884,-27.571651],[153.08852,-27.571587],[153.088741,-27.571561],[153.089562,-27.571578],[153.089569,-27.571578],[153.089569,-27.571578],[153.089817,-27.571584],[153.090136,-27.571466],[153.090062,-27.571246],[153.090035,-27.571152],[153.089992,-27.570939],[153.089968,-27.570772],[153.089954,-27.57052],[153.089991,-27.569936],[153.089992,-27.569651],[153.089937,-27.569414],[153.089857,-27.569155],[153.089795,-27.569007],[153.089691,-27.568822],[153.089555,-27.568634],[153.089349,-27.568405],[153.088847,-27.567847],[153.088641,-27.567617],[153.088276,-27.567176],[153.088062,-27.566854],[153.087872,-27.566506],[153.087864,-27.566505],[153.08775,-27.566372],[153.087696,-27.566334],[153.087643,-27.566313],[153.087252,-27.566253],[153.08682,-27.566234],[153.086556,-27.566244],[153.086182,-27.566264],[153.08618,-27.566273],[153.086171,-27.566291],[153.086163,-27.566301],[153.086152,-27.56631],[153.086137,-27.566318],[153.08612,-27.566323],[153.086105,-27.566324],[153.086089,-27.566322],[153.086073,-27.566318],[153.08605,-27.566302],[153.086035,-27.566282],[153.086031,-27.56627],[153.086031,-27.566244],[153.08545,-27.566178],[153.08545,-27.566178],[153.085061,-27.566133],[153.084914,-27.566114],[153.084794,-27.566072],[153.084667,-27.565993],[153.084423,-27.565691],[153.084261,-27.565421],[153.084227,-27.565385],[153.084209,-27.565396],[153.084185,-27.565406],[153.084159,-27.565411],[153.084133,-27.565411],[153.084118,-27.565408],[153.084055,-27.565659],[153.083846,-27.565946],[153.082664,-27.565188],[153.08178,-27.564327],[153.081748,-27.564305],[153.081342,-27.564035],[153.081304,-27.56401],[153.081304,-27.56401],[153.081259,-27.56398],[153.080978,-27.563794],[153.080495,-27.563532],[153.079493,-27.563029],[153.078435,-27.562349],[153.076841,-27.561085],[153.075426,-27.55976],[153.074617,-27.558987],[153.074472,-27.558819],[153.07321,-27.557353],[153.070156,-27.553752],[153.068629,-27.551879],[153.068442,-27.551658],[153.067812,-27.550912],[153.067186,-27.550171],[153.066793,-27.549706],[153.066495,-27.549353],[153.066127,-27.548792],[153.06595,-27.548457],[153.065668,-27.547884],[153.065594,-27.547774],[153.0654,-27.547487],[153.06496,-27.547059],[153.064637,-27.546787],[153.064302,-27.546504],[153.064302,-27.546504],[153.064191,-27.546411],[153.063571,-27.545817],[153.063231,-27.545473],[153.062842,-27.545041],[153.062025,-27.544044],[153.061329,-27.543042],[153.060645,-27.541873],[153.06031,-27.541193],[153.059935,-27.540203],[153.059653,-27.539154],[153.059533,-27.538509],[153.059425,-27.537698],[153.059278,-27.537149],[153.059201,-27.536951],[153.058944,-27.5363],[153.058796,-27.535921],[153.058621,-27.535384],[153.058505,-27.534785],[153.058466,-27.534585],[153.05838,-27.534187],[153.057668,-27.530886],[153.057581,-27.530373],[153.057567,-27.529866],[153.057534,-27.529294],[153.057465,-27.528835],[153.057335,-27.528296],[153.057165,-27.527713],[153.056796,-27.526908],[153.056528,-27.526282],[153.05642,-27.525997],[153.056261,-27.52544],[153.056079,-27.525055],[153.05605,-27.525002],[153.055795,-27.524542],[153.055326,-27.523837],[153.054942,-27.523367],[153.054636,-27.522993],[153.054059,-27.522273],[153.053953,-27.52214],[153.053321,-27.521394],[153.052155,-27.520024],[153.05119,-27.518804],[153.050619,-27.518225],[153.04988,-27.517594],[153.048964,-27.516988],[153.047694,-27.516339],[153.042954,-27.51401],[153.042391,-27.513688],[153.042078,-27.513467],[153.041781,-27.513208],[153.041662,-27.513104],[153.04126,-27.512656],[153.041139,-27.5125],[153.040993,-27.512316],[153.040665,-27.51169],[153.040391,-27.51121],[153.040107,-27.510717],[153.039768,-27.510126],[153.03962,-27.509868],[153.039267,-27.509143],[153.039169,-27.508873],[153.039082,-27.508543],[153.039019,-27.508188],[153.038984,-27.507827],[153.038988,-27.507431],[153.039021,-27.507108],[153.039088,-27.506722],[153.039275,-27.505876],[153.039534,-27.504494],[153.039656,-27.503845],[153.03995,-27.502274],[153.040104,-27.501629],[153.04017,-27.501331],[153.040224,-27.501078],[153.040275,-27.500597],[153.040276,-27.499744],[153.040226,-27.499246],[153.040175,-27.498822],[153.040124,-27.498508],[153.039898,-27.497872],[153.039736,-27.497545],[153.039534,-27.497324],[153.039502,-27.497287],[153.039277,-27.497026],[153.039215,-27.496956],[153.038361,-27.49597],[153.037925,-27.49535],[153.037273,-27.494506],[153.036466,-27.493565],[153.036094,-27.493206],[153.035906,-27.49306],[153.035378,-27.49266],[153.034814,-27.492219],[153.034413,-27.491846],[153.034355,-27.491771],[153.034023,-27.491343],[153.033813,-27.490948],[153.033557,-27.490279],[153.033296,-27.489308],[153.033118,-27.488409],[153.033019,-27.488061],[153.032933,-27.487815],[153.032772,-27.487412],[153.032597,-27.48695],[153.032546,-27.486607],[153.032557,-27.486273],[153.032609,-27.485794],[153.03256,-27.485628],[153.032463,-27.48549],[153.032367,-27.485375],[153.032242,-27.485261],[153.032027,-27.485159],[153.0318,-27.485074],[153.031463,-27.48497],[153.031078,-27.48488],[153.030593,-27.484816],[153.028621,-27.484517],[153.028229,-27.484443],[153.028229,-27.484443],[153.02817,-27.484432],[153.027998,-27.484396],[153.027855,-27.484345],[153.02719,-27.483752],[153.02683,-27.483415],[153.026479,-27.483209],[153.024295,-27.48279],[153.023935,-27.482694],[153.023665,-27.482614],[153.02336,-27.48247],[153.023018,-27.482277],[153.022797,-27.482127],[153.022645,-27.481933],[153.02249,-27.481651],[153.022425,-27.481495],[153.022385,-27.481401],[153.022222,-27.481161],[153.021896,-27.480687],[153.021896,-27.480687],[153.021892,-27.480681],[153.021817,-27.480572],[153.021325,-27.479719],[153.021272,-27.479626],[153.02108,-27.479342],[153.020391,-27.478318],[153.020223,-27.477989],[153.020076,-27.4777],[153.019975,-27.477558],[153.01906,-27.476268],[153.018768,-27.475857],[153.01843,-27.475382],[153.01797,-27.474792],[153.017755,-27.474482],[153.017709,-27.474403],[153.017705,-27.474358],[153.017709,-27.474317],[153.017743,-27.474261],[153.018187,-27.474007],[153.018267,-27.473948],[153.018618,-27.473688],[153.019442,-27.473244],[153.019442,-27.473244],[153.019464,-27.473232],[153.019898,-27.472972],[153.020147,-27.472834],[153.022404,-27.47166],[153.022574,-27.471633],[153.022656,-27.471595],[153.022706,-27.471565],[153.022868,-27.471515],[153.023684,-27.4709],[153.023868,-27.470761]]}},{"type":"Feature","properties":{"route":"150","name":"Browns Plains - City Express via Runcorn","category":"high_bus","route_type":"3","shape_id":"1500068"},"geometry":{"type":"LineString","coordinates":[[153.024239,-27.470481],[153.023684,-27.4709],[153.022868,-27.471515],[153.022706,-27.471565],[153.022656,-27.471595],[153.022574,-27.471633],[153.022404,-27.47166],[153.020147,-27.472834],[153.019898,-27.472972],[153.019464,-27.473232],[153.019122,-27.473417],[153.019122,-27.473417],[153.018618,-27.473688],[153.018267,-27.473948],[153.018187,-27.474007],[153.017743,-27.474261],[153.017709,-27.474317],[153.017705,-27.474358],[153.017709,-27.474403],[153.017755,-27.474482],[153.01797,-27.474792],[153.01843,-27.475382],[153.018768,-27.475857],[153.01906,-27.476268],[153.019975,-27.477558],[153.020076,-27.4777],[153.020223,-27.477989],[153.020391,-27.478318],[153.02108,-27.479342],[153.021272,-27.479626],[153.021325,-27.479719],[153.021817,-27.480572],[153.021892,-27.480681],[153.022149,-27.481056],[153.022149,-27.481056],[153.022222,-27.481161],[153.022385,-27.481401],[153.022425,-27.481495],[153.02249,-27.481651],[153.022645,-27.481933],[153.022797,-27.482127],[153.023018,-27.482277],[153.02336,-27.48247],[153.023665,-27.482614],[153.023935,-27.482694],[153.024295,-27.48279],[153.026479,-27.483209],[153.02683,-27.483415],[153.02719,-27.483752],[153.027855,-27.484345],[153.027998,-27.484396],[153.02817,-27.484432],[153.028378,-27.484472],[153.028378,-27.484472],[153.028621,-27.484517],[153.030593,-27.484816],[153.031078,-27.48488],[153.031463,-27.48497],[153.0318,-27.485074],[153.032027,-27.485159],[153.032242,-27.485261],[153.032367,-27.485375],[153.032463,-27.48549],[153.03256,-27.485628],[153.032609,-27.485794],[153.032557,-27.486273],[153.032546,-27.486607],[153.032597,-27.48695],[153.032772,-27.487412],[153.032933,-27.487815],[153.033019,-27.488061],[153.033118,-27.488409],[153.033296,-27.489308],[153.033557,-27.490279],[153.033813,-27.490948],[153.034023,-27.491343],[153.034355,-27.491771],[153.034413,-27.491846],[153.034814,-27.492219],[153.035378,-27.49266],[153.035906,-27.49306],[153.036094,-27.493206],[153.036466,-27.493565],[153.037273,-27.494506],[153.037925,-27.49535],[153.038361,-27.49597],[153.039215,-27.496956],[153.039277,-27.497026],[153.039502,-27.497287],[153.039534,-27.497324],[153.039736,-27.497545],[153.039898,-27.497872],[153.040124,-27.498508],[153.040175,-27.498822],[153.040226,-27.499246],[153.040276,-27.499744],[153.040275,-27.500597],[153.040224,-27.501078],[153.04017,-27.501331],[153.040104,-27.501629],[153.03995,-27.502274],[153.039656,-27.503845],[153.039534,-27.504494],[153.039275,-27.505876],[153.039088,-27.506722],[153.039021,-27.507108],[153.038988,-27.507431],[153.038984,-27.507827],[153.039019,-27.508188],[153.039082,-27.508543],[153.039169,-27.508873],[153.039267,-27.509143],[153.03962,-27.509868],[153.039768,-27.510126],[153.040107,-27.510717],[153.040391,-27.51121],[153.040665,-27.51169],[153.040993,-27.512316],[153.041139,-27.5125],[153.04126,-27.512656],[153.041662,-27.513104],[153.041781,-27.513208],[153.042078,-27.513467],[153.042391,-27.513688],[153.042954,-27.51401],[153.047694,-27.516339],[153.048964,-27.516988],[153.04988,-27.517594],[153.050619,-27.518225],[153.05119,-27.518804],[153.052155,-27.520024],[153.053321,-27.521394],[153.053953,-27.52214],[153.054059,-27.522273],[153.054636,-27.522993],[153.054942,-27.523367],[153.055326,-27.523837],[153.055795,-27.524542],[153.05605,-27.525002],[153.056079,-27.525055],[153.056261,-27.52544],[153.05642,-27.525997],[153.056528,-27.526282],[153.056796,-27.526908],[153.057165,-27.527713],[153.057335,-27.528296],[153.057465,-27.528835],[153.057534,-27.529294],[153.057567,-27.529866],[153.057581,-27.530373],[153.057668,-27.530886],[153.05838,-27.534187],[153.058466,-27.534585],[153.058505,-27.534785],[153.058621,-27.535384],[153.058796,-27.535921],[153.058944,-27.5363],[153.059201,-27.536951],[153.059278,-27.537149],[153.059425,-27.537698],[153.059533,-27.538509],[153.059653,-27.539154],[153.059935,-27.540203],[153.06031,-27.541193],[153.060645,-27.541873],[153.061329,-27.543042],[153.062025,-27.544044],[153.062842,-27.545041],[153.063231,-27.545473],[153.063571,-27.545817],[153.064191,-27.546411],[153.064615,-27.546768],[153.064615,-27.546768],[153.064637,-27.546787],[153.06496,-27.547059],[153.0654,-27.547487],[153.065594,-27.547774],[153.065668,-27.547884],[153.06595,-27.548457],[153.066127,-27.548792],[153.066495,-27.549353],[153.066793,-27.549706],[153.067186,-27.550171],[153.067812,-27.550912],[153.068442,-27.551658],[153.068629,-27.551879],[153.070156,-27.553752],[153.07321,-27.557353],[153.074472,-27.558819],[153.074617,-27.558987],[153.075426,-27.55976],[153.076841,-27.561085],[153.078435,-27.562349],[153.079493,-27.563029],[153.080495,-27.563532],[153.080978,-27.563794],[153.081259,-27.56398],[153.081342,-27.564035],[153.081709,-27.564279],[153.081709,-27.564279],[153.081748,-27.564305],[153.08178,-27.564327],[153.082664,-27.565188],[153.083846,-27.565946],[153.084055,-27.565659],[153.084118,-27.565408],[153.084107,-27.565406],[153.084083,-27.565396],[153.084061,-27.565383],[153.084043,-27.565365],[153.08403,-27.565345],[153.084022,-27.565322],[153.084019,-27.565302],[153.084022,-27.565276],[153.08403,-27.565253],[153.084044,-27.565233],[153.084061,-27.565215],[153.084083,-27.565202],[153.084107,-27.565192],[153.084133,-27.565187],[153.084159,-27.565187],[153.084185,-27.565192],[153.084209,-27.565202],[153.084231,-27.565215],[153.084249,-27.565233],[153.084262,-27.565253],[153.084265,-27.565261],[153.08427,-27.565276],[153.084274,-27.565299],[153.084271,-27.565322],[153.084262,-27.565344],[153.084249,-27.565365],[153.084231,-27.565383],[153.084227,-27.565385],[153.084261,-27.565421],[153.084423,-27.565691],[153.084667,-27.565993],[153.084794,-27.566072],[153.084914,-27.566114],[153.085061,-27.566133],[153.085441,-27.566177],[153.085441,-27.566177],[153.086031,-27.566244],[153.086034,-27.566234],[153.08604,-27.566223],[153.086056,-27.566206],[153.086077,-27.566195],[153.08609,-27.566191],[153.086117,-27.566191],[153.08613,-27.566193],[153.086152,-27.566203],[153.086163,-27.566211],[153.086176,-27.56623],[153.08618,-27.56624],[153.086183,-27.566255],[153.086182,-27.566264],[153.086556,-27.566244],[153.08682,-27.566234],[153.087252,-27.566253],[153.087449,-27.566225],[153.087658,-27.566201],[153.087747,-27.566198],[153.087811,-27.56621],[153.087853,-27.566237],[153.087953,-27.566351],[153.088147,-27.566725],[153.088336,-27.567015],[153.088519,-27.567282],[153.088755,-27.567574],[153.088951,-27.567791],[153.089447,-27.568341],[153.089663,-27.56858],[153.089798,-27.568783],[153.089934,-27.569018],[153.090019,-27.569242],[153.09008,-27.569484],[153.090112,-27.56975],[153.090067,-27.570512],[153.090081,-27.570708],[153.090104,-27.570932],[153.090172,-27.571213],[153.090252,-27.57143],[153.090136,-27.571466],[153.089817,-27.571584],[153.089562,-27.571578],[153.089087,-27.571568],[153.089087,-27.571568],[153.088741,-27.571561],[153.08852,-27.571587],[153.0884,-27.571651],[153.088303,-27.571728],[153.088194,-27.571874],[153.088059,-27.572745],[153.087623,-27.575122],[153.087638,-27.575124],[153.087658,-27.575132],[153.087675,-27.575143],[153.087689,-27.575157],[153.087701,-27.575175],[153.087706,-27.575191],[153.087708,-27.57521],[153.087706,-27.575229],[153.0877,-27.575247],[153.087689,-27.575263],[153.087681,-27.575271],[153.087658,-27.575288],[153.087638,-27.575296],[153.087593,-27.575299],[153.08737,-27.576712],[153.087364,-27.57675],[153.087364,-27.57675],[153.087275,-27.57731],[153.087124,-27.578164],[153.086947,-27.579163],[153.086876,-27.579563],[153.086876,-27.579563],[153.086767,-27.580173],[153.086434,-27.582062],[153.086354,-27.582518],[153.08627,-27.582948],[153.086218,-27.58323],[153.086218,-27.58323],[153.086182,-27.583428],[153.086098,-27.583876],[153.085987,-27.584469],[153.08586,-27.585152],[153.085805,-27.585443],[153.085695,-27.586046],[153.085523,-27.586985],[153.08538,-27.587744],[153.085281,-27.588276],[153.085194,-27.588737],[153.085194,-27.588737],[153.085146,-27.588995],[153.084925,-27.590175],[153.084559,-27.592088],[153.084463,-27.592605],[153.084463,-27.592605],[153.084424,-27.592811],[153.084079,-27.594646],[153.083818,-27.596026],[153.083777,-27.596244],[153.083689,-27.59675],[153.083639,-27.596976],[153.083639,-27.596976],[153.083625,-27.59704],[153.083493,-27.597851],[153.08327,-27.598935],[153.083164,-27.599406],[153.083059,-27.600034],[153.082982,-27.600164],[153.081496,-27.599289],[153.081037,-27.59908],[153.080257,-27.598768],[153.080257,-27.598768],[153.080019,-27.598672],[153.078375,-27.598016],[153.077813,-27.597785],[153.077168,-27.597518],[153.077133,-27.597708],[153.076979,-27.598522],[153.076979,-27.598522],[153.076918,-27.598839],[153.076775,-27.599583],[153.076724,-27.599849],[153.076628,-27.600352],[153.076496,-27.601015],[153.07621,-27.602593],[153.07621,-27.602593],[153.076118,-27.603104],[153.075688,-27.605294],[153.074865,-27.605176],[153.074311,-27.605096],[153.074311,-27.605096],[153.07259,-27.604847],[153.072583,-27.604865],[153.072566,-27.60489],[153.072544,-27.604912],[153.072518,-27.604929],[153.072488,-27.604941],[153.072455,-27.604947],[153.072436,-27.604947],[153.072423,-27.604947],[153.07239,-27.604941],[153.07236,-27.604929],[153.072334,-27.604912],[153.072312,-27.60489],[153.072295,-27.604865],[153.072285,-27.604837],[153.072282,-27.604808],[153.072283,-27.604802],[153.071746,-27.604725],[153.069182,-27.604356],[153.068096,-27.6042],[153.067673,-27.604139],[153.066007,-27.603899],[153.065627,-27.603839],[153.065627,-27.603839],[153.065493,-27.603819],[153.065237,-27.603762],[153.063474,-27.603497],[153.063197,-27.605005],[153.063073,-27.605684],[153.06294,-27.606433],[153.062777,-27.607295],[153.062707,-27.607644],[153.062691,-27.607726],[153.062691,-27.607726],[153.062533,-27.60854],[153.062362,-27.609435],[153.062205,-27.610239],[153.0622,-27.610351],[153.062004,-27.611313],[153.061977,-27.61146],[153.06189,-27.611959],[153.06189,-27.611959],[153.061719,-27.612935],[153.061508,-27.614094],[153.061236,-27.6156],[153.061171,-27.615951],[153.061171,-27.615951],[153.061038,-27.616683],[153.060855,-27.617677],[153.060796,-27.618005],[153.060608,-27.619051],[153.060209,-27.621263],[153.060157,-27.621516],[153.060157,-27.621516],[153.060083,-27.621868],[153.059915,-27.622788],[153.059799,-27.623455],[153.059646,-27.624212],[153.059628,-27.6243],[153.059669,-27.624392],[153.059599,-27.62487],[153.059549,-27.625199],[153.05953,-27.6253],[153.059481,-27.625592],[153.059412,-27.625952],[153.059412,-27.625952],[153.059138,-27.627401],[153.059006,-27.628143],[153.058603,-27.630409],[153.058491,-27.631035],[153.058161,-27.632815],[153.058044,-27.632844],[153.057877,-27.632814],[153.057388,-27.63274],[153.057388,-27.63274],[153.056653,-27.632628],[153.056507,-27.6326],[153.055961,-27.63246],[153.055762,-27.632412],[153.055457,-27.632356],[153.055241,-27.632322],[153.0551,-27.632308],[153.054791,-27.632294],[153.05441,-27.632302],[153.054055,-27.632324],[153.053776,-27.632347],[153.053735,-27.632353],[153.053519,-27.632361],[153.053519,-27.632361],[153.053241,-27.63237],[153.052958,-27.632353],[153.05266,-27.632318],[153.052343,-27.632257],[153.052095,-27.632201],[153.051769,-27.632097],[153.051585,-27.632013],[153.051175,-27.631811],[153.050882,-27.631621],[153.050631,-27.631435],[153.050295,-27.631171],[153.04994,-27.630944],[153.049769,-27.630851],[153.049525,-27.630753],[153.049334,-27.630688],[153.049144,-27.630635],[153.04895,-27.63059],[153.048786,-27.630559],[153.04831,-27.630483],[153.047883,-27.630427],[153.047721,-27.630402],[153.047721,-27.630402],[153.047542,-27.630373],[153.047377,-27.630337],[153.047244,-27.630323],[153.047089,-27.630323],[153.047006,-27.630331],[153.04693,-27.630393],[153.046892,-27.630429],[153.046803,-27.630539],[153.04676,-27.630657],[153.046705,-27.630823],[153.046737,-27.631104],[153.046752,-27.631267],[153.04676,-27.631406],[153.04676,-27.631406],[153.046765,-27.631494],[153.046726,-27.631902],[153.046662,-27.63245],[153.046583,-27.63287],[153.046423,-27.633433],[153.046072,-27.634472],[153.045808,-27.635205],[153.045322,-27.636621],[153.04513,-27.637141],[153.04502,-27.637555],[153.044963,-27.637838],[153.044919,-27.638037],[153.04488,-27.63837],[153.044868,-27.638484],[153.044838,-27.639041],[153.044838,-27.639041],[153.044811,-27.639539],[153.044732,-27.639959],[153.044612,-27.640358],[153.044412,-27.640844],[153.04413,-27.641342],[153.043425,-27.642307],[153.043209,-27.64269],[153.043006,-27.643125],[153.042803,-27.64364],[153.042565,-27.64434],[153.042406,-27.644834],[153.042063,-27.646648],[153.041861,-27.647334],[153.041431,-27.64833],[153.041152,-27.649011],[153.041025,-27.649657],[153.040682,-27.65255],[153.040506,-27.653971],[153.04043,-27.654319],[153.040209,-27.655074],[153.039733,-27.65588],[153.039681,-27.655955],[153.038896,-27.657092],[153.038712,-27.657415],[153.038578,-27.657731],[153.037886,-27.659907],[153.037746,-27.660348],[153.037705,-27.660813],[153.037597,-27.661256],[153.037361,-27.661828],[153.037297,-27.66212],[153.037253,-27.66225],[153.037177,-27.662385],[153.036877,-27.662764],[153.036679,-27.663054],[153.036599,-27.663256],[153.036512,-27.663462],[153.036473,-27.663631],[153.036463,-27.66375],[153.036567,-27.663848],[153.036669,-27.663907],[153.037144,-27.663984],[153.037209,-27.664031],[153.03724,-27.664009],[153.03727,-27.663997],[153.037302,-27.663991],[153.037334,-27.663991],[153.037366,-27.663997],[153.037396,-27.664009],[153.037405,-27.664015],[153.037422,-27.664026],[153.037444,-27.664047],[153.03746,-27.664072],[153.03747,-27.664099],[153.037473,-27.664128],[153.037472,-27.664133],[153.037553,-27.664177],[153.037633,-27.664205],[153.03772,-27.664225],[153.037871,-27.664219],[153.038125,-27.664189],[153.038125,-27.664189],[153.038148,-27.664187],[153.038389,-27.664189],[153.039936,-27.664434],[153.040464,-27.664529],[153.040514,-27.664542],[153.040633,-27.664572],[153.04086,-27.664591],[153.040868,-27.664579],[153.04089,-27.664557],[153.040917,-27.664539],[153.040948,-27.664527],[153.040981,-27.664521],[153.04102,-27.664522],[153.041048,-27.664527],[153.041079,-27.664539],[153.041106,-27.664557],[153.041128,-27.664579],[153.041145,-27.664605],[153.041152,-27.664624],[153.041253,-27.664639],[153.041386,-27.664667],[153.041655,-27.664696],[153.041995,-27.664757],[153.042181,-27.664739],[153.042387,-27.664657],[153.042529,-27.664536],[153.042608,-27.664405],[153.042642,-27.664249],[153.042622,-27.66423],[153.042605,-27.664203],[153.042595,-27.664176],[153.042591,-27.664146],[153.042595,-27.664118],[153.042606,-27.664088],[153.042622,-27.664062],[153.042645,-27.66404],[153.042672,-27.664022],[153.042703,-27.66401],[153.042741,-27.664004],[153.042782,-27.663866],[153.042852,-27.663313],[153.043043,-27.662426],[153.043004,-27.662253],[153.042987,-27.662246],[153.042958,-27.662228],[153.042934,-27.662205],[153.042917,-27.662177],[153.042906,-27.662147],[153.042902,-27.662116],[153.042905,-27.662094],[153.042906,-27.662085],[153.042917,-27.662055],[153.042933,-27.662029],[153.042853,-27.66198],[153.042601,-27.661863],[153.042429,-27.661726],[153.042383,-27.661612],[153.042384,-27.661498],[153.042384,-27.661495],[153.042442,-27.661191],[153.041916,-27.661105],[153.041341,-27.661013]]}},{"type":"Feature","properties":{"route":"180","name":"Garden City - City Express via Mansfield","category":"high_bus","route_type":"3","shape_id":"1800016"},"geometry":{"type":"LineString","coordinates":[[153.024835,-27.470308],[153.024442,-27.470328],[153.023684,-27.4709],[153.022868,-27.471515],[153.022706,-27.471565],[153.022656,-27.471595],[153.022574,-27.471633],[153.022404,-27.47166],[153.020147,-27.472834],[153.019898,-27.472972],[153.019464,-27.473232],[153.019122,-27.473417],[153.019122,-27.473417],[153.018618,-27.473688],[153.018267,-27.473948],[153.018187,-27.474007],[153.017743,-27.474261],[153.017709,-27.474317],[153.017705,-27.474358],[153.017709,-27.474403],[153.017755,-27.474482],[153.01797,-27.474792],[153.01843,-27.475382],[153.018768,-27.475857],[153.01906,-27.476268],[153.019975,-27.477558],[153.020076,-27.4777],[153.020223,-27.477989],[153.020391,-27.478318],[153.02108,-27.479342],[153.021272,-27.479626],[153.021325,-27.479719],[153.021817,-27.480572],[153.021892,-27.480681],[153.022149,-27.481056],[153.022149,-27.481056],[153.022222,-27.481161],[153.022385,-27.481401],[153.022425,-27.481495],[153.02249,-27.481651],[153.022645,-27.481933],[153.022797,-27.482127],[153.023018,-27.482277],[153.02336,-27.48247],[153.023665,-27.482614],[153.023935,-27.482694],[153.024295,-27.48279],[153.026479,-27.483209],[153.02683,-27.483415],[153.02719,-27.483752],[153.027855,-27.484345],[153.027998,-27.484396],[153.02817,-27.484432],[153.028378,-27.484472],[153.028378,-27.484472],[153.028621,-27.484517],[153.030593,-27.484816],[153.031078,-27.48488],[153.031463,-27.48497],[153.0318,-27.485074],[153.032027,-27.485159],[153.032242,-27.485261],[153.032367,-27.485375],[153.032463,-27.48549],[153.03256,-27.485628],[153.032609,-27.485794],[153.032557,-27.486273],[153.032546,-27.486607],[153.032597,-27.48695],[153.032772,-27.487412],[153.032933,-27.487815],[153.033019,-27.488061],[153.033118,-27.488409],[153.033296,-27.489308],[153.033557,-27.490279],[153.033813,-27.490948],[153.034023,-27.491343],[153.034355,-27.491771],[153.034413,-27.491846],[153.034814,-27.492219],[153.035378,-27.49266],[153.035906,-27.49306],[153.036094,-27.493206],[153.036466,-27.493565],[153.037273,-27.494506],[153.037925,-27.49535],[153.038361,-27.49597],[153.039215,-27.496956],[153.039277,-27.497026],[153.039468,-27.497249],[153.039468,-27.497249],[153.039502,-27.497287],[153.039534,-27.497324],[153.039736,-27.497545],[153.039898,-27.497872],[153.040124,-27.498508],[153.040175,-27.498822],[153.040226,-27.499246],[153.040276,-27.499744],[153.040324,-27.499823],[153.040356,-27.500057],[153.040388,-27.500473],[153.040364,-27.500975],[153.040234,-27.501561],[153.040248,-27.501656],[153.040287,-27.501736],[153.040416,-27.501864],[153.041125,-27.501964],[153.042154,-27.502117],[153.043161,-27.502266],[153.044194,-27.502425],[153.044463,-27.502472],[153.045444,-27.502653],[153.045745,-27.502702],[153.046147,-27.502766],[153.046463,-27.502818],[153.046865,-27.502875],[153.047041,-27.502903],[153.047088,-27.503065],[153.047296,-27.503724],[153.047334,-27.503816],[153.047378,-27.503898],[153.04747,-27.504011],[153.048318,-27.504874],[153.049395,-27.505844],[153.049754,-27.506164],[153.049932,-27.506412],[153.050264,-27.506955],[153.050474,-27.507207],[153.050733,-27.507466],[153.051205,-27.507866],[153.051404,-27.508042],[153.051475,-27.50811],[153.051597,-27.508245],[153.051946,-27.508608],[153.051946,-27.508608],[153.052092,-27.508762],[153.052833,-27.509608],[153.052928,-27.509715],[153.053022,-27.509848],[153.053087,-27.510003],[153.053112,-27.510261],[153.053073,-27.510652],[153.05306,-27.51081],[153.053102,-27.511579],[153.053103,-27.511746],[153.053123,-27.512077],[153.053309,-27.51236],[153.053459,-27.512598],[153.053459,-27.512598],[153.053534,-27.512716],[153.053622,-27.512855],[153.053848,-27.513146],[153.054577,-27.513732],[153.056375,-27.51517],[153.056805,-27.515485],[153.05702,-27.515649],[153.057237,-27.515822],[153.058637,-27.516982],[153.059094,-27.517348],[153.059572,-27.517727],[153.059882,-27.517968],[153.060581,-27.51853],[153.060668,-27.518598],[153.061435,-27.519212],[153.061798,-27.519504],[153.061798,-27.519504],[153.062241,-27.519858],[153.063463,-27.520828],[153.064171,-27.520393],[153.064308,-27.52035],[153.064924,-27.519961],[153.065536,-27.519589],[153.065611,-27.519542],[153.065976,-27.5193],[153.066534,-27.518947],[153.067382,-27.518412],[153.067673,-27.518235],[153.067673,-27.518235],[153.06794,-27.518073],[153.068212,-27.517875],[153.069045,-27.51735],[153.069353,-27.517171],[153.069961,-27.516812],[153.070031,-27.516746],[153.071832,-27.515604],[153.072761,-27.515036],[153.072972,-27.51652],[153.073044,-27.516713],[153.073693,-27.517316],[153.074232,-27.517731],[153.074692,-27.517904],[153.074692,-27.517904],[153.075151,-27.518076],[153.076157,-27.518298],[153.076376,-27.518347],[153.078143,-27.518771],[153.078805,-27.518952],[153.080585,-27.518968],[153.080811,-27.518991],[153.081141,-27.519065],[153.081483,-27.519174],[153.081748,-27.519309],[153.082229,-27.519749],[153.08367,-27.521198],[153.08367,-27.521198],[153.083778,-27.521306],[153.083868,-27.521404],[153.08394,-27.521501],[153.087284,-27.523965],[153.087839,-27.524374],[153.088238,-27.524668],[153.08953,-27.526276],[153.090272,-27.527201],[153.090425,-27.527393],[153.090425,-27.527393],[153.090494,-27.527479],[153.092128,-27.529532],[153.09262,-27.53016],[153.09276,-27.530327],[153.092884,-27.530392],[153.093289,-27.530872],[153.093556,-27.531199],[153.093556,-27.531199],[153.093877,-27.531588],[153.09402,-27.531753],[153.094118,-27.531865],[153.094186,-27.531946],[153.094254,-27.532041],[153.094333,-27.532164],[153.094406,-27.532299],[153.094477,-27.532352],[153.094542,-27.532477],[153.094595,-27.532533],[153.094654,-27.532605],[153.094847,-27.532627],[153.095345,-27.532697],[153.096764,-27.532911],[153.097684,-27.533046],[153.09859,-27.533189],[153.098867,-27.533229],[153.098867,-27.533229],[153.100403,-27.533453],[153.101013,-27.533543],[153.102599,-27.533785],[153.102586,-27.533867],[153.102452,-27.534545],[153.102447,-27.534576],[153.102447,-27.534576],[153.102129,-27.536339],[153.102092,-27.536488],[153.102006,-27.536955],[153.101959,-27.537177],[153.101629,-27.538955],[153.100793,-27.53883],[153.100242,-27.538751],[153.100156,-27.539124],[153.100081,-27.539518],[153.099454,-27.539427],[153.099454,-27.539427],[153.099049,-27.539369],[153.098602,-27.541719],[153.09822,-27.543734],[153.098167,-27.544012],[153.098167,-27.544012],[153.098089,-27.544432],[153.103835,-27.54531],[153.103835,-27.54531],[153.104665,-27.545437],[153.107295,-27.545821],[153.109255,-27.546096],[153.109776,-27.546172],[153.109916,-27.546155],[153.109927,-27.546156],[153.109927,-27.546156],[153.110425,-27.546218],[153.110623,-27.546251],[153.110757,-27.546285],[153.110871,-27.546326],[153.110958,-27.546384],[153.111018,-27.546447],[153.111091,-27.546548],[153.111116,-27.5467],[153.110921,-27.5468],[153.110718,-27.54691],[153.110391,-27.547131],[153.109718,-27.547656],[153.109061,-27.548159],[153.109061,-27.548159],[153.109028,-27.548184],[153.108347,-27.548705],[153.106817,-27.549876],[153.106321,-27.550251],[153.105747,-27.550658],[153.104797,-27.551395],[153.104698,-27.551488],[153.104039,-27.552],[153.103926,-27.552074],[153.103393,-27.552481],[153.103074,-27.552699],[153.10282,-27.552885],[153.10282,-27.552885],[153.10242,-27.553179],[153.102276,-27.553279],[153.099981,-27.554494],[153.099738,-27.554591],[153.098924,-27.554791],[153.098193,-27.554969],[153.098099,-27.55499],[153.098099,-27.55499],[153.096664,-27.555329],[153.096433,-27.555351],[153.096173,-27.555347],[153.095842,-27.555312],[153.095418,-27.555252],[153.09454,-27.555117],[153.094077,-27.555093],[153.093043,-27.555076],[153.092731,-27.555069],[153.09208,-27.555051],[153.091873,-27.555073],[153.091681,-27.555109],[153.091478,-27.55518],[153.091194,-27.555333],[153.090562,-27.555705],[153.090311,-27.555851],[153.090175,-27.555921],[153.0898,-27.556121],[153.088377,-27.556918],[153.088165,-27.557032],[153.087329,-27.557448],[153.087077,-27.55756],[153.086142,-27.557909],[153.08595,-27.557991],[153.0852,-27.558383],[153.084944,-27.558504],[153.08411,-27.558828],[153.083565,-27.55904],[153.083565,-27.55904],[153.082617,-27.559409],[153.081643,-27.559793],[153.081284,-27.559929],[153.081135,-27.559992],[153.080886,-27.56008],[153.0808,-27.56011],[153.080038,-27.560338],[153.079478,-27.560484],[153.079191,-27.560573],[153.079288,-27.560865],[153.079282,-27.561058],[153.079197,-27.56172],[153.079054,-27.562655],[153.079088,-27.562742],[153.079869,-27.563282],[153.079972,-27.563249],[153.080077,-27.563228],[153.080201,-27.563216],[153.080233,-27.563215]]}},{"type":"Feature","properties":{"route":"180","name":"Garden City - City Express via Mansfield","category":"high_bus","route_type":"3","shape_id":"1800017"},"geometry":{"type":"LineString","coordinates":[[153.080881,-27.563658],[153.081329,-27.563949],[153.081261,-27.564065],[153.081192,-27.564184],[153.081108,-27.564136],[153.079869,-27.563282],[153.079088,-27.562742],[153.079054,-27.562655],[153.079197,-27.56172],[153.079282,-27.561058],[153.079288,-27.560865],[153.079191,-27.560573],[153.079155,-27.560474],[153.080001,-27.560242],[153.080715,-27.560025],[153.081063,-27.559907],[153.081215,-27.559847],[153.082545,-27.559331],[153.083431,-27.558978],[153.084066,-27.558739],[153.084397,-27.558609],[153.084397,-27.558609],[153.08446,-27.558583],[153.084928,-27.558397],[153.085204,-27.558283],[153.085374,-27.558188],[153.085826,-27.557941],[153.086066,-27.557834],[153.086405,-27.55771],[153.086932,-27.55751],[153.087147,-27.557421],[153.087902,-27.557057],[153.088325,-27.556833],[153.089708,-27.556063],[153.090182,-27.555802],[153.090315,-27.555729],[153.090596,-27.555566],[153.091318,-27.555141],[153.091473,-27.555065],[153.091633,-27.555013],[153.091809,-27.55497],[153.091984,-27.554948],[153.092743,-27.554962],[153.093047,-27.554972],[153.094045,-27.554993],[153.094628,-27.555028],[153.095442,-27.555149],[153.095802,-27.555202],[153.096081,-27.555237],[153.096325,-27.555244],[153.09666,-27.555215],[153.097586,-27.554998],[153.097605,-27.554993],[153.097605,-27.554993],[153.098153,-27.554851],[153.099702,-27.554487],[153.099905,-27.554413],[153.102072,-27.553265],[153.102192,-27.553199],[153.102192,-27.553199],[153.102403,-27.553083],[153.103588,-27.552196],[153.10386,-27.551997],[153.104334,-27.551627],[153.104634,-27.551406],[153.106741,-27.549792],[153.108264,-27.548617],[153.108467,-27.548463],[153.108467,-27.548463],[153.10964,-27.547569],[153.110039,-27.547259],[153.110634,-27.546814],[153.11071,-27.546681],[153.110732,-27.546582],[153.110721,-27.546468],[153.110678,-27.546357],[153.110577,-27.546321],[153.110403,-27.546285],[153.1099,-27.546215],[153.109776,-27.546172],[153.109459,-27.546126],[153.109459,-27.546126],[153.109255,-27.546096],[153.107295,-27.545821],[153.104665,-27.545437],[153.10417,-27.545361],[153.10417,-27.545361],[153.098089,-27.544432],[153.098199,-27.543847],[153.098199,-27.543847],[153.09822,-27.543734],[153.098602,-27.541719],[153.099049,-27.539369],[153.099638,-27.539454],[153.099638,-27.539454],[153.100081,-27.539518],[153.100156,-27.539124],[153.100242,-27.538751],[153.100793,-27.53883],[153.101629,-27.538955],[153.101959,-27.537177],[153.102006,-27.536955],[153.102092,-27.536488],[153.102129,-27.536339],[153.102428,-27.534682],[153.102428,-27.534682],[153.102452,-27.534545],[153.102586,-27.533867],[153.101,-27.533623],[153.100388,-27.533529],[153.098579,-27.533266],[153.098231,-27.533217],[153.098231,-27.533217],[153.09767,-27.533136],[153.097439,-27.533104],[153.095432,-27.532803],[153.095324,-27.532787],[153.094662,-27.532694],[153.09449,-27.532687],[153.094368,-27.532653],[153.094354,-27.532565],[153.094315,-27.532408],[153.094244,-27.532227],[153.0942,-27.53216],[153.094135,-27.532071],[153.094016,-27.531931],[153.093921,-27.531814],[153.093809,-27.531682],[153.093596,-27.531418],[153.093596,-27.531418],[153.093199,-27.530927],[153.092805,-27.530438],[153.09276,-27.530327],[153.09262,-27.53016],[153.092128,-27.529532],[153.090494,-27.527479],[153.090272,-27.527201],[153.090013,-27.526878],[153.090013,-27.526878],[153.08953,-27.526276],[153.088238,-27.524668],[153.087839,-27.524374],[153.087284,-27.523965],[153.08394,-27.521501],[153.083868,-27.521404],[153.083778,-27.521306],[153.083632,-27.52116],[153.083632,-27.52116],[153.082229,-27.519749],[153.081748,-27.519309],[153.081483,-27.519174],[153.081141,-27.519065],[153.080811,-27.518991],[153.080585,-27.518968],[153.078805,-27.518952],[153.078143,-27.518771],[153.076376,-27.518347],[153.076157,-27.518298],[153.075151,-27.518076],[153.074455,-27.517815],[153.074455,-27.517815],[153.074232,-27.517731],[153.073693,-27.517316],[153.073044,-27.516713],[153.072972,-27.51652],[153.072761,-27.515036],[153.071832,-27.515604],[153.070031,-27.516746],[153.069961,-27.516812],[153.069353,-27.517171],[153.069045,-27.51735],[153.068212,-27.517875],[153.06794,-27.518073],[153.067634,-27.518259],[153.067634,-27.518259],[153.067382,-27.518412],[153.066534,-27.518947],[153.065976,-27.5193],[153.065611,-27.519542],[153.065536,-27.519589],[153.064924,-27.519961],[153.064308,-27.52035],[153.064239,-27.520458],[153.063557,-27.520902],[153.063449,-27.52097],[153.063358,-27.520893],[153.062149,-27.519913],[153.061764,-27.519616],[153.061764,-27.519616],[153.061329,-27.519282],[153.060579,-27.518658],[153.060499,-27.518592],[153.059794,-27.518026],[153.059484,-27.517783],[153.059007,-27.517406],[153.058554,-27.517035],[153.057117,-27.515916],[153.0567,-27.515594],[153.056275,-27.515263],[153.054467,-27.513833],[153.053719,-27.513213],[153.053503,-27.512941],[153.053343,-27.512696],[153.053343,-27.512696],[153.053219,-27.512507],[153.053149,-27.512396],[153.052964,-27.512116],[153.052944,-27.511753],[153.052944,-27.511582],[153.052933,-27.510807],[153.052938,-27.510652],[153.052973,-27.510372],[153.052978,-27.510221],[153.052968,-27.510079],[153.052933,-27.509968],[153.052848,-27.509808],[153.052718,-27.509688],[153.051961,-27.508848],[153.05166,-27.508525],[153.05166,-27.508525],[153.051324,-27.508164],[153.050669,-27.507564],[153.050338,-27.507237],[153.05016,-27.507032],[153.049795,-27.506428],[153.049595,-27.506177],[153.049076,-27.505755],[153.048677,-27.505696],[153.04856,-27.505655],[153.047592,-27.505504],[153.046961,-27.505397],[153.04662,-27.505341],[153.045957,-27.50523],[153.045648,-27.505178],[153.044991,-27.505051],[153.04469,-27.505023],[153.043975,-27.504891],[153.043764,-27.504854],[153.042728,-27.504646],[153.042373,-27.504595],[153.041719,-27.504495],[153.040705,-27.504346],[153.039711,-27.504215],[153.039631,-27.504152],[153.039568,-27.50409],[153.039526,-27.503958],[153.039661,-27.503181],[153.039876,-27.502378],[153.03995,-27.502274],[153.040104,-27.501629],[153.04017,-27.501331],[153.040224,-27.501078],[153.040275,-27.500597],[153.040276,-27.499744],[153.040226,-27.499246],[153.040175,-27.498822],[153.040124,-27.498508],[153.039898,-27.497872],[153.039736,-27.497545],[153.039534,-27.497324],[153.039502,-27.497287],[153.039277,-27.497026],[153.039241,-27.496984],[153.039241,-27.496984],[153.039215,-27.496956],[153.038361,-27.49597],[153.037925,-27.49535],[153.037273,-27.494506],[153.036466,-27.493565],[153.036094,-27.493206],[153.035906,-27.49306],[153.035378,-27.49266],[153.034814,-27.492219],[153.034413,-27.491846],[153.034355,-27.491771],[153.034023,-27.491343],[153.033813,-27.490948],[153.033557,-27.490279],[153.033296,-27.489308],[153.033118,-27.488409],[153.033019,-27.488061],[153.032933,-27.487815],[153.032772,-27.487412],[153.032597,-27.48695],[153.032546,-27.486607],[153.032557,-27.486273],[153.032609,-27.485794],[153.03256,-27.485628],[153.032463,-27.48549],[153.032367,-27.485375],[153.032242,-27.485261],[153.032027,-27.485159],[153.0318,-27.485074],[153.031463,-27.48497],[153.031078,-27.48488],[153.030593,-27.484816],[153.028621,-27.484517],[153.028229,-27.484443],[153.028229,-27.484443],[153.02817,-27.484432],[153.027998,-27.484396],[153.027855,-27.484345],[153.02719,-27.483752],[153.02683,-27.483415],[153.026479,-27.483209],[153.024295,-27.48279],[153.023935,-27.482694],[153.023665,-27.482614],[153.02336,-27.48247],[153.023018,-27.482277],[153.022797,-27.482127],[153.022645,-27.481933],[153.02249,-27.481651],[153.022425,-27.481495],[153.022385,-27.481401],[153.022222,-27.481161],[153.021896,-27.480687],[153.021896,-27.480687],[153.021892,-27.480681],[153.021817,-27.480572],[153.021325,-27.479719],[153.021272,-27.479626],[153.02108,-27.479342],[153.020391,-27.478318],[153.020223,-27.477989],[153.020076,-27.4777],[153.019975,-27.477558],[153.01906,-27.476268],[153.018768,-27.475857],[153.01843,-27.475382],[153.01797,-27.474792],[153.017755,-27.474482],[153.017709,-27.474403],[153.017705,-27.474358],[153.017709,-27.474317],[153.017743,-27.474261],[153.018187,-27.474007],[153.018267,-27.473948],[153.018618,-27.473688],[153.019442,-27.473244],[153.019442,-27.473244],[153.019464,-27.473232],[153.019898,-27.472972],[153.020147,-27.472834],[153.022404,-27.47166],[153.022574,-27.471633],[153.022656,-27.471595],[153.022706,-27.471565],[153.022868,-27.471515],[153.023684,-27.4709],[153.023868,-27.470761]]}},{"type":"Feature","properties":{"route":"196","name":"Fairfield Gardens - Merthyr via City/Valley","category":"high_bus","route_type":"3","shape_id":"1960068"},"geometry":{"type":"LineString","coordinates":[[153.025351,-27.508274],[153.025381,-27.508135],[153.024887,-27.508059],[153.0243,-27.507937],[153.024294,-27.50782],[153.024291,-27.507591],[153.024291,-27.507591],[153.024267,-27.506047],[153.024281,-27.505844],[153.024305,-27.505692],[153.02438,-27.5053],[153.02438,-27.5053],[153.024425,-27.505073],[153.024534,-27.504736],[153.024854,-27.504238],[153.025059,-27.504009],[153.025179,-27.503911],[153.025179,-27.503911],[153.025632,-27.503544],[153.025793,-27.503318],[153.025874,-27.503146],[153.026025,-27.502518],[153.026025,-27.502518],[153.026146,-27.502009],[153.026343,-27.500963],[153.026343,-27.500963],[153.026372,-27.500807],[153.026501,-27.500132],[153.026536,-27.500012],[153.02657,-27.49996],[153.026619,-27.499927],[153.026686,-27.499881],[153.02678,-27.49984],[153.026852,-27.499829],[153.027925,-27.499995],[153.028072,-27.499987],[153.028182,-27.499953],[153.028226,-27.49991],[153.028268,-27.499848],[153.0283,-27.49973],[153.028096,-27.49942],[153.027954,-27.499193],[153.027829,-27.49892],[153.027766,-27.498745],[153.027766,-27.498745],[153.02759,-27.498254],[153.027261,-27.497549],[153.027151,-27.497352],[153.027036,-27.497166],[153.026978,-27.497094],[153.026978,-27.497094],[153.026885,-27.496978],[153.02676,-27.496874],[153.026636,-27.496809],[153.026468,-27.496739],[153.026297,-27.496657],[153.026204,-27.496609],[153.026109,-27.496525],[153.026026,-27.496418],[153.025477,-27.495829],[153.025191,-27.495502],[153.025071,-27.495376],[153.025071,-27.495376],[153.02495,-27.495251],[153.02481,-27.495121],[153.024708,-27.495037],[153.024635,-27.494947],[153.024479,-27.494873],[153.023688,-27.494482],[153.023304,-27.494301],[153.023295,-27.494298],[153.023295,-27.494298],[153.02266,-27.494048],[153.022412,-27.493799],[153.021957,-27.493385],[153.021957,-27.493385],[153.021835,-27.493273],[153.020354,-27.491897],[153.019979,-27.491531],[153.019381,-27.491044],[153.019381,-27.491044],[153.01922,-27.490913],[153.018872,-27.490625],[153.018769,-27.490471],[153.018722,-27.490331],[153.018679,-27.490187],[153.018619,-27.489488],[153.018603,-27.489026],[153.018619,-27.488697],[153.018583,-27.488588],[153.018605,-27.488445],[153.018605,-27.488445],[153.018625,-27.488318],[153.018663,-27.488208],[153.018755,-27.487988],[153.018819,-27.487867],[153.018863,-27.487802],[153.018968,-27.487647],[153.019187,-27.487272],[153.01927,-27.487123],[153.01932,-27.487004],[153.019349,-27.486906],[153.019403,-27.486677],[153.01943,-27.48656],[153.019569,-27.485785],[153.019608,-27.485577],[153.01968,-27.485251],[153.01968,-27.485251],[153.019725,-27.485044],[153.019738,-27.484909],[153.019725,-27.484517],[153.019725,-27.483435],[153.019706,-27.483294],[153.019671,-27.483192],[153.019636,-27.483116],[153.01955,-27.482981],[153.019303,-27.482685],[153.01909,-27.482434],[153.018959,-27.482268],[153.018896,-27.482155],[153.018832,-27.482],[153.018632,-27.481944],[153.017029,-27.481715],[153.016943,-27.481703],[153.016943,-27.481703],[153.016671,-27.481662],[153.016434,-27.481625],[153.015555,-27.481487],[153.015554,-27.481387],[153.015538,-27.481314],[153.015179,-27.480787],[153.015179,-27.480787],[153.015025,-27.480561],[153.014009,-27.479083],[153.014009,-27.479083],[153.01384,-27.478837],[153.013165,-27.477866],[153.013165,-27.477866],[153.012953,-27.477562],[153.012709,-27.477232],[153.012734,-27.477129],[153.012764,-27.477039],[153.012785,-27.476989],[153.012898,-27.476912],[153.01306,-27.476827],[153.013408,-27.476647],[153.013603,-27.47658],[153.014556,-27.476057],[153.015023,-27.475802],[153.015023,-27.475802],[153.015518,-27.475534],[153.016475,-27.474998],[153.016583,-27.474885],[153.017407,-27.474441],[153.017743,-27.474261],[153.018187,-27.474007],[153.018267,-27.473948],[153.018618,-27.473688],[153.019442,-27.473244],[153.019442,-27.473244],[153.019464,-27.473232],[153.019898,-27.472972],[153.020147,-27.472834],[153.022404,-27.47166],[153.022574,-27.471633],[153.022598,-27.471616],[153.022614,-27.471595],[153.022616,-27.471586],[153.022611,-27.471568],[153.021906,-27.470898],[153.021901,-27.470888],[153.021904,-27.47088],[153.021938,-27.470851],[153.022396,-27.470496],[153.022794,-27.470179],[153.023762,-27.469425],[153.023762,-27.469425],[153.024482,-27.468866],[153.024928,-27.468522],[153.02524,-27.468279],[153.025348,-27.468195],[153.02617,-27.467553],[153.026226,-27.467508],[153.026458,-27.467328],[153.026458,-27.467328],[153.027009,-27.466899],[153.027153,-27.466786],[153.02786,-27.466239],[153.028473,-27.465765],[153.028691,-27.465599],[153.029545,-27.464934],[153.029812,-27.464728],[153.029812,-27.464728],[153.031166,-27.463684],[153.03137,-27.463524],[153.03123,-27.463023],[153.031208,-27.46284],[153.031208,-27.462757],[153.031208,-27.462757],[153.031205,-27.462336],[153.031192,-27.461816],[153.031222,-27.461607],[153.03125,-27.461538],[153.031423,-27.461131],[153.031526,-27.460942],[153.03168,-27.460616],[153.031727,-27.460482],[153.031852,-27.459874],[153.031838,-27.459543],[153.031866,-27.459375],[153.032069,-27.459098],[153.032069,-27.459098],[153.032125,-27.459023],[153.032465,-27.458711],[153.033045,-27.458084],[153.033692,-27.457431],[153.034028,-27.457096],[153.034324,-27.456801],[153.034641,-27.457022],[153.035538,-27.45773],[153.035538,-27.45773],[153.035658,-27.457825],[153.035546,-27.457938],[153.035404,-27.45808],[153.035015,-27.458477],[153.035379,-27.458765],[153.035379,-27.458765],[153.03574,-27.459051],[153.036119,-27.45935],[153.036348,-27.459531],[153.036679,-27.45979],[153.036679,-27.45979],[153.036922,-27.459981],[153.037179,-27.460182],[153.038008,-27.460834],[153.038608,-27.461304],[153.038608,-27.461304],[153.038906,-27.461539],[153.03979,-27.462234],[153.040066,-27.462449],[153.040066,-27.462449],[153.040446,-27.462743],[153.04076,-27.462987],[153.041215,-27.463342],[153.041646,-27.463678],[153.041936,-27.463903],[153.041936,-27.463903],[153.042661,-27.464466],[153.04247,-27.464686],[153.042221,-27.464954],[153.042001,-27.465168],[153.042001,-27.465168],[153.041761,-27.465402],[153.041265,-27.465901],[153.0409,-27.46626],[153.041043,-27.466785],[153.041043,-27.466785],[153.041129,-27.467103],[153.04129,-27.467688],[153.041471,-27.468344],[153.04162,-27.468552],[153.04162,-27.468552],[153.041719,-27.468689],[153.042195,-27.46933],[153.042718,-27.470037],[153.042718,-27.470037],[153.042893,-27.470273],[153.042901,-27.470268],[153.042933,-27.470256],[153.042965,-27.47025],[153.042999,-27.47025],[153.043032,-27.470256],[153.043063,-27.470268],[153.043088,-27.470284],[153.043408,-27.469957],[153.043589,-27.469769],[153.043932,-27.469418],[153.044334,-27.469004],[153.044581,-27.468748],[153.044635,-27.468691],[153.044635,-27.468691],[153.045229,-27.468079],[153.045677,-27.467621],[153.046138,-27.467156],[153.046392,-27.467349],[153.046392,-27.467349],[153.047074,-27.467867],[153.047896,-27.468505],[153.047905,-27.468497],[153.047928,-27.468482],[153.047955,-27.468471],[153.047984,-27.468466],[153.048014,-27.468466],[153.048043,-27.468471],[153.04807,-27.468482],[153.048091,-27.468495],[153.048114,-27.468517],[153.048129,-27.46854],[153.048138,-27.468565],[153.048141,-27.468591],[153.048138,-27.468617],[153.048129,-27.468642],[153.048114,-27.468664],[153.048108,-27.468671],[153.048263,-27.468792],[153.048263,-27.468792],[153.049534,-27.46978],[153.049534,-27.46978],[153.050211,-27.470308],[153.050937,-27.470869],[153.050937,-27.470869],[153.051134,-27.471022],[153.050686,-27.471485],[153.050686,-27.471485],[153.050267,-27.471918],[153.049078,-27.473142],[153.048874,-27.473274],[153.048874,-27.473274],[153.048563,-27.473476],[153.047592,-27.473887],[153.047181,-27.474047],[153.047141,-27.474064],[153.047141,-27.474064],[153.046302,-27.47439],[153.046121,-27.47445],[153.045711,-27.474589],[153.045711,-27.474589],[153.045335,-27.474715],[153.04506,-27.474745],[153.044025,-27.47479],[153.042821,-27.473892],[153.043036,-27.473673],[153.043036,-27.473673],[153.043311,-27.473394],[153.043923,-27.47277],[153.044044,-27.47265],[153.044655,-27.472055],[153.044655,-27.472055],[153.044867,-27.471849],[153.045675,-27.47223],[153.045675,-27.47223],[153.04652,-27.472629],[153.046329,-27.472869],[153.045105,-27.473149]]}},{"type":"Feature","properties":{"route":"196","name":"Fairfield Gardens - Merthyr via City/Valley","category":"high_bus","route_type":"3","shape_id":"1960069"},"geometry":{"type":"LineString","coordinates":[[153.045105,-27.473149],[153.044792,-27.47322],[153.044044,-27.47265],[153.043923,-27.47277],[153.043311,-27.473394],[153.042821,-27.473892],[153.04314,-27.47413],[153.04314,-27.47413],[153.044025,-27.47479],[153.044479,-27.47477],[153.044479,-27.47477],[153.04506,-27.474745],[153.045335,-27.474715],[153.046121,-27.47445],[153.046302,-27.47439],[153.046598,-27.474274],[153.046598,-27.474274],[153.047181,-27.474047],[153.047592,-27.473887],[153.048563,-27.473476],[153.049078,-27.473142],[153.049758,-27.472442],[153.049758,-27.472442],[153.050267,-27.471918],[153.051134,-27.471022],[153.050729,-27.470708],[153.050729,-27.470708],[153.050211,-27.470308],[153.049381,-27.469662],[153.049381,-27.469662],[153.048243,-27.468775],[153.048243,-27.468775],[153.048108,-27.468671],[153.048094,-27.468685],[153.04807,-27.4687],[153.048043,-27.468711],[153.048014,-27.468716],[153.047984,-27.468716],[153.047955,-27.468711],[153.047928,-27.4687],[153.047905,-27.468685],[153.047884,-27.468665],[153.047869,-27.468642],[153.04786,-27.468617],[153.047857,-27.468591],[153.04786,-27.468565],[153.047869,-27.46854],[153.047884,-27.468517],[153.047896,-27.468505],[153.047074,-27.467867],[153.046351,-27.467318],[153.046351,-27.467318],[153.046138,-27.467156],[153.045677,-27.467621],[153.045229,-27.468079],[153.044847,-27.468473],[153.044847,-27.468473],[153.044581,-27.468748],[153.044334,-27.469004],[153.043932,-27.469418],[153.043589,-27.469769],[153.043408,-27.469957],[153.043264,-27.470104],[153.043264,-27.470104],[153.043088,-27.470284],[153.043113,-27.470308],[153.04313,-27.470334],[153.043141,-27.470363],[153.043144,-27.470393],[153.043141,-27.470423],[153.04313,-27.470452],[153.043113,-27.470478],[153.043104,-27.470487],[153.043092,-27.4705],[153.043063,-27.470518],[153.043032,-27.47053],[153.042999,-27.470536],[153.042965,-27.470536],[153.042932,-27.47053],[153.042901,-27.470518],[153.042876,-27.470502],[153.042851,-27.470478],[153.042834,-27.470452],[153.042823,-27.470423],[153.04282,-27.470393],[153.042823,-27.470363],[153.042834,-27.470334],[153.042851,-27.470308],[153.042873,-27.470286],[153.042893,-27.470273],[153.042195,-27.46933],[153.04176,-27.468744],[153.04176,-27.468744],[153.041719,-27.468689],[153.041471,-27.468344],[153.04129,-27.467688],[153.041129,-27.467103],[153.040933,-27.466384],[153.040933,-27.466384],[153.0409,-27.46626],[153.041265,-27.465901],[153.041761,-27.465402],[153.042166,-27.465007],[153.042166,-27.465007],[153.042221,-27.464954],[153.04247,-27.464686],[153.042661,-27.464466],[153.041646,-27.463678],[153.041475,-27.463544],[153.041475,-27.463544],[153.041215,-27.463342],[153.04076,-27.462987],[153.040446,-27.462743],[153.03979,-27.462234],[153.039144,-27.461726],[153.039144,-27.461726],[153.038906,-27.461539],[153.038008,-27.460834],[153.03758,-27.460496],[153.03758,-27.460496],[153.037179,-27.460182],[153.036922,-27.459981],[153.036348,-27.459531],[153.036119,-27.45935],[153.03574,-27.459051],[153.035382,-27.458768],[153.035382,-27.458768],[153.035015,-27.458477],[153.034365,-27.459116],[153.03427,-27.459217],[153.033799,-27.459679],[153.033552,-27.459927],[153.033224,-27.460257],[153.033224,-27.460257],[153.032581,-27.460906],[153.032457,-27.461044],[153.031792,-27.461724],[153.031704,-27.461829],[153.031706,-27.461849],[153.031676,-27.46196],[153.031592,-27.46211],[153.031512,-27.462221],[153.031419,-27.462367],[153.031342,-27.462544],[153.031294,-27.462699],[153.031278,-27.462823],[153.031307,-27.463004],[153.031371,-27.4633],[153.03137,-27.463524],[153.031166,-27.463684],[153.029744,-27.464781],[153.029744,-27.464781],[153.029545,-27.464934],[153.028691,-27.465599],[153.028473,-27.465765],[153.02786,-27.466239],[153.027153,-27.466786],[153.027009,-27.466899],[153.026651,-27.467177],[153.026651,-27.467177],[153.026226,-27.467508],[153.02617,-27.467553],[153.025348,-27.468195],[153.02524,-27.468279],[153.024928,-27.468522],[153.024482,-27.468866],[153.024317,-27.468994],[153.024317,-27.468994],[153.022794,-27.470179],[153.022396,-27.470496],[153.021938,-27.470851],[153.022619,-27.471454],[153.022706,-27.471565],[153.022656,-27.471595],[153.022574,-27.471633],[153.022404,-27.47166],[153.020147,-27.472834],[153.019898,-27.472972],[153.019464,-27.473232],[153.018618,-27.473688],[153.018267,-27.473948],[153.018187,-27.474007],[153.017887,-27.474178],[153.017887,-27.474178],[153.017743,-27.474261],[153.017407,-27.474441],[153.016583,-27.474885],[153.016475,-27.474998],[153.015518,-27.475534],[153.014556,-27.476057],[153.014316,-27.476189],[153.014316,-27.476189],[153.013603,-27.47658],[153.013484,-27.476669],[153.01309,-27.476897],[153.012896,-27.477005],[153.012803,-27.477075],[153.012709,-27.477232],[153.012953,-27.477562],[153.013088,-27.477756],[153.013088,-27.477756],[153.01384,-27.478837],[153.014277,-27.479472],[153.014277,-27.479472],[153.015025,-27.480561],[153.015425,-27.481148],[153.015425,-27.481148],[153.015538,-27.481314],[153.015554,-27.481387],[153.015555,-27.481487],[153.016434,-27.481625],[153.016671,-27.481662],[153.017029,-27.481715],[153.017954,-27.481847],[153.017954,-27.481847],[153.018632,-27.481944],[153.018816,-27.481935],[153.0189,-27.481946],[153.018934,-27.482017],[153.019036,-27.482178],[153.019093,-27.482257],[153.019376,-27.482646],[153.0196,-27.482906],[153.0196,-27.482906],[153.019655,-27.48297],[153.019709,-27.483085],[153.01975,-27.48319],[153.019779,-27.483322],[153.019804,-27.483993],[153.019818,-27.484528],[153.019824,-27.48492],[153.019812,-27.485052],[153.019772,-27.485231],[153.019772,-27.485231],[153.019649,-27.485794],[153.019503,-27.486574],[153.019486,-27.486686],[153.019448,-27.486889],[153.019362,-27.487109],[153.019276,-27.487278],[153.01906,-27.487669],[153.019028,-27.487737],[153.018888,-27.487948],[153.018771,-27.488225],[153.018736,-27.488372],[153.018736,-27.488372],[153.01873,-27.488399],[153.018688,-27.488611],[153.018619,-27.488697],[153.018603,-27.489026],[153.018619,-27.489488],[153.018679,-27.490187],[153.018722,-27.490331],[153.018769,-27.490471],[153.018872,-27.490625],[153.01922,-27.490913],[153.019438,-27.491091],[153.019438,-27.491091],[153.019979,-27.491531],[153.020354,-27.491897],[153.021835,-27.493273],[153.022001,-27.493425],[153.022001,-27.493425],[153.022412,-27.493799],[153.02266,-27.494048],[153.023018,-27.494188],[153.023018,-27.494188],[153.023304,-27.494301],[153.023688,-27.494482],[153.024479,-27.494873],[153.024635,-27.494947],[153.024753,-27.494978],[153.024915,-27.495085],[153.025045,-27.495206],[153.025216,-27.4954],[153.02555,-27.495775],[153.025949,-27.496206],[153.025949,-27.496206],[153.026087,-27.496356],[153.02615,-27.496432],[153.026236,-27.496519],[153.026335,-27.496584],[153.02676,-27.49677],[153.026916,-27.496857],[153.026985,-27.496943],[153.027049,-27.497015],[153.027049,-27.497015],[153.027099,-27.49707],[153.027245,-27.497281],[153.027366,-27.497481],[153.027476,-27.497724],[153.027559,-27.497893],[153.027724,-27.498237],[153.027809,-27.498479],[153.027809,-27.498479],[153.02795,-27.498878],[153.028195,-27.499355],[153.028249,-27.499527],[153.028385,-27.499736],[153.028423,-27.499817],[153.02843,-27.499908],[153.028398,-27.500085],[153.02835,-27.500198],[153.028265,-27.500437],[153.028265,-27.500437],[153.028212,-27.500583],[153.028058,-27.501059],[153.027953,-27.501329],[153.02776,-27.501602],[153.027406,-27.502003],[153.027194,-27.502242],[153.027008,-27.502456],[153.027008,-27.502456],[153.026698,-27.502812],[153.025888,-27.503734],[153.025823,-27.503842],[153.025823,-27.503842],[153.025753,-27.503958],[153.025664,-27.504158],[153.025505,-27.504741],[153.025341,-27.505563],[153.025341,-27.505563],[153.025257,-27.505988],[153.024933,-27.507802],[153.024933,-27.507802],[153.024887,-27.508059],[153.024762,-27.508389],[153.024617,-27.508649],[153.024407,-27.508968],[153.024243,-27.509114],[153.024854,-27.509228],[153.025285,-27.508576],[153.025351,-27.508274]]}},{"type":"Feature","properties":{"route":"196","name":"Fairfield Gardens - Merthyr via City/Valley","category":"high_bus","route_type":"3","shape_id":"1960070"},"geometry":{"type":"LineString","coordinates":[[153.045105,-27.473149],[153.044792,-27.47322],[153.044044,-27.47265],[153.043923,-27.47277],[153.043311,-27.473394],[153.042821,-27.473892],[153.04314,-27.47413],[153.04314,-27.47413],[153.044025,-27.47479],[153.044479,-27.47477],[153.044479,-27.47477],[153.04506,-27.474745],[153.045335,-27.474715],[153.046121,-27.47445],[153.046302,-27.47439],[153.046598,-27.474274],[153.046598,-27.474274],[153.047181,-27.474047],[153.047592,-27.473887],[153.048563,-27.473476],[153.049078,-27.473142],[153.049758,-27.472442],[153.049758,-27.472442],[153.050267,-27.471918],[153.051134,-27.471022],[153.050729,-27.470708],[153.050729,-27.470708],[153.050211,-27.470308],[153.049381,-27.469662],[153.049381,-27.469662],[153.048243,-27.468775],[153.048243,-27.468775],[153.048108,-27.468671],[153.048094,-27.468685],[153.04807,-27.4687],[153.048043,-27.468711],[153.048014,-27.468716],[153.047984,-27.468716],[153.047955,-27.468711],[153.047928,-27.4687],[153.047905,-27.468685],[153.047884,-27.468665],[153.047869,-27.468642],[153.04786,-27.468617],[153.047857,-27.468591],[153.04786,-27.468565],[153.047869,-27.46854],[153.047884,-27.468517],[153.047896,-27.468505],[153.047074,-27.467867],[153.046351,-27.467318],[153.046351,-27.467318],[153.046138,-27.467156],[153.045677,-27.467621],[153.045229,-27.468079],[153.044847,-27.468473],[153.044847,-27.468473],[153.044581,-27.468748],[153.044334,-27.469004],[153.043932,-27.469418],[153.043589,-27.469769],[153.043408,-27.469957],[153.043264,-27.470104],[153.043264,-27.470104],[153.043088,-27.470284],[153.043113,-27.470308],[153.04313,-27.470334],[153.043141,-27.470363],[153.043144,-27.470393],[153.043141,-27.470423],[153.04313,-27.470452],[153.043113,-27.470478],[153.043104,-27.470487],[153.043092,-27.4705],[153.043063,-27.470518],[153.043032,-27.47053],[153.042999,-27.470536],[153.042965,-27.470536],[153.042932,-27.47053],[153.042901,-27.470518],[153.042876,-27.470502],[153.042851,-27.470478],[153.042834,-27.470452],[153.042823,-27.470423],[153.04282,-27.470393],[153.042823,-27.470363],[153.042834,-27.470334],[153.042851,-27.470308],[153.042873,-27.470286],[153.042893,-27.470273],[153.042195,-27.46933],[153.04176,-27.468744],[153.04176,-27.468744],[153.041719,-27.468689],[153.041471,-27.468344],[153.04129,-27.467688],[153.041129,-27.467103],[153.040933,-27.466384],[153.040933,-27.466384],[153.0409,-27.46626],[153.041265,-27.465901],[153.041761,-27.465402],[153.042166,-27.465007],[153.042166,-27.465007],[153.042221,-27.464954],[153.04247,-27.464686],[153.042661,-27.464466],[153.041646,-27.463678],[153.041475,-27.463544],[153.041475,-27.463544],[153.041215,-27.463342],[153.04076,-27.462987],[153.040446,-27.462743],[153.03979,-27.462234],[153.039144,-27.461726],[153.039144,-27.461726],[153.038906,-27.461539],[153.038008,-27.460834],[153.03758,-27.460496],[153.03758,-27.460496],[153.037179,-27.460182],[153.036922,-27.459981],[153.036348,-27.459531],[153.036119,-27.45935],[153.036095,-27.459361],[153.036003,-27.459338],[153.035905,-27.459298],[153.035824,-27.459252],[153.035785,-27.459237],[153.03574,-27.459232],[153.035697,-27.45924],[153.035662,-27.459252],[153.035462,-27.459448],[153.035438,-27.459504],[153.03543,-27.459568],[153.035429,-27.459643],[153.035442,-27.459714],[153.035487,-27.459775],[153.035571,-27.45985],[153.035618,-27.459955],[153.035641,-27.460043],[153.035644,-27.46011],[153.035634,-27.460161],[153.035506,-27.460379],[153.034775,-27.461102],[153.034043,-27.461871],[153.033801,-27.462012],[153.033508,-27.462094],[153.033299,-27.462103],[153.032975,-27.4621],[153.032502,-27.462031],[153.032022,-27.462679],[153.031847,-27.462906],[153.031847,-27.462906],[153.03137,-27.463524],[153.031166,-27.463684],[153.029744,-27.464781],[153.029744,-27.464781],[153.029545,-27.464934],[153.028691,-27.465599],[153.028473,-27.465765],[153.02786,-27.466239],[153.027153,-27.466786],[153.027009,-27.466899],[153.026651,-27.467177],[153.026651,-27.467177],[153.026226,-27.467508],[153.02617,-27.467553],[153.025348,-27.468195],[153.02524,-27.468279],[153.024928,-27.468522],[153.024482,-27.468866],[153.024317,-27.468994],[153.024317,-27.468994],[153.022794,-27.470179],[153.022396,-27.470496],[153.021938,-27.470851],[153.022619,-27.471454],[153.022706,-27.471565],[153.022656,-27.471595],[153.022574,-27.471633],[153.022404,-27.47166],[153.020147,-27.472834],[153.019898,-27.472972],[153.019464,-27.473232],[153.018618,-27.473688],[153.018267,-27.473948],[153.018187,-27.474007],[153.017887,-27.474178],[153.017887,-27.474178],[153.017743,-27.474261],[153.017407,-27.474441],[153.016583,-27.474885],[153.016475,-27.474998],[153.015518,-27.475534],[153.014556,-27.476057],[153.014316,-27.476189],[153.014316,-27.476189],[153.013603,-27.47658],[153.013484,-27.476669],[153.01309,-27.476897],[153.012896,-27.477005],[153.012803,-27.477075],[153.012709,-27.477232],[153.012953,-27.477562],[153.013088,-27.477756],[153.013088,-27.477756],[153.01384,-27.478837],[153.014277,-27.479472],[153.014277,-27.479472],[153.015025,-27.480561],[153.015425,-27.481148],[153.015425,-27.481148],[153.015538,-27.481314],[153.015554,-27.481387],[153.015555,-27.481487],[153.016434,-27.481625],[153.016671,-27.481662],[153.017029,-27.481715],[153.017954,-27.481847],[153.017954,-27.481847],[153.018632,-27.481944],[153.018816,-27.481935],[153.0189,-27.481946],[153.018934,-27.482017],[153.019036,-27.482178],[153.019093,-27.482257],[153.019376,-27.482646],[153.0196,-27.482906],[153.0196,-27.482906],[153.019655,-27.48297],[153.019709,-27.483085],[153.01975,-27.48319],[153.019779,-27.483322],[153.019804,-27.483993],[153.019818,-27.484528],[153.019824,-27.48492],[153.019812,-27.485052],[153.019772,-27.485231],[153.019772,-27.485231],[153.019649,-27.485794],[153.019503,-27.486574],[153.019486,-27.486686],[153.019448,-27.486889],[153.019362,-27.487109],[153.019276,-27.487278],[153.01906,-27.487669],[153.019028,-27.487737],[153.018888,-27.487948],[153.018771,-27.488225],[153.018736,-27.488372],[153.018736,-27.488372],[153.01873,-27.488399],[153.018688,-27.488611],[153.018619,-27.488697],[153.018603,-27.489026],[153.018619,-27.489488],[153.018679,-27.490187],[153.018722,-27.490331],[153.018769,-27.490471],[153.018872,-27.490625],[153.01922,-27.490913],[153.019438,-27.491091],[153.019438,-27.491091],[153.019979,-27.491531],[153.020354,-27.491897],[153.021835,-27.493273],[153.022001,-27.493425],[153.022001,-27.493425],[153.022412,-27.493799],[153.02266,-27.494048],[153.023018,-27.494188],[153.023018,-27.494188],[153.023304,-27.494301],[153.023688,-27.494482],[153.024479,-27.494873],[153.024635,-27.494947],[153.024753,-27.494978],[153.024915,-27.495085],[153.025045,-27.495206],[153.025216,-27.4954],[153.02555,-27.495775],[153.025949,-27.496206],[153.025949,-27.496206],[153.026087,-27.496356],[153.02615,-27.496432],[153.026236,-27.496519],[153.026335,-27.496584],[153.02676,-27.49677],[153.026916,-27.496857],[153.026985,-27.496943],[153.027049,-27.497015],[153.027049,-27.497015],[153.027099,-27.49707],[153.027245,-27.497281],[153.027366,-27.497481],[153.027476,-27.497724],[153.027559,-27.497893],[153.027724,-27.498237],[153.027809,-27.498479],[153.027809,-27.498479],[153.02795,-27.498878],[153.028195,-27.499355],[153.028249,-27.499527],[153.028385,-27.499736],[153.028423,-27.499817],[153.02843,-27.499908],[153.028398,-27.500085],[153.02835,-27.500198],[153.028265,-27.500437],[153.028265,-27.500437],[153.028212,-27.500583],[153.028058,-27.501059],[153.027953,-27.501329],[153.02776,-27.501602],[153.027406,-27.502003],[153.027194,-27.502242],[153.027008,-27.502456],[153.027008,-27.502456],[153.026698,-27.502812],[153.025888,-27.503734],[153.025823,-27.503842],[153.025823,-27.503842],[153.025753,-27.503958],[153.025664,-27.504158],[153.025505,-27.504741],[153.025341,-27.505563],[153.025341,-27.505563],[153.025257,-27.505988],[153.024933,-27.507802],[153.024933,-27.507802],[153.024887,-27.508059],[153.024762,-27.508389],[153.024617,-27.508649],[153.024407,-27.508968],[153.024243,-27.509114],[153.024854,-27.509228],[153.025285,-27.508576],[153.025351,-27.508274]]}},{"type":"Feature","properties":{"route":"199","name":"West End - Teneriffe Ferry via City/Valley","category":"high_bus","route_type":"3","shape_id":"1990085"},"geometry":{"type":"LineString","coordinates":[[153.047991,-27.452218],[153.048333,-27.452658],[153.048872,-27.453448],[153.049349,-27.454237],[153.049763,-27.455221],[153.049841,-27.455476],[153.049861,-27.455682],[153.049861,-27.455682],[153.049897,-27.456031],[153.049951,-27.456906],[153.049955,-27.456968],[153.050037,-27.457708],[153.050044,-27.457784],[153.050044,-27.457784],[153.050082,-27.458179],[153.050052,-27.459013],[153.050082,-27.460416],[153.050082,-27.460416],[153.050091,-27.460876],[153.050189,-27.46228],[153.050273,-27.462943],[153.050189,-27.463028],[153.049931,-27.463289],[153.049931,-27.463289],[153.049867,-27.463354],[153.049198,-27.464035],[153.048695,-27.464549],[153.048161,-27.465098],[153.047984,-27.465276],[153.047984,-27.465276],[153.047852,-27.46541],[153.047622,-27.465647],[153.047321,-27.465956],[153.046763,-27.466526],[153.046524,-27.466772],[153.046365,-27.466929],[153.046365,-27.466929],[153.046138,-27.467156],[153.045094,-27.466367],[153.044904,-27.466208],[153.044302,-27.465744],[153.044302,-27.465744],[153.044134,-27.465614],[153.043611,-27.465207],[153.042968,-27.464706],[153.042968,-27.464706],[153.042661,-27.464466],[153.041646,-27.463678],[153.041475,-27.463544],[153.041475,-27.463544],[153.041215,-27.463342],[153.04076,-27.462987],[153.040446,-27.462743],[153.03979,-27.462234],[153.039144,-27.461726],[153.039144,-27.461726],[153.038906,-27.461539],[153.038008,-27.460834],[153.03758,-27.460496],[153.03758,-27.460496],[153.037179,-27.460182],[153.036922,-27.459981],[153.036348,-27.459531],[153.036119,-27.45935],[153.036095,-27.459361],[153.036003,-27.459338],[153.035905,-27.459298],[153.035824,-27.459252],[153.035785,-27.459237],[153.03574,-27.459232],[153.035697,-27.45924],[153.035662,-27.459252],[153.035462,-27.459448],[153.035438,-27.459504],[153.03543,-27.459568],[153.035429,-27.459643],[153.035442,-27.459714],[153.035487,-27.459775],[153.035571,-27.45985],[153.035618,-27.459955],[153.035641,-27.460043],[153.035644,-27.46011],[153.035634,-27.460161],[153.035506,-27.460379],[153.034775,-27.461102],[153.034043,-27.461871],[153.033801,-27.462012],[153.033508,-27.462094],[153.033299,-27.462103],[153.032975,-27.4621],[153.032502,-27.462031],[153.032022,-27.462679],[153.031847,-27.462906],[153.031847,-27.462906],[153.03137,-27.463524],[153.031166,-27.463684],[153.029744,-27.464781],[153.029744,-27.464781],[153.029545,-27.464934],[153.028691,-27.465599],[153.028473,-27.465765],[153.02786,-27.466239],[153.027153,-27.466786],[153.027009,-27.466899],[153.026651,-27.467177],[153.026651,-27.467177],[153.026226,-27.467508],[153.02617,-27.467553],[153.025348,-27.468195],[153.02524,-27.468279],[153.024928,-27.468522],[153.024482,-27.468866],[153.024317,-27.468994],[153.024317,-27.468994],[153.022794,-27.470179],[153.022396,-27.470496],[153.021938,-27.470851],[153.022619,-27.471454],[153.022706,-27.471565],[153.022656,-27.471595],[153.022574,-27.471633],[153.022404,-27.47166],[153.020147,-27.472834],[153.019898,-27.472972],[153.019464,-27.473232],[153.018618,-27.473688],[153.018267,-27.473948],[153.018187,-27.474007],[153.017887,-27.474178],[153.017887,-27.474178],[153.017743,-27.474261],[153.017407,-27.474441],[153.016583,-27.474885],[153.016475,-27.474998],[153.015518,-27.475534],[153.014556,-27.476057],[153.014316,-27.476189],[153.014316,-27.476189],[153.013603,-27.47658],[153.013484,-27.476669],[153.01309,-27.476897],[153.012896,-27.477005],[153.012803,-27.477075],[153.012709,-27.477232],[153.01263,-27.477748],[153.01263,-27.477748],[153.012493,-27.478636],[153.012415,-27.479058],[153.012415,-27.479058],[153.012385,-27.479221],[153.012303,-27.479673],[153.012129,-27.480587],[153.012129,-27.480587],[153.012055,-27.480976],[153.01131,-27.480865],[153.010959,-27.480813],[153.01063,-27.480765],[153.010304,-27.480716],[153.010304,-27.480716],[153.00999,-27.480669],[153.009361,-27.480576],[153.008994,-27.480519],[153.008873,-27.480516],[153.008737,-27.480525],[153.008583,-27.480552],[153.008319,-27.480593],[153.00815,-27.480612],[153.007983,-27.480597],[153.007646,-27.480546],[153.007646,-27.480546],[153.007322,-27.480498],[153.007224,-27.481029],[153.007063,-27.481915],[153.006924,-27.482649],[153.006924,-27.482649],[153.006904,-27.482755],[153.006834,-27.483116],[153.006763,-27.483482],[153.006654,-27.484056],[153.006654,-27.484056],[153.006638,-27.484142],[153.006593,-27.484378],[153.006443,-27.485148],[153.006426,-27.485268],[153.006279,-27.486014],[153.006258,-27.486113],[153.006225,-27.486327],[153.006225,-27.486327],[153.006151,-27.486791],[153.005991,-27.486828],[153.005724,-27.486814],[153.004756,-27.486666],[153.004756,-27.486666],[153.004353,-27.486605],[153.004287,-27.486601],[153.004229,-27.48661],[153.004188,-27.486624],[153.004152,-27.486641],[153.004083,-27.486704],[153.004047,-27.486784],[153.003997,-27.487055],[153.003827,-27.487921],[153.003842,-27.487924],[153.003871,-27.487938],[153.003891,-27.487956],[153.0039,-27.487969],[153.003908,-27.487984],[153.003911,-27.488014],[153.003909,-27.488025],[153.003907,-27.488036],[153.003894,-27.488059],[153.003884,-27.48807],[153.003871,-27.48808],[153.003845,-27.488093],[153.00383,-27.488097],[153.003803,-27.488099],[153.003792,-27.488097],[153.003766,-27.488229],[153.003766,-27.488229],[153.003635,-27.48889],[153.003557,-27.489285],[153.003495,-27.489619],[153.003473,-27.48973],[153.003326,-27.489769],[153.002368,-27.48972]]}},{"type":"Feature","properties":{"route":"199","name":"West End - Teneriffe Ferry via City/Valley","category":"high_bus","route_type":"3","shape_id":"1990086"},"geometry":{"type":"LineString","coordinates":[[153.002368,-27.48972],[153.002079,-27.489704],[153.002139,-27.489326],[153.002139,-27.489326],[153.002184,-27.489043],[153.002256,-27.488645],[153.002409,-27.487802],[153.003487,-27.487963],[153.003487,-27.487963],[153.003709,-27.487995],[153.003718,-27.487969],[153.003735,-27.487948],[153.003759,-27.487931],[153.003776,-27.487925],[153.003795,-27.487921],[153.003827,-27.487921],[153.003997,-27.487055],[153.004047,-27.486784],[153.004065,-27.486743],[153.004065,-27.486743],[153.004083,-27.486704],[153.004152,-27.486641],[153.004188,-27.486624],[153.004229,-27.48661],[153.004287,-27.486601],[153.004353,-27.486605],[153.005724,-27.486814],[153.005991,-27.486828],[153.006151,-27.486791],[153.006246,-27.486189],[153.006246,-27.486189],[153.006258,-27.486113],[153.006279,-27.486014],[153.006426,-27.485268],[153.006443,-27.485148],[153.006593,-27.484378],[153.006619,-27.484237],[153.006619,-27.484237],[153.006638,-27.484142],[153.006763,-27.483482],[153.006834,-27.483116],[153.006884,-27.482856],[153.006884,-27.482856],[153.006904,-27.482755],[153.007063,-27.481915],[153.007224,-27.481029],[153.007322,-27.480498],[153.007711,-27.480556],[153.007711,-27.480556],[153.007983,-27.480597],[153.00815,-27.480612],[153.008319,-27.480593],[153.008583,-27.480552],[153.008737,-27.480525],[153.008873,-27.480516],[153.008994,-27.480519],[153.009361,-27.480576],[153.00999,-27.480669],[153.010144,-27.480692],[153.010144,-27.480692],[153.01063,-27.480765],[153.010959,-27.480813],[153.01131,-27.480865],[153.01162,-27.480911],[153.01162,-27.480911],[153.012055,-27.480976],[153.012303,-27.479673],[153.012349,-27.479416],[153.012349,-27.479416],[153.012385,-27.479221],[153.012493,-27.478636],[153.012607,-27.477894],[153.012607,-27.477894],[153.012709,-27.477232],[153.012734,-27.477129],[153.012764,-27.477039],[153.012785,-27.476989],[153.012898,-27.476912],[153.01306,-27.476827],[153.013408,-27.476647],[153.013603,-27.47658],[153.014556,-27.476057],[153.015023,-27.475802],[153.015023,-27.475802],[153.015518,-27.475534],[153.016475,-27.474998],[153.016583,-27.474885],[153.017407,-27.474441],[153.017743,-27.474261],[153.018187,-27.474007],[153.018267,-27.473948],[153.018618,-27.473688],[153.019442,-27.473244],[153.019442,-27.473244],[153.019464,-27.473232],[153.019898,-27.472972],[153.020147,-27.472834],[153.022404,-27.47166],[153.022574,-27.471633],[153.022598,-27.471616],[153.022614,-27.471595],[153.022616,-27.471586],[153.022611,-27.471568],[153.021906,-27.470898],[153.021901,-27.470888],[153.021904,-27.47088],[153.021938,-27.470851],[153.022396,-27.470496],[153.022794,-27.470179],[153.023762,-27.469425],[153.023762,-27.469425],[153.024482,-27.468866],[153.024928,-27.468522],[153.02524,-27.468279],[153.025348,-27.468195],[153.02617,-27.467553],[153.026226,-27.467508],[153.026705,-27.467135],[153.026705,-27.467135],[153.027009,-27.466899],[153.027153,-27.466786],[153.02786,-27.466239],[153.028473,-27.465765],[153.028691,-27.465599],[153.029545,-27.464934],[153.029812,-27.464728],[153.029812,-27.464728],[153.031166,-27.463684],[153.03137,-27.463524],[153.031733,-27.463055],[153.031733,-27.463055],[153.032022,-27.462679],[153.032502,-27.462031],[153.032975,-27.4621],[153.033299,-27.462103],[153.033508,-27.462094],[153.033801,-27.462012],[153.034043,-27.461871],[153.034775,-27.461102],[153.035506,-27.460379],[153.035634,-27.460161],[153.035644,-27.46011],[153.035641,-27.460043],[153.035618,-27.459955],[153.035522,-27.459871],[153.035453,-27.459833],[153.035335,-27.459799],[153.035231,-27.459798],[153.035143,-27.459821],[153.035068,-27.459863],[153.035026,-27.459899],[153.034995,-27.459954],[153.034972,-27.460005],[153.034965,-27.460062],[153.034969,-27.460109],[153.034984,-27.460176],[153.035088,-27.460275],[153.035167,-27.460329],[153.035254,-27.460347],[153.035361,-27.460348],[153.035447,-27.460324],[153.035565,-27.460281],[153.035725,-27.460125],[153.035958,-27.459888],[153.036348,-27.459531],[153.036679,-27.45979],[153.036679,-27.45979],[153.036922,-27.459981],[153.037179,-27.460182],[153.038008,-27.460834],[153.038608,-27.461304],[153.038608,-27.461304],[153.038906,-27.461539],[153.03979,-27.462234],[153.040066,-27.462449],[153.040066,-27.462449],[153.040446,-27.462743],[153.04076,-27.462987],[153.041215,-27.463342],[153.041646,-27.463678],[153.041936,-27.463903],[153.041936,-27.463903],[153.042661,-27.464466],[153.043611,-27.465207],[153.044134,-27.465614],[153.044634,-27.466001],[153.044634,-27.466001],[153.044904,-27.466208],[153.045094,-27.466367],[153.046138,-27.467156],[153.046524,-27.466772],[153.046651,-27.466642],[153.046651,-27.466642],[153.046763,-27.466526],[153.047321,-27.465956],[153.047622,-27.465647],[153.047852,-27.46541],[153.048022,-27.465238],[153.048022,-27.465238],[153.048161,-27.465098],[153.048695,-27.464549],[153.049198,-27.464035],[153.049787,-27.463435],[153.049787,-27.463435],[153.049867,-27.463354],[153.050189,-27.463028],[153.050273,-27.462943],[153.050189,-27.46228],[153.050108,-27.461108],[153.050108,-27.461108],[153.050091,-27.460876],[153.050052,-27.459013],[153.050061,-27.458775],[153.050061,-27.458775],[153.050082,-27.458179],[153.050037,-27.457708],[153.049955,-27.456968],[153.049951,-27.456906],[153.049897,-27.456031],[153.049841,-27.455476],[153.049829,-27.455435],[153.049829,-27.455435],[153.049763,-27.455221],[153.049349,-27.454237],[153.048872,-27.453448],[153.048333,-27.452658],[153.047928,-27.453069]]}},{"type":"Feature","properties":{"route":"200","name":"Carindale Heights - City Express","category":"high_bus","route_type":"3","shape_id":"2000044"},"geometry":{"type":"LineString","coordinates":[[153.121227,-27.525453],[153.121224,-27.525451],[153.121241,-27.525288],[153.121189,-27.525279],[153.11733,-27.524665],[153.116913,-27.524601],[153.116913,-27.524601],[153.115816,-27.524431],[153.113746,-27.52411],[153.112684,-27.523946],[153.111917,-27.523827],[153.111916,-27.523836],[153.111906,-27.523863],[153.11189,-27.523888],[153.111869,-27.523909],[153.111843,-27.523926],[153.111813,-27.523938],[153.111782,-27.523944],[153.11175,-27.523944],[153.111719,-27.523938],[153.111689,-27.523926],[153.111663,-27.523909],[153.111642,-27.523888],[153.111626,-27.523863],[153.111616,-27.523836],[153.111612,-27.523808],[153.111616,-27.523782],[153.111626,-27.523753],[153.111642,-27.523728],[153.111663,-27.523707],[153.111689,-27.52369],[153.111719,-27.523678],[153.11175,-27.523672],[153.111782,-27.523672],[153.111795,-27.523675],[153.111926,-27.523004],[153.111926,-27.523004],[153.112048,-27.522376],[153.112238,-27.521405],[153.112344,-27.520864],[153.112344,-27.520864],[153.112358,-27.520793],[153.112479,-27.520219],[153.112449,-27.519929],[153.112423,-27.519919],[153.112398,-27.519903],[153.112378,-27.519883],[153.112371,-27.519872],[153.112362,-27.519859],[153.112353,-27.519833],[153.11235,-27.519806],[153.112353,-27.519779],[153.112362,-27.519753],[153.112373,-27.519736],[153.112398,-27.519709],[153.112423,-27.519693],[153.112451,-27.519682],[153.112485,-27.519676],[153.112515,-27.519618],[153.112629,-27.519433],[153.112652,-27.519245],[153.112656,-27.51915],[153.112666,-27.519058],[153.112615,-27.518642],[153.112671,-27.518239],[153.11279,-27.517928],[153.112907,-27.517673],[153.113046,-27.517146],[153.113436,-27.51527],[153.113525,-27.514776],[153.113528,-27.514761],[153.113528,-27.514761],[153.113656,-27.514048],[153.113793,-27.513355],[153.113959,-27.512619],[153.113968,-27.512359],[153.113941,-27.511987],[153.113941,-27.51163],[153.113974,-27.511369],[153.114039,-27.511176],[153.114159,-27.510988],[153.114257,-27.510824],[153.114344,-27.510631],[153.114675,-27.508773],[153.114752,-27.508367],[153.114752,-27.508367],[153.114867,-27.507755],[153.115393,-27.505155],[153.115544,-27.504322],[153.114691,-27.504216],[153.113974,-27.504115],[153.113974,-27.504115],[153.113444,-27.504041],[153.113239,-27.504074],[153.112979,-27.504146],[153.112678,-27.50429],[153.112425,-27.504557],[153.112328,-27.504752],[153.112165,-27.50533],[153.112027,-27.505582],[153.111864,-27.505792],[153.111701,-27.505929],[153.111325,-27.50607],[153.111073,-27.506095],[153.111073,-27.506095],[153.11101,-27.506102],[153.110656,-27.50606],[153.110383,-27.505972],[153.11014,-27.505806],[153.109384,-27.505369],[153.10858,-27.506297],[153.108202,-27.506672],[153.107668,-27.506965],[153.107422,-27.506659],[153.107422,-27.506659],[153.107282,-27.506485],[153.10694,-27.506205],[153.106615,-27.506037],[153.106257,-27.505943],[153.105883,-27.505907],[153.105565,-27.505914],[153.105171,-27.50601],[153.104767,-27.506106],[153.103817,-27.506309],[153.103307,-27.506246],[153.10312,-27.506192],[153.103003,-27.506133],[153.102882,-27.506066],[153.102764,-27.505987],[153.102653,-27.505871],[153.102615,-27.505807],[153.102606,-27.505811],[153.102587,-27.505814],[153.102567,-27.505814],[153.102548,-27.505811],[153.10253,-27.505804],[153.102515,-27.505793],[153.102501,-27.50578],[153.102491,-27.505765],[153.102485,-27.505748],[153.102483,-27.505732],[153.102485,-27.505714],[153.102491,-27.505697],[153.102501,-27.505682],[153.102514,-27.505669],[153.10253,-27.505658],[153.102548,-27.505651],[153.102564,-27.505648],[153.102561,-27.505567],[153.102653,-27.505393],[153.102974,-27.504842],[153.103032,-27.504667],[153.103128,-27.504175],[153.10327,-27.503446],[153.103327,-27.503154],[153.103327,-27.503154],[153.103404,-27.502763],[153.103414,-27.502713],[153.103395,-27.502659],[153.103405,-27.502606],[153.10342,-27.502513],[153.1035,-27.502045],[153.103505,-27.501894],[153.10348,-27.501884],[153.103454,-27.501867],[153.103432,-27.501846],[153.103416,-27.501822],[153.103406,-27.501794],[153.103403,-27.501766],[153.103405,-27.501749],[153.103406,-27.501738],[153.103416,-27.50171],[153.103432,-27.501686],[153.103454,-27.501665],[153.103466,-27.501657],[153.10348,-27.501648],[153.103509,-27.501636],[153.103541,-27.50163],[153.103573,-27.50163],[153.103585,-27.501632],[153.103725,-27.50075],[153.103729,-27.500701],[153.103703,-27.500546],[153.103648,-27.500468],[153.103536,-27.500395],[153.103341,-27.500325],[153.102563,-27.500113],[153.101967,-27.499836],[153.101544,-27.499589],[153.100862,-27.49911],[153.100708,-27.499012],[153.10034,-27.498724],[153.099358,-27.49794],[153.098114,-27.496974],[153.097429,-27.496587],[153.096856,-27.496342],[153.096401,-27.496197],[153.095758,-27.496041],[153.094774,-27.495885],[153.094384,-27.495823],[153.093149,-27.495692],[153.092974,-27.495667],[153.092066,-27.495552],[153.091559,-27.495496],[153.091071,-27.49547],[153.090469,-27.495525],[153.089419,-27.495673],[153.089271,-27.495696],[153.089271,-27.495696],[153.088695,-27.495791],[153.087167,-27.496019],[153.086871,-27.495976],[153.086596,-27.495868],[153.086334,-27.495688],[153.086095,-27.495443],[153.085982,-27.495299],[153.085366,-27.494496],[153.08528,-27.494382],[153.084883,-27.493882],[153.084643,-27.493663],[153.084394,-27.49347],[153.084167,-27.493338],[153.083644,-27.493156],[153.083414,-27.493136],[153.082159,-27.49315],[153.080615,-27.493158],[153.080082,-27.493163],[153.079563,-27.493163],[153.078231,-27.493167],[153.077305,-27.493165],[153.077196,-27.493161],[153.076516,-27.49307],[153.075514,-27.492923],[153.074836,-27.492741],[153.074836,-27.492741],[153.074547,-27.492664],[153.07414,-27.492634],[153.073501,-27.49261],[153.073226,-27.492596],[153.073069,-27.49258],[153.072928,-27.492521],[153.072798,-27.492452],[153.072525,-27.492276],[153.072336,-27.492146],[153.071932,-27.491895],[153.071594,-27.491756],[153.071473,-27.491715],[153.071069,-27.491565],[153.070634,-27.491447],[153.070259,-27.491356],[153.069697,-27.491225],[153.069426,-27.491217],[153.06924,-27.491257],[153.068971,-27.491347],[153.068518,-27.491488],[153.068351,-27.491552],[153.068302,-27.491567],[153.067725,-27.491741],[153.067569,-27.491784],[153.066376,-27.491936],[153.065119,-27.492085],[153.064398,-27.492181],[153.063368,-27.492447],[153.062992,-27.492552],[153.06272,-27.492638],[153.062467,-27.49277],[153.061072,-27.493597],[153.059286,-27.494574],[153.058778,-27.494824],[153.058778,-27.494824],[153.058401,-27.49501],[153.057701,-27.495388],[153.05755,-27.495511],[153.057162,-27.495814],[153.056768,-27.496033],[153.055704,-27.496452],[153.054741,-27.496859],[153.053952,-27.497398],[153.05385,-27.497455],[153.053127,-27.497993],[153.052683,-27.498405],[153.052645,-27.498479],[153.05255,-27.498548],[153.052436,-27.498597],[153.051963,-27.498741],[153.05158,-27.498852],[153.051395,-27.498896],[153.051169,-27.498922],[153.050846,-27.498932],[153.05075,-27.498929],[153.050686,-27.498794],[153.05065,-27.498001],[153.050687,-27.497883],[153.050681,-27.497338],[153.050673,-27.49697],[153.050673,-27.49697],[153.050669,-27.4968],[153.050432,-27.49642],[153.049903,-27.495644],[153.049381,-27.494866],[153.049032,-27.494666],[153.048698,-27.494546],[153.048409,-27.494463],[153.048116,-27.494213],[153.047895,-27.493732],[153.047565,-27.493347],[153.047287,-27.493121],[153.046721,-27.492807],[153.046003,-27.492465],[153.04575,-27.492413],[153.044757,-27.492263],[153.044619,-27.492242],[153.044395,-27.492207],[153.044395,-27.492207],[153.043499,-27.492066],[153.042807,-27.491962],[153.042418,-27.491901],[153.041895,-27.491822],[153.040891,-27.491662],[153.040726,-27.491674],[153.040611,-27.491713],[153.040429,-27.491392],[153.040318,-27.49118],[153.040206,-27.490994],[153.040133,-27.4909],[153.039935,-27.490739],[153.039763,-27.490584],[153.039141,-27.490054],[153.038768,-27.489793],[153.038415,-27.489502],[153.038358,-27.4894],[153.037767,-27.4883],[153.037653,-27.488102],[153.037549,-27.487938],[153.037413,-27.487755],[153.037278,-27.487596],[153.0374,-27.487461],[153.037444,-27.487393],[153.037485,-27.487309],[153.037455,-27.48714],[153.037319,-27.486926],[153.037131,-27.486707],[153.036256,-27.486564],[153.036006,-27.486525],[153.035884,-27.486508],[153.035886,-27.486323],[153.035601,-27.486205],[153.035298,-27.486105],[153.035155,-27.486085],[153.034659,-27.486018],[153.034659,-27.486018],[153.034537,-27.486],[153.034455,-27.485989],[153.034112,-27.486012],[153.033985,-27.486024],[153.033855,-27.486017],[153.032981,-27.48589],[153.032752,-27.485833],[153.032609,-27.485794],[153.03256,-27.485628],[153.032463,-27.48549],[153.032367,-27.485375],[153.032242,-27.485261],[153.032027,-27.485159],[153.0318,-27.485074],[153.031463,-27.48497],[153.031078,-27.48488],[153.030593,-27.484816],[153.028621,-27.484517],[153.028229,-27.484443],[153.028229,-27.484443],[153.02817,-27.484432],[153.027998,-27.484396],[153.027855,-27.484345],[153.02719,-27.483752],[153.02683,-27.483415],[153.026479,-27.483209],[153.024295,-27.48279],[153.023935,-27.482694],[153.023665,-27.482614],[153.02336,-27.48247],[153.023018,-27.482277],[153.022797,-27.482127],[153.022645,-27.481933],[153.02249,-27.481651],[153.022425,-27.481495],[153.022385,-27.481401],[153.022222,-27.481161],[153.021896,-27.480687],[153.021896,-27.480687],[153.021892,-27.480681],[153.021817,-27.480572],[153.021325,-27.479719],[153.021272,-27.479626],[153.02108,-27.479342],[153.020391,-27.478318],[153.020223,-27.477989],[153.020076,-27.4777],[153.019975,-27.477558],[153.01906,-27.476268],[153.018768,-27.475857],[153.01843,-27.475382],[153.01797,-27.474792],[153.017755,-27.474482],[153.017709,-27.474403],[153.017705,-27.474358],[153.017709,-27.474317],[153.017743,-27.474261],[153.018187,-27.474007],[153.018267,-27.473948],[153.018618,-27.473688],[153.019442,-27.473244],[153.019442,-27.473244],[153.019464,-27.473232],[153.019898,-27.472972],[153.020147,-27.472834],[153.022404,-27.47166],[153.022574,-27.471633],[153.022656,-27.471595],[153.022706,-27.471565],[153.022868,-27.471515],[153.023684,-27.4709],[153.023868,-27.470761]]}},{"type":"Feature","properties":{"route":"200","name":"Carindale Heights - City Express","category":"high_bus","route_type":"3","shape_id":"2000045"},"geometry":{"type":"LineString","coordinates":[[153.024724,-27.470113],[153.024442,-27.470328],[153.023684,-27.4709],[153.022868,-27.471515],[153.022706,-27.471565],[153.022656,-27.471595],[153.022574,-27.471633],[153.022404,-27.47166],[153.020147,-27.472834],[153.019898,-27.472972],[153.019464,-27.473232],[153.019122,-27.473417],[153.019122,-27.473417],[153.018618,-27.473688],[153.018267,-27.473948],[153.018187,-27.474007],[153.017743,-27.474261],[153.017709,-27.474317],[153.017705,-27.474358],[153.017709,-27.474403],[153.017755,-27.474482],[153.01797,-27.474792],[153.01843,-27.475382],[153.018768,-27.475857],[153.01906,-27.476268],[153.019975,-27.477558],[153.020076,-27.4777],[153.020223,-27.477989],[153.020391,-27.478318],[153.02108,-27.479342],[153.021272,-27.479626],[153.021325,-27.479719],[153.021817,-27.480572],[153.021892,-27.480681],[153.022149,-27.481056],[153.022149,-27.481056],[153.022222,-27.481161],[153.022385,-27.481401],[153.022425,-27.481495],[153.02249,-27.481651],[153.022645,-27.481933],[153.022797,-27.482127],[153.023018,-27.482277],[153.02336,-27.48247],[153.023665,-27.482614],[153.023935,-27.482694],[153.024295,-27.48279],[153.026479,-27.483209],[153.02683,-27.483415],[153.02719,-27.483752],[153.027855,-27.484345],[153.027998,-27.484396],[153.02817,-27.484432],[153.028378,-27.484472],[153.028378,-27.484472],[153.028621,-27.484517],[153.030593,-27.484816],[153.031078,-27.48488],[153.031463,-27.48497],[153.0318,-27.485074],[153.032027,-27.485159],[153.032242,-27.485261],[153.032367,-27.485375],[153.032463,-27.48549],[153.03256,-27.485628],[153.032609,-27.485794],[153.032752,-27.485833],[153.032981,-27.48589],[153.033855,-27.486017],[153.033985,-27.486024],[153.034112,-27.486012],[153.034455,-27.485989],[153.034537,-27.486],[153.035068,-27.486073],[153.035068,-27.486073],[153.035155,-27.486085],[153.035298,-27.486105],[153.035601,-27.486205],[153.035886,-27.486323],[153.036004,-27.486366],[153.036342,-27.48644],[153.03667,-27.486497],[153.036825,-27.486528],[153.03691,-27.486549],[153.036985,-27.486582],[153.037072,-27.486644],[153.037131,-27.486707],[153.037349,-27.486844],[153.037506,-27.487073],[153.037561,-27.487193],[153.037577,-27.487297],[153.037566,-27.487381],[153.037528,-27.487446],[153.037278,-27.487596],[153.037413,-27.487755],[153.037549,-27.487938],[153.037653,-27.488102],[153.037767,-27.4883],[153.038358,-27.4894],[153.038502,-27.489449],[153.03873,-27.48962],[153.03891,-27.489748],[153.039245,-27.489975],[153.039861,-27.490514],[153.040149,-27.490772],[153.040261,-27.490881],[153.040367,-27.49103],[153.04047,-27.491206],[153.040726,-27.491674],[153.040891,-27.491662],[153.041895,-27.491822],[153.042418,-27.491901],[153.042807,-27.491962],[153.043499,-27.492066],[153.044225,-27.49218],[153.044225,-27.49218],[153.044619,-27.492242],[153.044757,-27.492263],[153.04575,-27.492413],[153.046003,-27.492465],[153.046721,-27.492807],[153.047287,-27.493121],[153.047565,-27.493347],[153.047895,-27.493732],[153.048116,-27.494213],[153.048409,-27.494463],[153.048698,-27.494546],[153.049032,-27.494666],[153.049381,-27.494866],[153.049903,-27.495644],[153.050432,-27.49642],[153.050667,-27.496797],[153.050667,-27.496797],[153.050669,-27.4968],[153.050681,-27.497338],[153.050687,-27.497883],[153.050739,-27.498004],[153.050764,-27.49845],[153.050824,-27.498573],[153.050908,-27.498712],[153.050981,-27.498802],[153.051343,-27.498768],[153.051669,-27.498703],[153.05233,-27.49854],[153.052468,-27.498487],[153.052597,-27.498422],[153.052683,-27.498405],[153.053127,-27.497993],[153.05385,-27.497455],[153.053952,-27.497398],[153.054741,-27.496859],[153.055704,-27.496452],[153.056768,-27.496033],[153.057162,-27.495814],[153.05755,-27.495511],[153.057701,-27.495388],[153.057863,-27.495212],[153.058349,-27.494903],[153.058607,-27.494766],[153.058607,-27.494766],[153.059204,-27.49445],[153.060994,-27.493471],[153.062444,-27.49266],[153.062674,-27.492544],[153.062945,-27.492461],[153.063313,-27.492356],[153.064004,-27.492165],[153.064172,-27.49212],[153.064357,-27.492084],[153.064442,-27.492069],[153.065481,-27.491931],[153.066361,-27.491825],[153.067621,-27.491646],[153.068028,-27.491516],[153.068485,-27.491386],[153.068944,-27.491239],[153.06926,-27.491164],[153.06952,-27.491123],[153.069702,-27.491133],[153.070282,-27.491253],[153.070668,-27.491344],[153.071069,-27.491457],[153.071465,-27.491605],[153.071726,-27.491704],[153.072029,-27.491846],[153.072548,-27.492191],[153.072889,-27.492418],[153.073039,-27.492481],[153.073226,-27.492509],[153.07353,-27.492529],[153.073813,-27.492539],[153.074349,-27.492551],[153.074575,-27.492573],[153.074592,-27.492577],[153.074592,-27.492577],[153.074823,-27.492634],[153.075409,-27.492812],[153.075676,-27.49286],[153.077226,-27.493049],[153.077324,-27.493059],[153.078239,-27.493025],[153.07927,-27.493031],[153.080082,-27.493019],[153.081148,-27.493011],[153.082163,-27.493009],[153.083416,-27.493015],[153.083656,-27.493019],[153.08406,-27.493091],[153.084368,-27.493208],[153.084563,-27.493306],[153.08477,-27.493464],[153.085048,-27.493798],[153.085425,-27.494285],[153.085494,-27.494382],[153.086107,-27.495219],[153.086221,-27.49535],[153.086516,-27.495597],[153.086687,-27.495708],[153.086951,-27.495807],[153.087196,-27.495844],[153.088305,-27.495692],[153.088305,-27.495692],[153.088672,-27.495641],[153.089397,-27.495537],[153.090789,-27.495314],[153.091085,-27.495283],[153.091588,-27.495326],[153.092062,-27.495374],[153.092997,-27.495491],[153.093192,-27.495513],[153.09411,-27.495636],[153.094411,-27.495687],[153.09512,-27.495772],[153.095612,-27.495848],[153.096465,-27.496046],[153.097078,-27.49628],[153.097622,-27.496529],[153.098216,-27.496861],[153.100035,-27.498299],[153.100728,-27.498847],[153.100882,-27.49898],[153.101483,-27.499377],[153.101818,-27.499586],[153.102271,-27.49981],[153.102636,-27.499958],[153.103249,-27.500144],[153.10355,-27.500119],[153.103753,-27.500042],[153.104015,-27.499865],[153.104162,-27.499746],[153.104275,-27.499631],[153.104312,-27.499523],[153.104322,-27.499377],[153.104294,-27.499242],[153.104236,-27.49912],[153.104166,-27.499039],[153.104009,-27.498923],[153.103999,-27.498933],[153.103982,-27.498944],[153.103962,-27.498952],[153.103942,-27.498955],[153.103921,-27.498955],[153.1039,-27.498952],[153.10388,-27.498944],[153.103863,-27.498933],[153.103849,-27.498919],[153.103838,-27.498903],[153.103831,-27.498878],[153.103688,-27.498895],[153.103537,-27.498936],[153.103372,-27.499054],[153.10319,-27.499201],[153.102999,-27.499371],[153.102859,-27.499542],[153.102695,-27.499821],[153.102523,-27.500171],[153.10239,-27.500485],[153.102236,-27.500828],[153.102262,-27.500838],[153.102283,-27.500851],[153.1023,-27.500869],[153.102314,-27.500889],[153.10232,-27.500905],[153.102845,-27.501],[153.102956,-27.501042],[153.10302,-27.50107],[153.103099,-27.501127],[153.10316,-27.501211],[153.103217,-27.50131],[153.103245,-27.501408],[153.10328,-27.501501],[153.103363,-27.501583],[153.103466,-27.501657],[153.10348,-27.501648],[153.103509,-27.501636],[153.103541,-27.50163],[153.103573,-27.50163],[153.103585,-27.501632],[153.103605,-27.501636],[153.103634,-27.501648],[153.10366,-27.501665],[153.103682,-27.501686],[153.103698,-27.50171],[153.103708,-27.501738],[153.103712,-27.501766],[153.103709,-27.501794],[153.103698,-27.501822],[153.103682,-27.501845],[153.10366,-27.501867],[153.103634,-27.501884],[153.103608,-27.501895],[153.1035,-27.502507],[153.103455,-27.502673],[153.103414,-27.502713],[153.103404,-27.502763],[153.10327,-27.503446],[153.103128,-27.504175],[153.102463,-27.504045],[153.102633,-27.503321],[153.102741,-27.502859],[153.102741,-27.502859],[153.102788,-27.502657],[153.103404,-27.502763],[153.10327,-27.503446],[153.103128,-27.504175],[153.103032,-27.504667],[153.102974,-27.504842],[153.102653,-27.505393],[153.102561,-27.505567],[153.102564,-27.505648],[153.102607,-27.505651],[153.102624,-27.505658],[153.102653,-27.505682],[153.102663,-27.505697],[153.102669,-27.505714],[153.102671,-27.505731],[153.102663,-27.505765],[153.10264,-27.505793],[153.102615,-27.505807],[153.102653,-27.505871],[153.102764,-27.505987],[153.102882,-27.506066],[153.103003,-27.506133],[153.10312,-27.506192],[153.103307,-27.506246],[153.103817,-27.506309],[153.104767,-27.506106],[153.105171,-27.50601],[153.105565,-27.505914],[153.105883,-27.505907],[153.106257,-27.505943],[153.106615,-27.506037],[153.10694,-27.506205],[153.107282,-27.506485],[153.107517,-27.506777],[153.107517,-27.506777],[153.107668,-27.506965],[153.108202,-27.506672],[153.10858,-27.506297],[153.109384,-27.505369],[153.11014,-27.505806],[153.110383,-27.505972],[153.110656,-27.50606],[153.11101,-27.506102],[153.111298,-27.506073],[153.111298,-27.506073],[153.111325,-27.50607],[153.111701,-27.505929],[153.111864,-27.505792],[153.112027,-27.505582],[153.112165,-27.50533],[153.112328,-27.504752],[153.112425,-27.504557],[153.112678,-27.50429],[153.112979,-27.504146],[153.113239,-27.504074],[153.113444,-27.504041],[153.114691,-27.504216],[153.114897,-27.504242],[153.114897,-27.504242],[153.115544,-27.504322],[153.115393,-27.505155],[153.114867,-27.507755],[153.114675,-27.508773],[153.114583,-27.509294],[153.114583,-27.509294],[153.114344,-27.510631],[153.114257,-27.510824],[153.114159,-27.510988],[153.114039,-27.511176],[153.113974,-27.511369],[153.113941,-27.51163],[153.113941,-27.511987],[153.113968,-27.512359],[153.113959,-27.512619],[153.113793,-27.513355],[153.113656,-27.514048],[153.113525,-27.514776],[153.113458,-27.51515],[153.113458,-27.51515],[153.113436,-27.51527],[153.113046,-27.517146],[153.112907,-27.517673],[153.11279,-27.517928],[153.112671,-27.518239],[153.112615,-27.518642],[153.112666,-27.519058],[153.112656,-27.51915],[153.112652,-27.519245],[153.112629,-27.519433],[153.112569,-27.519692],[153.112596,-27.519709],[153.112616,-27.519729],[153.112632,-27.519753],[153.112641,-27.519779],[153.112644,-27.519806],[153.112641,-27.519833],[153.112632,-27.519859],[153.112616,-27.519883],[153.112596,-27.519903],[153.112577,-27.519915],[153.112543,-27.51993],[153.112529,-27.519933],[153.112522,-27.519988],[153.112479,-27.520219],[153.112358,-27.520793],[153.112238,-27.521405],[153.112237,-27.52141],[153.112237,-27.52141],[153.112048,-27.522376],[153.111867,-27.523302],[153.111867,-27.523302],[153.111795,-27.523675],[153.111813,-27.523678],[153.111843,-27.52369],[153.111869,-27.523707],[153.11189,-27.523728],[153.111906,-27.523753],[153.111916,-27.52378],[153.11192,-27.523808],[153.111917,-27.523827],[153.112684,-27.523946],[153.113746,-27.52411],[153.115371,-27.524362],[153.115371,-27.524362],[153.115816,-27.524431],[153.11733,-27.524665],[153.120191,-27.525121]]}},{"type":"Feature","properties":{"route":"222","name":"Carindale - City Express via Eastern Busway","category":"high_bus","route_type":"3","shape_id":"2220024"},"geometry":{"type":"LineString","coordinates":[[153.10338,-27.502888],[153.103404,-27.502763],[153.103414,-27.502713],[153.103395,-27.502659],[153.103405,-27.502606],[153.10342,-27.502513],[153.1035,-27.502045],[153.103505,-27.501894],[153.10348,-27.501884],[153.103454,-27.501867],[153.103432,-27.501846],[153.103416,-27.501822],[153.103406,-27.501794],[153.103403,-27.501766],[153.103405,-27.501749],[153.103406,-27.501738],[153.103416,-27.50171],[153.103432,-27.501686],[153.103454,-27.501665],[153.103466,-27.501657],[153.10348,-27.501648],[153.103509,-27.501636],[153.103541,-27.50163],[153.103573,-27.50163],[153.103585,-27.501632],[153.103725,-27.50075],[153.103729,-27.500701],[153.103703,-27.500546],[153.103648,-27.500468],[153.103536,-27.500395],[153.103341,-27.500325],[153.102563,-27.500113],[153.101967,-27.499836],[153.101544,-27.499589],[153.100862,-27.49911],[153.100708,-27.499012],[153.10034,-27.498724],[153.099358,-27.49794],[153.098114,-27.496974],[153.097429,-27.496587],[153.096856,-27.496342],[153.096401,-27.496197],[153.095758,-27.496041],[153.094774,-27.495885],[153.094384,-27.495823],[153.093149,-27.495692],[153.092974,-27.495667],[153.092066,-27.495552],[153.091559,-27.495496],[153.091071,-27.49547],[153.090469,-27.495525],[153.089419,-27.495673],[153.089271,-27.495696],[153.089271,-27.495696],[153.088695,-27.495791],[153.087167,-27.496019],[153.086871,-27.495976],[153.086596,-27.495868],[153.086334,-27.495688],[153.086095,-27.495443],[153.085982,-27.495299],[153.085366,-27.494496],[153.08528,-27.494382],[153.084883,-27.493882],[153.084643,-27.493663],[153.084394,-27.49347],[153.084167,-27.493338],[153.083644,-27.493156],[153.083414,-27.493136],[153.082159,-27.49315],[153.080615,-27.493158],[153.080082,-27.493163],[153.079563,-27.493163],[153.078231,-27.493167],[153.077305,-27.493165],[153.077196,-27.493161],[153.076516,-27.49307],[153.075514,-27.492923],[153.074836,-27.492741],[153.074836,-27.492741],[153.074547,-27.492664],[153.07414,-27.492634],[153.073501,-27.49261],[153.073226,-27.492596],[153.073069,-27.49258],[153.072928,-27.492521],[153.072798,-27.492452],[153.072525,-27.492276],[153.072336,-27.492146],[153.071932,-27.491895],[153.071594,-27.491756],[153.071473,-27.491715],[153.071069,-27.491565],[153.070634,-27.491447],[153.070259,-27.491356],[153.069697,-27.491225],[153.069426,-27.491217],[153.06924,-27.491257],[153.068971,-27.491347],[153.068518,-27.491488],[153.068351,-27.491552],[153.068302,-27.491567],[153.067725,-27.491741],[153.067569,-27.491784],[153.066376,-27.491936],[153.065314,-27.492062],[153.065314,-27.492062],[153.065119,-27.492085],[153.064398,-27.492181],[153.063368,-27.492447],[153.062992,-27.492552],[153.06272,-27.492638],[153.062467,-27.49277],[153.061072,-27.493597],[153.059286,-27.494574],[153.058778,-27.494824],[153.058778,-27.494824],[153.058401,-27.49501],[153.057701,-27.495388],[153.05755,-27.495511],[153.057162,-27.495814],[153.056768,-27.496033],[153.055704,-27.496452],[153.054741,-27.496859],[153.053952,-27.497398],[153.05385,-27.497455],[153.053127,-27.497993],[153.052683,-27.498405],[153.052645,-27.498479],[153.05255,-27.498548],[153.052436,-27.498597],[153.051963,-27.498741],[153.05158,-27.498852],[153.051395,-27.498896],[153.051169,-27.498922],[153.050846,-27.498932],[153.05075,-27.498929],[153.050686,-27.498794],[153.050534,-27.498735],[153.050375,-27.498647],[153.050198,-27.498588],[153.050033,-27.498578],[153.049793,-27.49857],[153.049228,-27.49855],[153.049228,-27.49855],[153.049177,-27.498548],[153.048777,-27.498535],[153.048592,-27.498493],[153.048437,-27.498421],[153.048304,-27.498332],[153.048159,-27.498257],[153.047978,-27.498207],[153.047705,-27.498191],[153.04653,-27.498152],[153.045386,-27.498013],[153.044698,-27.497897],[153.044008,-27.497754],[153.044008,-27.497754],[153.043977,-27.497748],[153.043542,-27.497644],[153.04246,-27.49727],[153.042157,-27.497185],[153.041876,-27.497129],[153.041625,-27.497135],[153.041359,-27.497175],[153.041137,-27.497247],[153.040956,-27.497339],[153.040876,-27.497422],[153.040776,-27.497586],[153.040713,-27.497913],[153.0407,-27.498063],[153.040651,-27.498232],[153.040629,-27.498422],[153.040576,-27.498634],[153.040499,-27.498714],[153.040365,-27.498779],[153.040175,-27.498822],[153.040124,-27.498508],[153.039898,-27.497872],[153.039736,-27.497545],[153.039534,-27.497324],[153.039502,-27.497287],[153.039277,-27.497026],[153.039241,-27.496984],[153.039241,-27.496984],[153.039215,-27.496956],[153.038361,-27.49597],[153.037925,-27.49535],[153.037273,-27.494506],[153.036466,-27.493565],[153.036094,-27.493206],[153.035906,-27.49306],[153.035378,-27.49266],[153.034814,-27.492219],[153.034413,-27.491846],[153.034355,-27.491771],[153.034023,-27.491343],[153.033813,-27.490948],[153.033557,-27.490279],[153.033296,-27.489308],[153.033118,-27.488409],[153.033019,-27.488061],[153.032933,-27.487815],[153.032772,-27.487412],[153.032597,-27.48695],[153.032546,-27.486607],[153.032557,-27.486273],[153.032609,-27.485794],[153.03256,-27.485628],[153.032463,-27.48549],[153.032367,-27.485375],[153.032242,-27.485261],[153.032027,-27.485159],[153.0318,-27.485074],[153.031463,-27.48497],[153.031078,-27.48488],[153.030593,-27.484816],[153.028621,-27.484517],[153.028229,-27.484443],[153.028229,-27.484443],[153.02817,-27.484432],[153.027998,-27.484396],[153.027855,-27.484345],[153.02719,-27.483752],[153.02683,-27.483415],[153.026479,-27.483209],[153.024295,-27.48279],[153.023935,-27.482694],[153.023665,-27.482614],[153.02336,-27.48247],[153.023018,-27.482277],[153.022797,-27.482127],[153.022645,-27.481933],[153.02249,-27.481651],[153.022425,-27.481495],[153.022385,-27.481401],[153.022222,-27.481161],[153.021896,-27.480687],[153.021896,-27.480687],[153.021892,-27.480681],[153.021817,-27.480572],[153.021325,-27.479719],[153.021272,-27.479626],[153.02108,-27.479342],[153.020391,-27.478318],[153.020223,-27.477989],[153.020076,-27.4777],[153.019975,-27.477558],[153.01906,-27.476268],[153.018768,-27.475857],[153.01843,-27.475382],[153.01797,-27.474792],[153.017755,-27.474482],[153.017709,-27.474403],[153.017705,-27.474358],[153.017709,-27.474317],[153.017743,-27.474261],[153.018187,-27.474007],[153.018267,-27.473948],[153.018618,-27.473688],[153.019442,-27.473244],[153.019442,-27.473244],[153.019464,-27.473232],[153.019898,-27.472972],[153.020147,-27.472834],[153.022404,-27.47166],[153.022574,-27.471633],[153.022598,-27.471616],[153.022614,-27.471595],[153.022616,-27.471586],[153.022611,-27.471568],[153.021906,-27.470898],[153.021901,-27.470888],[153.021904,-27.47088],[153.021938,-27.470851],[153.022396,-27.470496],[153.022576,-27.470176],[153.024351,-27.468798],[153.023548,-27.468037],[153.023491,-27.467988],[153.023491,-27.467988],[153.023211,-27.467756],[153.02311,-27.467672],[153.022923,-27.46743],[153.022719,-27.467224],[153.022501,-27.467096],[153.02249,-27.467107],[153.02248,-27.467116],[153.022468,-27.467124],[153.022453,-27.467131],[153.022438,-27.467134],[153.022423,-27.467137],[153.02241,-27.467137],[153.022387,-27.467135],[153.022374,-27.467131],[153.022361,-27.467125],[153.022351,-27.467117],[153.022342,-27.467107],[153.022332,-27.467094],[153.022324,-27.46708],[153.022319,-27.467066],[153.022318,-27.46705],[153.022319,-27.467033],[153.022322,-27.467022],[153.022326,-27.467011],[153.021722,-27.466752],[153.021589,-27.466695],[153.021026,-27.466368],[153.020793,-27.46626],[153.020457,-27.466187],[153.019855,-27.466111],[153.019389,-27.46602]]}},{"type":"Feature","properties":{"route":"222","name":"Carindale - City Express via Eastern Busway","category":"high_bus","route_type":"3","shape_id":"2220025"},"geometry":{"type":"LineString","coordinates":[[153.019191,-27.465981],[153.019361,-27.466015],[153.019388,-27.46602],[153.019855,-27.466111],[153.020457,-27.466187],[153.020793,-27.46626],[153.021026,-27.466368],[153.021589,-27.466695],[153.021722,-27.466752],[153.022326,-27.467011],[153.022336,-27.466999],[153.022348,-27.466988],[153.022359,-27.466979],[153.022371,-27.466973],[153.022382,-27.466967],[153.022397,-27.466964],[153.022416,-27.466962],[153.022435,-27.466964],[153.022453,-27.466967],[153.022471,-27.466976],[153.022484,-27.466986],[153.022495,-27.466997],[153.022505,-27.467012],[153.022511,-27.467025],[153.022514,-27.467036],[153.022514,-27.467049],[153.022513,-27.467059],[153.022511,-27.467072],[153.022507,-27.467085],[153.022501,-27.467096],[153.022719,-27.467224],[153.022923,-27.46743],[153.02311,-27.467672],[153.023211,-27.467756],[153.023548,-27.468037],[153.02402,-27.468484],[153.02402,-27.468484],[153.024351,-27.468798],[153.022576,-27.470176],[153.022396,-27.470496],[153.021938,-27.470851],[153.022619,-27.471454],[153.022706,-27.471565],[153.022656,-27.471595],[153.022574,-27.471633],[153.022404,-27.47166],[153.020147,-27.472834],[153.019898,-27.472972],[153.019464,-27.473232],[153.019122,-27.473417],[153.019122,-27.473417],[153.018618,-27.473688],[153.018267,-27.473948],[153.018187,-27.474007],[153.017743,-27.474261],[153.017709,-27.474317],[153.017705,-27.474358],[153.017709,-27.474403],[153.017755,-27.474482],[153.01797,-27.474792],[153.01843,-27.475382],[153.018768,-27.475857],[153.01906,-27.476268],[153.019975,-27.477558],[153.020076,-27.4777],[153.020223,-27.477989],[153.020391,-27.478318],[153.02108,-27.479342],[153.021272,-27.479626],[153.021325,-27.479719],[153.021817,-27.480572],[153.021892,-27.480681],[153.022149,-27.481056],[153.022149,-27.481056],[153.022222,-27.481161],[153.022385,-27.481401],[153.022425,-27.481495],[153.02249,-27.481651],[153.022645,-27.481933],[153.022797,-27.482127],[153.023018,-27.482277],[153.02336,-27.48247],[153.023665,-27.482614],[153.023935,-27.482694],[153.024295,-27.48279],[153.026479,-27.483209],[153.02683,-27.483415],[153.02719,-27.483752],[153.027855,-27.484345],[153.027998,-27.484396],[153.02817,-27.484432],[153.028378,-27.484472],[153.028378,-27.484472],[153.028621,-27.484517],[153.030593,-27.484816],[153.031078,-27.48488],[153.031463,-27.48497],[153.0318,-27.485074],[153.032027,-27.485159],[153.032242,-27.485261],[153.032367,-27.485375],[153.032463,-27.48549],[153.03256,-27.485628],[153.032609,-27.485794],[153.032557,-27.486273],[153.032546,-27.486607],[153.032597,-27.48695],[153.032772,-27.487412],[153.032933,-27.487815],[153.033019,-27.488061],[153.033118,-27.488409],[153.033296,-27.489308],[153.033557,-27.490279],[153.033813,-27.490948],[153.034023,-27.491343],[153.034355,-27.491771],[153.034413,-27.491846],[153.034814,-27.492219],[153.035378,-27.49266],[153.035906,-27.49306],[153.036094,-27.493206],[153.036466,-27.493565],[153.037273,-27.494506],[153.037925,-27.49535],[153.038361,-27.49597],[153.039215,-27.496956],[153.039277,-27.497026],[153.039468,-27.497249],[153.039468,-27.497249],[153.039502,-27.497287],[153.039534,-27.497324],[153.039736,-27.497545],[153.039898,-27.497872],[153.040124,-27.498508],[153.040175,-27.498822],[153.040365,-27.498779],[153.040499,-27.498714],[153.040576,-27.498634],[153.040629,-27.498422],[153.040651,-27.498232],[153.0407,-27.498063],[153.040713,-27.497913],[153.040776,-27.497586],[153.040876,-27.497422],[153.040956,-27.497339],[153.041137,-27.497247],[153.041359,-27.497175],[153.041625,-27.497135],[153.041876,-27.497129],[153.042157,-27.497185],[153.04246,-27.49727],[153.043542,-27.497644],[153.043977,-27.497748],[153.044636,-27.497885],[153.044636,-27.497885],[153.044698,-27.497897],[153.045386,-27.498013],[153.04653,-27.498152],[153.047705,-27.498191],[153.047978,-27.498207],[153.048159,-27.498257],[153.048304,-27.498332],[153.048437,-27.498421],[153.048592,-27.498493],[153.048777,-27.498535],[153.049177,-27.498548],[153.049705,-27.498567],[153.049705,-27.498567],[153.049793,-27.49857],[153.050033,-27.498578],[153.050198,-27.498588],[153.050375,-27.498647],[153.050534,-27.498735],[153.050686,-27.498794],[153.05078,-27.498799],[153.050981,-27.498802],[153.051343,-27.498768],[153.051669,-27.498703],[153.05233,-27.49854],[153.052468,-27.498487],[153.052597,-27.498422],[153.052683,-27.498405],[153.053127,-27.497993],[153.05385,-27.497455],[153.053952,-27.497398],[153.054741,-27.496859],[153.055704,-27.496452],[153.056768,-27.496033],[153.057162,-27.495814],[153.05755,-27.495511],[153.057701,-27.495388],[153.057863,-27.495212],[153.058349,-27.494903],[153.058607,-27.494766],[153.058607,-27.494766],[153.059204,-27.49445],[153.060994,-27.493471],[153.062444,-27.49266],[153.062674,-27.492544],[153.062945,-27.492461],[153.063313,-27.492356],[153.064004,-27.492165],[153.064172,-27.49212],[153.064357,-27.492084],[153.064442,-27.492069],[153.065481,-27.491931],[153.065991,-27.491869],[153.065991,-27.491869],[153.066361,-27.491825],[153.067621,-27.491646],[153.068028,-27.491516],[153.068485,-27.491386],[153.068944,-27.491239],[153.06926,-27.491164],[153.06952,-27.491123],[153.069702,-27.491133],[153.070282,-27.491253],[153.070668,-27.491344],[153.071069,-27.491457],[153.071465,-27.491605],[153.071726,-27.491704],[153.072029,-27.491846],[153.072548,-27.492191],[153.072889,-27.492418],[153.073039,-27.492481],[153.073226,-27.492509],[153.07353,-27.492529],[153.073813,-27.492539],[153.074349,-27.492551],[153.074575,-27.492573],[153.074592,-27.492577],[153.074592,-27.492577],[153.074823,-27.492634],[153.075409,-27.492812],[153.075676,-27.49286],[153.077226,-27.493049],[153.077324,-27.493059],[153.078239,-27.493025],[153.07927,-27.493031],[153.080082,-27.493019],[153.081148,-27.493011],[153.082163,-27.493009],[153.083416,-27.493015],[153.083656,-27.493019],[153.08406,-27.493091],[153.084368,-27.493208],[153.084563,-27.493306],[153.08477,-27.493464],[153.085048,-27.493798],[153.085425,-27.494285],[153.085494,-27.494382],[153.086107,-27.495219],[153.086221,-27.49535],[153.086516,-27.495597],[153.086687,-27.495708],[153.086951,-27.495807],[153.087196,-27.495844],[153.088305,-27.495692],[153.088305,-27.495692],[153.088672,-27.495641],[153.089397,-27.495537],[153.090789,-27.495314],[153.091085,-27.495283],[153.091588,-27.495326],[153.092062,-27.495374],[153.092997,-27.495491],[153.093192,-27.495513],[153.09411,-27.495636],[153.094411,-27.495687],[153.09512,-27.495772],[153.095612,-27.495848],[153.096465,-27.496046],[153.097078,-27.49628],[153.097622,-27.496529],[153.098216,-27.496861],[153.100035,-27.498299],[153.100728,-27.498847],[153.100882,-27.49898],[153.101483,-27.499377],[153.101818,-27.499586],[153.102271,-27.49981],[153.102636,-27.499958],[153.103249,-27.500144],[153.10355,-27.500119],[153.103753,-27.500042],[153.104015,-27.499865],[153.104162,-27.499746],[153.104275,-27.499631],[153.104312,-27.499523],[153.104322,-27.499377],[153.104294,-27.499242],[153.104236,-27.49912],[153.104166,-27.499039],[153.104009,-27.498923],[153.103999,-27.498933],[153.103982,-27.498944],[153.103962,-27.498952],[153.103942,-27.498955],[153.103921,-27.498955],[153.1039,-27.498952],[153.10388,-27.498944],[153.103863,-27.498933],[153.103849,-27.498919],[153.103838,-27.498903],[153.103831,-27.498878],[153.103688,-27.498895],[153.103537,-27.498936],[153.103372,-27.499054],[153.10319,-27.499201],[153.102999,-27.499371],[153.102859,-27.499542],[153.102695,-27.499821],[153.102523,-27.500171],[153.10239,-27.500485],[153.102236,-27.500828],[153.102262,-27.500838],[153.102283,-27.500851],[153.1023,-27.500869],[153.102314,-27.500889],[153.10232,-27.500905],[153.102845,-27.501],[153.102956,-27.501042],[153.10302,-27.50107],[153.103099,-27.501127],[153.10316,-27.501211],[153.103217,-27.50131],[153.103245,-27.501408],[153.10328,-27.501501],[153.103363,-27.501583],[153.103466,-27.501657],[153.10348,-27.501648],[153.103509,-27.501636],[153.103541,-27.50163],[153.103573,-27.50163],[153.103585,-27.501632],[153.103605,-27.501636],[153.103634,-27.501648],[153.10366,-27.501665],[153.103682,-27.501686],[153.103698,-27.50171],[153.103708,-27.501738],[153.103712,-27.501766],[153.103709,-27.501794],[153.103698,-27.501822],[153.103682,-27.501845],[153.10366,-27.501867],[153.103634,-27.501884],[153.103608,-27.501895],[153.1035,-27.502507],[153.103455,-27.502673],[153.103414,-27.502713],[153.103404,-27.502763],[153.10327,-27.503446],[153.103128,-27.504175],[153.102463,-27.504045],[153.102613,-27.503409]]}},{"type":"Feature","properties":{"route":"330","name":"Bracken Ridge - City Express","category":"high_bus","route_type":"3","shape_id":"3300055"},"geometry":{"type":"LineString","coordinates":[[153.024043,-27.470629],[153.023684,-27.4709],[153.022868,-27.471515],[153.022706,-27.471565],[153.022619,-27.471454],[153.021938,-27.470851],[153.022396,-27.470496],[153.022576,-27.470176],[153.024351,-27.468798],[153.023548,-27.468037],[153.023211,-27.467756],[153.02311,-27.467672],[153.022923,-27.46743],[153.022719,-27.467224],[153.022501,-27.467096],[153.02249,-27.467107],[153.02248,-27.467116],[153.022468,-27.467124],[153.022453,-27.467131],[153.022438,-27.467134],[153.022423,-27.467137],[153.02241,-27.467137],[153.022387,-27.467135],[153.022374,-27.467131],[153.022361,-27.467125],[153.022351,-27.467117],[153.022342,-27.467107],[153.022332,-27.467094],[153.022324,-27.46708],[153.022319,-27.467066],[153.022318,-27.46705],[153.022319,-27.467033],[153.022322,-27.467022],[153.022326,-27.467011],[153.021722,-27.466752],[153.021589,-27.466695],[153.021026,-27.466368],[153.020793,-27.46626],[153.020457,-27.466187],[153.019855,-27.466111],[153.019389,-27.46602],[153.019389,-27.46602],[153.019388,-27.46602],[153.019361,-27.466015],[153.019103,-27.465964],[153.01883,-27.465911],[153.018203,-27.465753],[153.017893,-27.465674],[153.017024,-27.465466],[153.016967,-27.465577],[153.01691,-27.465665],[153.016751,-27.465762],[153.016617,-27.465762],[153.016492,-27.465751],[153.016427,-27.465725],[153.016325,-27.465627],[153.016073,-27.465057],[153.015974,-27.464605],[153.015817,-27.463742],[153.015794,-27.463611],[153.015712,-27.463145],[153.015678,-27.462924],[153.015604,-27.462622],[153.015267,-27.461562],[153.015186,-27.461334],[153.015062,-27.461007],[153.014923,-27.460537],[153.014827,-27.460093],[153.014792,-27.459754],[153.014794,-27.459606],[153.014804,-27.459468],[153.01483,-27.459345],[153.01486,-27.459252],[153.014905,-27.459163],[153.01497,-27.459087],[153.015142,-27.458888],[153.015142,-27.458888],[153.015165,-27.458863],[153.015308,-27.458699],[153.015367,-27.458632],[153.015705,-27.458265],[153.015855,-27.458122],[153.016021,-27.457981],[153.016174,-27.457911],[153.016489,-27.457747],[153.016746,-27.457643],[153.017075,-27.457558],[153.017324,-27.457512],[153.017588,-27.457492],[153.017837,-27.45746],[153.018093,-27.457336],[153.018247,-27.457185],[153.018386,-27.456989],[153.018444,-27.4568],[153.018444,-27.456597],[153.018387,-27.456297],[153.018056,-27.454905],[153.017961,-27.454448],[153.017939,-27.454246],[153.017924,-27.453913],[153.017931,-27.453494],[153.017997,-27.45307],[153.018101,-27.452438],[153.018195,-27.45187],[153.018195,-27.45187],[153.018236,-27.451615],[153.018268,-27.451417],[153.018316,-27.451165],[153.018326,-27.45111],[153.018385,-27.450842],[153.018502,-27.450581],[153.018685,-27.450307],[153.018934,-27.450058],[153.019234,-27.449843],[153.0196,-27.449679],[153.019974,-27.449581],[153.020537,-27.449464],[153.021138,-27.44932],[153.021599,-27.449281],[153.022068,-27.449261],[153.022566,-27.449313],[153.023078,-27.449424],[153.023854,-27.449639],[153.024294,-27.449718],[153.024522,-27.449748],[153.02515,-27.449829],[153.025322,-27.449848],[153.025322,-27.449848],[153.025398,-27.449856],[153.025678,-27.449887],[153.025905,-27.4499],[153.026044,-27.449972],[153.026124,-27.450044],[153.026183,-27.450149],[153.026275,-27.450448],[153.02634,-27.450553],[153.026446,-27.450635],[153.026637,-27.450729],[153.026827,-27.450766],[153.027053,-27.450779],[153.027343,-27.45076],[153.027703,-27.450697],[153.027912,-27.450632],[153.028253,-27.450472],[153.028416,-27.450322],[153.028578,-27.450115],[153.028726,-27.449795],[153.029139,-27.447449],[153.029218,-27.447002],[153.029218,-27.447002],[153.029235,-27.446905],[153.029258,-27.446695],[153.029259,-27.446419],[153.029214,-27.446107],[153.029216,-27.445511],[153.029101,-27.44534],[153.029087,-27.445199],[153.029084,-27.444866],[153.029085,-27.444583],[153.02908,-27.444578],[153.029062,-27.44455],[153.029051,-27.44452],[153.029047,-27.444488],[153.029051,-27.444456],[153.029062,-27.444426],[153.029081,-27.444398],[153.029104,-27.444375],[153.029133,-27.444356],[153.029167,-27.444343],[153.029201,-27.444336],[153.029237,-27.444336],[153.029272,-27.444343],[153.029305,-27.444356],[153.029334,-27.444375],[153.029358,-27.444398],[153.029376,-27.444426],[153.029387,-27.444456],[153.029391,-27.444488],[153.029387,-27.44452],[153.029376,-27.44455],[153.029358,-27.444578],[153.029332,-27.444603],[153.029305,-27.444622],[153.029271,-27.444749],[153.029225,-27.444996],[153.029177,-27.445554],[153.029172,-27.445609],[153.029127,-27.445834],[153.029213,-27.445848],[153.029427,-27.445814],[153.029583,-27.445769],[153.02961,-27.445686],[153.029795,-27.444769],[153.029754,-27.444728],[153.029693,-27.444522],[153.029552,-27.444177],[153.029526,-27.444011],[153.029556,-27.44376],[153.029624,-27.443575],[153.029752,-27.443374],[153.029885,-27.443234],[153.030009,-27.443147],[153.03003,-27.443158],[153.030705,-27.442919],[153.03091,-27.442817],[153.031055,-27.442692],[153.031204,-27.442552],[153.031324,-27.442362],[153.031494,-27.441923],[153.03155,-27.441407],[153.031528,-27.440451],[153.031337,-27.439198],[153.031262,-27.43853],[153.031217,-27.437549],[153.03127,-27.436584],[153.031395,-27.435429],[153.031667,-27.43321],[153.032777,-27.426735],[153.033085,-27.425021],[153.033209,-27.424456],[153.033392,-27.423749],[153.033561,-27.423199],[153.033779,-27.422551],[153.033772,-27.42254],[153.033914,-27.421994],[153.034047,-27.421614],[153.034283,-27.421018],[153.034875,-27.419759],[153.036078,-27.41708],[153.036238,-27.41663],[153.036315,-27.416272],[153.036321,-27.415969],[153.036254,-27.415636],[153.036093,-27.415272],[153.035829,-27.414827],[153.035547,-27.414474],[153.035034,-27.413911],[153.034658,-27.413559],[153.034059,-27.412994],[153.033938,-27.412847],[153.033824,-27.412671],[153.033706,-27.412421],[153.033638,-27.412228],[153.0336,-27.412016],[153.033579,-27.411804],[153.033584,-27.411459],[153.033572,-27.411312],[153.033513,-27.411131],[153.033436,-27.410989],[153.033346,-27.410855],[153.032989,-27.410411],[153.032458,-27.409662],[153.032382,-27.40947],[153.032351,-27.409354],[153.032292,-27.408907],[153.032257,-27.408492],[153.032264,-27.408345],[153.032286,-27.408138],[153.032379,-27.407708],[153.032404,-27.407569],[153.032414,-27.407336],[153.0324,-27.40711],[153.032362,-27.406876],[153.032196,-27.406101],[153.032144,-27.40584],[153.031922,-27.404844],[153.031714,-27.403915],[153.031616,-27.403468],[153.03156,-27.403188],[153.03152,-27.402949],[153.031505,-27.402807],[153.031498,-27.402701],[153.031491,-27.402506],[153.031444,-27.401852],[153.031402,-27.401322],[153.031399,-27.400939],[153.031419,-27.400697],[153.031509,-27.39999],[153.031509,-27.399811],[153.031499,-27.399603],[153.03144,-27.399194],[153.031306,-27.39832],[153.031232,-27.397805],[153.031029,-27.39647],[153.030832,-27.395116],[153.030773,-27.394712],[153.03076,-27.394485],[153.030802,-27.394051],[153.030883,-27.393433],[153.031094,-27.392566],[153.031123,-27.392393],[153.031292,-27.391109],[153.031356,-27.390618],[153.03137,-27.390481],[153.031368,-27.390203],[153.031351,-27.389917],[153.031335,-27.389797],[153.031148,-27.388868],[153.031117,-27.388678],[153.031108,-27.38855],[153.031078,-27.38758],[153.031046,-27.387206],[153.030993,-27.386808],[153.030854,-27.386099],[153.030809,-27.385929],[153.030786,-27.385829],[153.030981,-27.385825],[153.031234,-27.385849],[153.032051,-27.385969],[153.032059,-27.385777],[153.032056,-27.385718],[153.032011,-27.38569],[153.031981,-27.385665],[153.031945,-27.38564],[153.031916,-27.385624],[153.031887,-27.385613],[153.031865,-27.385601],[153.031811,-27.385589],[153.031697,-27.385567],[153.031516,-27.385542],[153.031229,-27.385502],[153.031198,-27.385501],[153.031163,-27.385515],[153.031134,-27.38555],[153.031123,-27.385594],[153.031127,-27.385622],[153.031139,-27.385657],[153.031158,-27.38568],[153.031166,-27.38569],[153.031206,-27.385712],[153.03164,-27.385776],[153.03164,-27.385776],[153.031779,-27.385796],[153.031833,-27.385796],[153.031861,-27.385791],[153.031904,-27.385752],[153.031927,-27.385691],[153.031918,-27.38565],[153.031887,-27.385613],[153.031865,-27.385601],[153.031811,-27.385589],[153.031697,-27.385567],[153.031516,-27.385542],[153.031458,-27.385475],[153.031439,-27.385435],[153.031424,-27.38539],[153.031409,-27.385284],[153.031386,-27.385198],[153.031309,-27.385129],[153.03129,-27.385009],[153.031264,-27.384781],[153.031232,-27.384563],[153.031052,-27.384518],[153.03088,-27.384495],[153.030727,-27.384495],[153.030522,-27.384531],[153.030352,-27.384584],[153.030217,-27.384201],[153.030158,-27.383966],[153.030063,-27.38335],[153.030063,-27.38335],[153.029934,-27.382524],[153.029811,-27.381752],[153.02969,-27.380812],[153.029602,-27.380313],[153.029494,-27.379937],[153.029387,-27.379574],[153.029243,-27.379083],[153.029425,-27.37901],[153.029721,-27.378965],[153.029906,-27.378943],[153.030317,-27.378886],[153.030539,-27.378841],[153.03073,-27.378791],[153.03089,-27.378739],[153.031323,-27.378577],[153.032096,-27.378265],[153.032483,-27.378075],[153.032665,-27.377949],[153.032789,-27.37784],[153.032933,-27.377675],[153.033057,-27.377526],[153.03356,-27.376818],[153.033679,-27.376647],[153.03483,-27.375043],[153.03492,-27.374891],[153.034993,-27.374746],[153.03506,-27.374607],[153.035206,-27.3743],[153.035243,-27.374195],[153.035297,-27.374025],[153.035364,-27.37381],[153.035434,-27.373488],[153.035507,-27.373159],[153.035507,-27.373159],[153.035512,-27.373136],[153.035604,-27.372833],[153.035721,-27.372606],[153.035771,-27.372336],[153.036061,-27.370786],[153.036168,-27.370224],[153.036168,-27.370224],[153.036237,-27.369868],[153.036376,-27.369141],[153.036491,-27.368543],[153.036669,-27.367612],[153.036808,-27.366822],[153.037107,-27.365255],[153.037208,-27.364725],[153.037208,-27.364725],[153.037256,-27.364472],[153.037346,-27.363996],[153.037494,-27.363224],[153.037705,-27.362052],[153.037761,-27.361741],[153.037944,-27.360741],[153.038223,-27.359467],[153.038274,-27.359154],[153.038274,-27.359154],[153.038416,-27.358277],[153.03844,-27.358147],[153.038562,-27.357483],[153.038612,-27.357086],[153.038852,-27.355952],[153.038937,-27.355471],[153.039201,-27.354044],[153.039238,-27.353826],[153.039238,-27.353826],[153.039577,-27.351812],[153.039577,-27.351812],[153.039627,-27.351513],[153.039879,-27.350281],[153.040219,-27.348397],[153.040219,-27.348397],[153.040274,-27.348094],[153.040436,-27.347217],[153.040452,-27.34713],[153.040725,-27.345677],[153.040833,-27.345099],[153.040969,-27.344383],[153.041047,-27.343959],[153.041088,-27.343735],[153.041088,-27.343735],[153.041287,-27.342676],[153.041303,-27.34237],[153.041335,-27.3422],[153.041381,-27.341957],[153.041381,-27.341957],[153.041422,-27.34173],[153.041577,-27.341079],[153.041856,-27.340607],[153.042011,-27.340406],[153.042237,-27.340196],[153.042485,-27.339995],[153.042716,-27.339834],[153.043083,-27.339608],[153.043421,-27.339363],[153.043692,-27.339094],[153.043913,-27.338788],[153.044079,-27.338443],[153.044173,-27.33818],[153.044229,-27.337916],[153.04441,-27.336949],[153.044509,-27.336625],[153.044606,-27.336052],[153.04465,-27.335758],[153.04465,-27.335758],[153.044943,-27.333756],[153.04485,-27.33307],[153.044792,-27.332249],[153.044906,-27.331658],[153.044977,-27.331287],[153.044875,-27.331181],[153.044839,-27.331048],[153.044636,-27.33087],[153.041492,-27.331836],[153.041708,-27.330786],[153.041708,-27.330786],[153.041754,-27.330567],[153.041905,-27.329824],[153.042154,-27.328604],[153.040359,-27.328307],[153.039195,-27.328117],[153.038146,-27.327943],[153.038146,-27.327943],[153.037293,-27.327802],[153.034188,-27.32729],[153.034188,-27.32729],[153.033899,-27.327242],[153.033751,-27.327219],[153.032671,-27.327039],[153.032292,-27.326973],[153.03192,-27.326917],[153.031641,-27.326858],[153.031449,-27.326793],[153.031302,-27.326716],[153.031143,-27.326612],[153.03113,-27.326626],[153.031111,-27.326638],[153.03109,-27.326646],[153.031067,-27.32665],[153.031045,-27.32665],[153.031022,-27.326646],[153.031001,-27.326638],[153.030982,-27.326626],[153.030967,-27.32661],[153.030956,-27.326593],[153.030948,-27.326573],[153.030946,-27.326553],[153.030948,-27.326533],[153.030956,-27.326513],[153.030967,-27.326496],[153.030974,-27.326488],[153.03085,-27.326386],[153.030507,-27.325855],[153.030192,-27.325247],[153.030021,-27.325002],[153.029858,-27.324825],[153.029622,-27.324594],[153.029394,-27.324404],[153.029084,-27.324209],[153.028775,-27.324097],[153.028775,-27.324097],[153.028742,-27.324085],[153.028478,-27.324044],[153.027067,-27.323822],[153.026681,-27.323761],[153.026574,-27.323746],[153.026906,-27.321975],[153.027085,-27.321],[153.027085,-27.321],[153.027173,-27.320524],[153.027568,-27.318542],[153.027742,-27.317632],[153.027816,-27.317239],[153.027816,-27.317239],[153.027875,-27.316923],[153.028024,-27.316148],[153.028309,-27.314644],[153.02913,-27.31477],[153.031547,-27.31515],[153.031598,-27.315159],[153.031598,-27.315159],[153.031903,-27.315211],[153.032794,-27.31535],[153.033555,-27.315464],[153.034392,-27.315589],[153.035207,-27.315712],[153.036023,-27.315836],[153.036848,-27.315959],[153.037999,-27.316134],[153.037999,-27.316134],[153.038731,-27.316245],[153.038679,-27.316579],[153.038608,-27.316882],[153.03848,-27.317597],[153.038278,-27.318851],[153.038923,-27.318948],[153.03952,-27.319038],[153.03952,-27.319038],[153.040629,-27.319207],[153.041109,-27.319279],[153.042879,-27.319547],[153.042879,-27.319547],[153.043343,-27.319617],[153.043849,-27.319691],[153.044329,-27.319763],[153.04848,-27.320385],[153.048396,-27.320829]]}},{"type":"Feature","properties":{"route":"330","name":"Bracken Ridge - City Express","category":"high_bus","route_type":"3","shape_id":"3300057"},"geometry":{"type":"LineString","coordinates":[[153.048396,-27.320829],[153.048109,-27.322348],[153.044338,-27.321789],[153.043481,-27.321661],[153.043633,-27.320786],[153.043849,-27.319691],[153.043343,-27.319617],[153.042877,-27.319547],[153.042877,-27.319547],[153.041109,-27.319279],[153.040629,-27.319207],[153.038923,-27.318948],[153.038278,-27.318851],[153.03834,-27.318468],[153.03834,-27.318468],[153.03848,-27.317597],[153.038608,-27.316882],[153.038679,-27.316579],[153.038731,-27.316245],[153.038305,-27.31618],[153.038305,-27.31618],[153.036848,-27.315959],[153.036023,-27.315836],[153.035207,-27.315712],[153.034392,-27.315589],[153.033555,-27.315464],[153.032794,-27.31535],[153.032603,-27.315321],[153.032603,-27.315321],[153.031903,-27.315211],[153.031547,-27.31515],[153.02913,-27.31477],[153.028309,-27.314644],[153.028024,-27.316148],[153.027925,-27.31666],[153.027925,-27.31666],[153.027875,-27.316923],[153.027742,-27.317632],[153.027568,-27.318542],[153.027173,-27.320524],[153.026987,-27.321529],[153.026987,-27.321529],[153.026906,-27.321975],[153.026574,-27.323746],[153.026681,-27.323761],[153.027067,-27.323822],[153.028478,-27.324044],[153.028742,-27.324085],[153.028896,-27.324141],[153.028896,-27.324141],[153.029084,-27.324209],[153.029394,-27.324404],[153.029622,-27.324594],[153.029858,-27.324825],[153.030021,-27.325002],[153.030192,-27.325247],[153.030507,-27.325855],[153.03085,-27.326386],[153.030974,-27.326488],[153.030982,-27.32648],[153.031001,-27.326468],[153.031022,-27.32646],[153.031045,-27.326456],[153.031067,-27.326456],[153.03109,-27.32646],[153.031111,-27.326468],[153.031119,-27.326473],[153.03113,-27.32648],[153.031145,-27.326496],[153.031156,-27.326513],[153.031164,-27.326533],[153.031166,-27.326553],[153.031164,-27.326573],[153.031156,-27.326593],[153.031143,-27.326612],[153.031302,-27.326716],[153.031449,-27.326793],[153.031641,-27.326858],[153.03192,-27.326917],[153.032292,-27.326973],[153.032671,-27.327039],[153.033751,-27.327219],[153.033899,-27.327242],[153.034157,-27.327284],[153.034157,-27.327284],[153.037293,-27.327802],[153.038325,-27.327973],[153.038325,-27.327973],[153.039195,-27.328117],[153.040359,-27.328307],[153.042154,-27.328604],[153.041905,-27.329824],[153.04179,-27.330386],[153.04179,-27.330386],[153.041754,-27.330567],[153.041492,-27.331836],[153.044636,-27.33087],[153.044827,-27.330811],[153.045087,-27.330764],[153.045022,-27.331076],[153.044977,-27.331286],[153.044977,-27.331287],[153.044906,-27.331658],[153.044792,-27.332249],[153.04485,-27.33307],[153.044943,-27.333756],[153.044606,-27.336052],[153.044588,-27.336156],[153.044588,-27.336156],[153.044509,-27.336625],[153.04449,-27.336961],[153.044326,-27.337931],[153.044271,-27.338199],[153.044184,-27.338452],[153.044004,-27.338827],[153.043776,-27.339145],[153.043519,-27.339407],[153.043316,-27.339562],[153.042777,-27.339905],[153.042552,-27.340062],[153.042309,-27.340259],[153.042092,-27.34046],[153.041943,-27.340653],[153.041659,-27.341091],[153.041502,-27.341743],[153.041467,-27.341931],[153.041467,-27.341931],[153.041383,-27.342383],[153.041287,-27.342676],[153.041047,-27.343959],[153.040969,-27.344383],[153.040885,-27.344823],[153.040885,-27.344823],[153.040833,-27.345099],[153.040725,-27.345677],[153.040452,-27.34713],[153.040436,-27.347217],[153.040274,-27.348094],[153.040201,-27.348497],[153.040201,-27.348497],[153.039879,-27.350281],[153.039745,-27.350938],[153.039745,-27.350938],[153.039627,-27.351513],[153.039245,-27.353784],[153.039245,-27.353784],[153.039201,-27.354044],[153.038937,-27.355471],[153.038852,-27.355952],[153.038612,-27.357086],[153.038562,-27.357483],[153.03844,-27.358147],[153.038416,-27.358277],[153.038374,-27.358536],[153.038374,-27.358536],[153.038223,-27.359467],[153.037944,-27.360741],[153.037761,-27.361741],[153.037705,-27.362052],[153.037494,-27.363224],[153.037346,-27.363996],[153.037291,-27.364292],[153.037291,-27.364292],[153.037256,-27.364472],[153.037107,-27.365255],[153.036808,-27.366822],[153.036669,-27.367612],[153.036491,-27.368543],[153.036376,-27.369141],[153.036237,-27.369868],[153.036061,-27.370786],[153.035936,-27.371458],[153.035936,-27.371458],[153.035771,-27.372336],[153.035721,-27.372606],[153.035657,-27.373066],[153.035611,-27.373291],[153.035563,-27.373525],[153.035498,-27.373804],[153.035366,-27.374217],[153.035317,-27.374321],[153.035248,-27.374491],[153.035126,-27.374771],[153.03503,-27.374944],[153.035007,-27.374982],[153.034952,-27.375071],[153.034952,-27.375071],[153.034935,-27.375098],[153.033781,-27.376705],[153.033663,-27.376877],[153.033118,-27.377646],[153.032992,-27.37781],[153.032856,-27.377944],[153.032717,-27.378052],[153.032542,-27.37817],[153.032162,-27.378359],[153.030869,-27.378858],[153.030724,-27.378899],[153.030563,-27.378932],[153.030213,-27.378985],[153.03,-27.379041],[153.029914,-27.379068],[153.029819,-27.37911],[153.029727,-27.379178],[153.029658,-27.379255],[153.029615,-27.379361],[153.029603,-27.379457],[153.029596,-27.379599],[153.029673,-27.379925],[153.029767,-27.38034],[153.029848,-27.380716],[153.029999,-27.38174],[153.030192,-27.38309],[153.030192,-27.38309],[153.030303,-27.383857],[153.030371,-27.384129],[153.030522,-27.384531],[153.030912,-27.385591],[153.030981,-27.385825],[153.031005,-27.385931],[153.031072,-27.386369],[153.031072,-27.386369],[153.031196,-27.387173],[153.031229,-27.387588],[153.031262,-27.388551],[153.031283,-27.388767],[153.031499,-27.389839],[153.031511,-27.389976],[153.031524,-27.390227],[153.031527,-27.39038],[153.031518,-27.390507],[153.031506,-27.39063],[153.031368,-27.391683],[153.031242,-27.392586],[153.031035,-27.393452],[153.030938,-27.394182],[153.030921,-27.394387],[153.030918,-27.394593],[153.030937,-27.394786],[153.030984,-27.39511],[153.031185,-27.396462],[153.031384,-27.397774],[153.031458,-27.398308],[153.031594,-27.399197],[153.031656,-27.399612],[153.031672,-27.399894],[153.031663,-27.400052],[153.031561,-27.400797],[153.031553,-27.40093],[153.031557,-27.40123],[153.031596,-27.401844],[153.031638,-27.402523],[153.031658,-27.402716],[153.031679,-27.402947],[153.031723,-27.403198],[153.031827,-27.403681],[153.031877,-27.403877],[153.032064,-27.404824],[153.032275,-27.405814],[153.032512,-27.40688],[153.032552,-27.407104],[153.032559,-27.407328],[153.032554,-27.407525],[153.032533,-27.40769],[153.032428,-27.40815],[153.032395,-27.408363],[153.032387,-27.408601],[153.03245,-27.408889],[153.032599,-27.409394],[153.03265,-27.409549],[153.032743,-27.409732],[153.033058,-27.410236],[153.033207,-27.410432],[153.033204,-27.410443],[153.033477,-27.410825],[153.033565,-27.410953],[153.033622,-27.411065],[153.033689,-27.41126],[153.033717,-27.411478],[153.0337,-27.411887],[153.033714,-27.412059],[153.033753,-27.412235],[153.033824,-27.412416],[153.033935,-27.412597],[153.034075,-27.412756],[153.034404,-27.413031],[153.034864,-27.413471],[153.035713,-27.414292],[153.036092,-27.414652],[153.036339,-27.414914],[153.03656,-27.415191],[153.036707,-27.415455],[153.03685,-27.415746],[153.037031,-27.416198],[153.037125,-27.416668],[153.037136,-27.416976],[153.037119,-27.417348],[153.037048,-27.417711],[153.036949,-27.418034],[153.036783,-27.418391],[153.036563,-27.418745],[153.036307,-27.419037],[153.035723,-27.419645],[153.03526,-27.420228],[153.034946,-27.420693],[153.034653,-27.421192],[153.034292,-27.421923],[153.033917,-27.422571],[153.033628,-27.423433],[153.033328,-27.424562],[153.033258,-27.424871],[153.032925,-27.426743],[153.031809,-27.433159],[153.031471,-27.436461],[153.031462,-27.436467],[153.031347,-27.437312],[153.031315,-27.437475],[153.031253,-27.43771],[153.031164,-27.437982],[153.031095,-27.438214],[153.030527,-27.441471],[153.030515,-27.441895],[153.030368,-27.442719],[153.030211,-27.443465],[153.029954,-27.444709],[153.029704,-27.445976],[153.029579,-27.446014],[153.029326,-27.445976],[153.029196,-27.445956],[153.029127,-27.445834],[153.029172,-27.445609],[153.029177,-27.445554],[153.029225,-27.444996],[153.029229,-27.444747],[153.0292,-27.444641],[153.029166,-27.444633],[153.029133,-27.44462],[153.029104,-27.444601],[153.029085,-27.444583],[153.02908,-27.444578],[153.029062,-27.44455],[153.029051,-27.44452],[153.029047,-27.444488],[153.029051,-27.444456],[153.029062,-27.444426],[153.029081,-27.444398],[153.029104,-27.444375],[153.029133,-27.444356],[153.029167,-27.444343],[153.029201,-27.444336],[153.029237,-27.444336],[153.029272,-27.444343],[153.029305,-27.444356],[153.029334,-27.444375],[153.029358,-27.444398],[153.029376,-27.444426],[153.029387,-27.444456],[153.029391,-27.444488],[153.029387,-27.44452],[153.029376,-27.44455],[153.029358,-27.444578],[153.029332,-27.444603],[153.029305,-27.444622],[153.029272,-27.444633],[153.029238,-27.444639],[153.0292,-27.444641],[153.029137,-27.444742],[153.029084,-27.444866],[153.029087,-27.445199],[153.029101,-27.44534],[153.029216,-27.445511],[153.029214,-27.446107],[153.029259,-27.446419],[153.029258,-27.446695],[153.029235,-27.446905],[153.02915,-27.447385],[153.02915,-27.447385],[153.029139,-27.447449],[153.028726,-27.449795],[153.028578,-27.450115],[153.028416,-27.450322],[153.028253,-27.450472],[153.027912,-27.450632],[153.027703,-27.450697],[153.027343,-27.45076],[153.027053,-27.450779],[153.026827,-27.450766],[153.026637,-27.450729],[153.026446,-27.450635],[153.02634,-27.450553],[153.026275,-27.450448],[153.026183,-27.450149],[153.026124,-27.450044],[153.026044,-27.449972],[153.025905,-27.4499],[153.025678,-27.449887],[153.025398,-27.449856],[153.02515,-27.449829],[153.024922,-27.449799],[153.024922,-27.449799],[153.024522,-27.449748],[153.024294,-27.449718],[153.023854,-27.449639],[153.023078,-27.449424],[153.022566,-27.449313],[153.022068,-27.449261],[153.021599,-27.449281],[153.021138,-27.44932],[153.020537,-27.449464],[153.019974,-27.449581],[153.0196,-27.449679],[153.019234,-27.449843],[153.018934,-27.450058],[153.018685,-27.450307],[153.018502,-27.450581],[153.018385,-27.450842],[153.018326,-27.45111],[153.018316,-27.451165],[153.018268,-27.451417],[153.018236,-27.451615],[153.018105,-27.452419],[153.018105,-27.452419],[153.018101,-27.452438],[153.017997,-27.45307],[153.017931,-27.453494],[153.017924,-27.453913],[153.017939,-27.454246],[153.017961,-27.454448],[153.018056,-27.454905],[153.018387,-27.456297],[153.018444,-27.456597],[153.018444,-27.4568],[153.018386,-27.456989],[153.018247,-27.457185],[153.018093,-27.457336],[153.017837,-27.45746],[153.017588,-27.457492],[153.017324,-27.457512],[153.017075,-27.457558],[153.016746,-27.457643],[153.016489,-27.457747],[153.016174,-27.457911],[153.016021,-27.457981],[153.015855,-27.458122],[153.015705,-27.458265],[153.015367,-27.458632],[153.015308,-27.458699],[153.015165,-27.458863],[153.014987,-27.459067],[153.014987,-27.459067],[153.01497,-27.459087],[153.014905,-27.459163],[153.01486,-27.459252],[153.01483,-27.459345],[153.014804,-27.459468],[153.014794,-27.459606],[153.014792,-27.459754],[153.014827,-27.460093],[153.014923,-27.460537],[153.015062,-27.461007],[153.015186,-27.461334],[153.015267,-27.461562],[153.015604,-27.462622],[153.015678,-27.462924],[153.015712,-27.463145],[153.015794,-27.463611],[153.015817,-27.463742],[153.015974,-27.464605],[153.016073,-27.465057],[153.016325,-27.465627],[153.016427,-27.465725],[153.016492,-27.465751],[153.016617,-27.465762],[153.016751,-27.465762],[153.01691,-27.465665],[153.016967,-27.465577],[153.017024,-27.465466],[153.017893,-27.465674],[153.018203,-27.465753],[153.01883,-27.465911],[153.019103,-27.465964],[153.019191,-27.465981],[153.019191,-27.465981],[153.019361,-27.466015],[153.019388,-27.46602],[153.019855,-27.466111],[153.020457,-27.466187],[153.020793,-27.46626],[153.021026,-27.466368],[153.021589,-27.466695],[153.021722,-27.466752],[153.022326,-27.467011],[153.022336,-27.466999],[153.022348,-27.466988],[153.022359,-27.466979],[153.022371,-27.466973],[153.022382,-27.466967],[153.022397,-27.466964],[153.022416,-27.466962],[153.022435,-27.466964],[153.022453,-27.466967],[153.022471,-27.466976],[153.022484,-27.466986],[153.022495,-27.466997],[153.022505,-27.467012],[153.022511,-27.467025],[153.022514,-27.467036],[153.022514,-27.467049],[153.022513,-27.467059],[153.022511,-27.467072],[153.022507,-27.467085],[153.022501,-27.467096],[153.022719,-27.467224],[153.022923,-27.46743],[153.02311,-27.467672],[153.023211,-27.467756],[153.023548,-27.468037],[153.024351,-27.468798],[153.024563,-27.468917],[153.025236,-27.469606],[153.025257,-27.469708],[153.024518,-27.470269]]}},{"type":"Feature","properties":{"route":"333","name":"Chermside - Woolloongabba via City","category":"high_bus","route_type":"3","shape_id":"3330093"},"geometry":{"type":"LineString","coordinates":[[153.034659,-27.486018],[153.034537,-27.486],[153.034455,-27.485989],[153.034112,-27.486012],[153.033985,-27.486024],[153.033855,-27.486017],[153.032981,-27.48589],[153.032752,-27.485833],[153.032609,-27.485794],[153.03256,-27.485628],[153.032463,-27.48549],[153.032367,-27.485375],[153.032242,-27.485261],[153.032027,-27.485159],[153.0318,-27.485074],[153.031463,-27.48497],[153.031078,-27.48488],[153.030593,-27.484816],[153.028621,-27.484517],[153.028229,-27.484443],[153.028229,-27.484443],[153.02817,-27.484432],[153.027998,-27.484396],[153.027855,-27.484345],[153.02719,-27.483752],[153.02683,-27.483415],[153.026479,-27.483209],[153.024295,-27.48279],[153.023935,-27.482694],[153.023665,-27.482614],[153.02336,-27.48247],[153.023018,-27.482277],[153.022797,-27.482127],[153.022645,-27.481933],[153.02249,-27.481651],[153.022425,-27.481495],[153.022385,-27.481401],[153.022222,-27.481161],[153.021896,-27.480687],[153.021896,-27.480687],[153.021892,-27.480681],[153.021817,-27.480572],[153.021325,-27.479719],[153.021272,-27.479626],[153.02108,-27.479342],[153.020391,-27.478318],[153.020223,-27.477989],[153.020076,-27.4777],[153.019975,-27.477558],[153.01906,-27.476268],[153.018768,-27.475857],[153.01843,-27.475382],[153.01797,-27.474792],[153.017755,-27.474482],[153.017709,-27.474403],[153.017705,-27.474358],[153.017709,-27.474317],[153.017743,-27.474261],[153.018187,-27.474007],[153.018267,-27.473948],[153.018618,-27.473688],[153.019442,-27.473244],[153.019442,-27.473244],[153.019464,-27.473232],[153.019898,-27.472972],[153.020147,-27.472834],[153.022404,-27.47166],[153.022574,-27.471633],[153.022598,-27.471616],[153.022614,-27.471595],[153.022616,-27.471586],[153.022611,-27.471568],[153.021906,-27.470898],[153.021901,-27.470888],[153.021904,-27.47088],[153.021938,-27.470851],[153.022396,-27.470496],[153.022576,-27.470176],[153.024351,-27.468798],[153.023548,-27.468037],[153.023305,-27.467835],[153.023305,-27.467835],[153.023211,-27.467756],[153.02311,-27.467672],[153.022923,-27.46743],[153.022719,-27.467224],[153.022501,-27.467096],[153.02249,-27.467107],[153.02248,-27.467116],[153.022468,-27.467124],[153.022453,-27.467131],[153.022438,-27.467134],[153.022423,-27.467137],[153.02241,-27.467137],[153.022387,-27.467135],[153.022374,-27.467131],[153.022361,-27.467125],[153.022351,-27.467117],[153.022342,-27.467107],[153.022332,-27.467094],[153.022324,-27.46708],[153.022319,-27.467066],[153.022318,-27.46705],[153.022319,-27.467033],[153.022322,-27.467022],[153.022326,-27.467011],[153.021722,-27.466752],[153.021589,-27.466695],[153.021026,-27.466368],[153.020793,-27.46626],[153.020457,-27.466187],[153.019855,-27.466111],[153.019389,-27.46602],[153.019389,-27.46602],[153.019388,-27.46602],[153.019361,-27.466015],[153.019103,-27.465964],[153.01883,-27.465911],[153.018203,-27.465753],[153.017893,-27.465674],[153.017024,-27.465466],[153.016967,-27.465577],[153.01691,-27.465665],[153.016751,-27.465762],[153.016617,-27.465762],[153.016492,-27.465751],[153.016427,-27.465725],[153.016325,-27.465627],[153.016073,-27.465057],[153.015974,-27.464605],[153.015817,-27.463742],[153.015794,-27.463611],[153.015712,-27.463145],[153.015678,-27.462924],[153.015604,-27.462622],[153.015267,-27.461562],[153.015186,-27.461334],[153.015062,-27.461007],[153.014923,-27.460537],[153.014827,-27.460093],[153.014792,-27.459754],[153.014794,-27.459606],[153.014804,-27.459468],[153.01483,-27.459345],[153.01486,-27.459252],[153.014905,-27.459163],[153.01497,-27.459087],[153.015142,-27.458888],[153.015142,-27.458888],[153.015165,-27.458863],[153.015308,-27.458699],[153.015367,-27.458632],[153.015705,-27.458265],[153.015855,-27.458122],[153.016021,-27.457981],[153.016174,-27.457911],[153.016489,-27.457747],[153.016746,-27.457643],[153.017075,-27.457558],[153.017324,-27.457512],[153.017588,-27.457492],[153.017837,-27.45746],[153.018093,-27.457336],[153.018247,-27.457185],[153.018386,-27.456989],[153.018444,-27.4568],[153.018444,-27.456597],[153.018387,-27.456297],[153.018056,-27.454905],[153.017961,-27.454448],[153.017939,-27.454246],[153.017924,-27.453913],[153.017931,-27.453494],[153.017997,-27.45307],[153.018101,-27.452438],[153.018195,-27.45187],[153.018195,-27.45187],[153.018236,-27.451615],[153.018268,-27.451417],[153.018316,-27.451165],[153.018326,-27.45111],[153.018385,-27.450842],[153.018502,-27.450581],[153.018685,-27.450307],[153.018934,-27.450058],[153.019234,-27.449843],[153.0196,-27.449679],[153.019974,-27.449581],[153.020537,-27.449464],[153.021138,-27.44932],[153.021599,-27.449281],[153.022068,-27.449261],[153.022566,-27.449313],[153.023078,-27.449424],[153.023854,-27.449639],[153.024294,-27.449718],[153.024522,-27.449748],[153.02515,-27.449829],[153.025322,-27.449848],[153.025322,-27.449848],[153.025398,-27.449856],[153.025678,-27.449887],[153.025905,-27.4499],[153.026044,-27.449972],[153.026124,-27.450044],[153.026183,-27.450149],[153.026275,-27.450448],[153.02634,-27.450553],[153.026446,-27.450635],[153.026637,-27.450729],[153.026827,-27.450766],[153.027053,-27.450779],[153.027343,-27.45076],[153.027703,-27.450697],[153.027912,-27.450632],[153.028253,-27.450472],[153.028416,-27.450322],[153.028578,-27.450115],[153.028726,-27.449795],[153.029139,-27.447449],[153.029218,-27.447002],[153.029218,-27.447002],[153.029235,-27.446905],[153.029258,-27.446695],[153.029259,-27.446419],[153.029214,-27.446107],[153.029216,-27.445511],[153.02924,-27.445331],[153.029314,-27.444209],[153.029339,-27.44402],[153.029372,-27.443775],[153.029439,-27.443579],[153.029582,-27.443349],[153.029718,-27.443198],[153.029862,-27.443081],[153.03003,-27.44298],[153.030483,-27.442753],[153.030629,-27.442652],[153.030778,-27.442525],[153.030935,-27.442349],[153.031034,-27.442199],[153.031131,-27.442008],[153.031199,-27.441772],[153.031227,-27.441524],[153.03122,-27.441399],[153.031196,-27.441015],[153.031181,-27.440765],[153.031178,-27.440618],[153.031208,-27.440476],[153.031268,-27.44029],[153.031272,-27.440201],[153.031252,-27.440108],[153.031233,-27.440059],[153.031147,-27.439932],[153.030881,-27.439721],[153.030708,-27.439667],[153.030971,-27.438082],[153.031074,-27.437477],[153.03124,-27.436494],[153.031334,-27.436295],[153.031536,-27.435277],[153.031625,-27.434774],[153.031625,-27.434774],[153.031722,-27.434222],[153.031895,-27.433306],[153.032003,-27.432681],[153.032015,-27.432607],[153.032004,-27.432479],[153.031996,-27.432349],[153.03197,-27.432096],[153.031871,-27.431485],[153.031852,-27.431264],[153.03186,-27.430966],[153.031856,-27.430774],[153.031876,-27.430271],[153.031909,-27.43006],[153.031969,-27.429918],[153.03205,-27.429825],[153.032254,-27.429662],[153.03236,-27.429529],[153.032471,-27.429383],[153.032556,-27.429237],[153.032603,-27.429091],[153.032656,-27.428874],[153.032682,-27.428719],[153.032594,-27.428439],[153.032575,-27.428339],[153.032586,-27.428243],[153.032633,-27.428126],[153.032738,-27.427922],[153.032793,-27.427753],[153.032837,-27.427584],[153.032854,-27.42745],[153.032859,-27.427278],[153.032887,-27.42702],[153.032915,-27.426779],[153.032915,-27.426779],[153.032924,-27.426695],[153.033009,-27.425963],[153.033038,-27.425738],[153.033061,-27.425603],[153.033101,-27.425427],[153.033125,-27.425347],[153.033184,-27.425164],[153.033384,-27.424642],[153.033428,-27.42449],[153.033499,-27.42415],[153.033679,-27.422949],[153.033762,-27.422334],[153.033809,-27.422009],[153.033833,-27.421892],[153.033869,-27.421768],[153.033915,-27.421654],[153.033962,-27.421556],[153.03402,-27.421446],[153.034323,-27.421021],[153.03438,-27.420912],[153.034414,-27.420815],[153.034431,-27.420718],[153.034438,-27.420587],[153.034424,-27.420473],[153.034403,-27.420382],[153.034293,-27.419903],[153.034293,-27.419903],[153.034289,-27.419885],[153.034278,-27.419811],[153.034273,-27.419711],[153.034285,-27.419589],[153.034321,-27.419457],[153.034387,-27.41931],[153.034459,-27.419207],[153.034663,-27.418994],[153.034812,-27.418847],[153.03492,-27.41872],[153.03498,-27.418639],[153.035125,-27.418409],[153.035678,-27.417505],[153.035805,-27.417226],[153.035882,-27.41702],[153.03595,-27.41678],[153.035973,-27.416572],[153.035973,-27.416364],[153.035946,-27.416178],[153.035912,-27.416036],[153.035863,-27.415881],[153.035778,-27.415695],[153.035681,-27.415531],[153.035586,-27.415383],[153.035337,-27.414994],[153.035337,-27.414994],[153.035317,-27.414963],[153.035201,-27.414772],[153.035066,-27.414442],[153.034978,-27.414275],[153.034848,-27.414101],[153.034514,-27.413783],[153.033849,-27.413139],[153.0337,-27.412958],[153.033571,-27.412764],[153.033469,-27.412514],[153.033416,-27.412323],[153.033394,-27.412103],[153.033402,-27.411826],[153.033419,-27.411562],[153.033383,-27.411302],[153.033336,-27.411131],[153.033281,-27.410996],[153.032906,-27.410423],[153.032658,-27.41007],[153.032544,-27.409889],[153.032464,-27.40973],[153.03239,-27.409539],[153.032332,-27.409336],[153.032194,-27.408459],[153.032178,-27.408261],[153.032186,-27.408109],[153.0322,-27.407952],[153.032249,-27.407781],[153.032335,-27.407506],[153.032354,-27.407328],[153.032362,-27.406876],[153.032196,-27.406101],[153.032144,-27.40584],[153.031979,-27.405101],[153.031979,-27.405101],[153.031922,-27.404844],[153.031714,-27.403915],[153.031616,-27.403468],[153.031606,-27.403419],[153.031606,-27.403419],[153.03156,-27.403188],[153.03152,-27.402949],[153.031505,-27.402807],[153.031498,-27.402701],[153.031491,-27.402506],[153.031444,-27.401852],[153.031402,-27.401322],[153.031399,-27.400939],[153.031419,-27.400697],[153.031427,-27.400633],[153.031427,-27.400633],[153.031509,-27.39999],[153.031509,-27.399811],[153.031499,-27.399603],[153.03144,-27.399194],[153.031306,-27.39832],[153.031232,-27.397805],[153.031029,-27.39647],[153.030832,-27.395116],[153.030773,-27.394712],[153.03076,-27.394485],[153.030802,-27.394051],[153.030883,-27.393433],[153.030981,-27.39303],[153.030981,-27.39303],[153.031094,-27.392566],[153.031123,-27.392393],[153.031292,-27.391109],[153.031356,-27.390618],[153.03137,-27.390481],[153.031368,-27.390203],[153.031351,-27.389917],[153.031335,-27.389797],[153.031148,-27.388868],[153.031117,-27.388678],[153.031108,-27.38855],[153.031078,-27.38758],[153.031046,-27.387206],[153.030993,-27.386808],[153.030854,-27.386099],[153.030809,-27.385929],[153.030786,-27.385829],[153.030981,-27.385825],[153.031234,-27.385849],[153.032051,-27.385969],[153.032059,-27.385777],[153.032056,-27.385718],[153.032011,-27.38569],[153.031981,-27.385665],[153.031945,-27.38564],[153.031916,-27.385624],[153.031887,-27.385613],[153.031865,-27.385601],[153.031811,-27.385589],[153.031697,-27.385567],[153.031656,-27.385562]]}},{"type":"Feature","properties":{"route":"333","name":"Chermside - Woolloongabba via City","category":"high_bus","route_type":"3","shape_id":"3330094"},"geometry":{"type":"LineString","coordinates":[[153.031529,-27.385544],[153.031516,-27.385542],[153.031458,-27.385475],[153.031439,-27.385435],[153.031424,-27.38539],[153.031409,-27.385284],[153.031386,-27.385198],[153.031309,-27.385129],[153.03129,-27.385009],[153.031264,-27.384781],[153.031232,-27.384563],[153.031052,-27.384518],[153.03088,-27.384495],[153.030727,-27.384495],[153.030522,-27.384531],[153.030912,-27.385591],[153.030981,-27.385825],[153.031005,-27.385931],[153.031072,-27.386369],[153.031072,-27.386369],[153.031196,-27.387173],[153.031229,-27.387588],[153.031262,-27.388551],[153.031283,-27.388767],[153.031499,-27.389839],[153.031511,-27.389976],[153.031524,-27.390227],[153.031527,-27.39038],[153.031518,-27.390507],[153.031506,-27.39063],[153.031368,-27.391683],[153.031242,-27.392586],[153.031035,-27.393452],[153.030963,-27.393991],[153.030963,-27.393991],[153.030938,-27.394182],[153.030921,-27.394387],[153.030918,-27.394593],[153.030937,-27.394786],[153.030984,-27.39511],[153.031185,-27.396462],[153.031384,-27.397774],[153.031458,-27.398308],[153.031594,-27.399197],[153.031656,-27.399612],[153.031662,-27.399719],[153.031662,-27.399719],[153.031672,-27.399894],[153.031663,-27.400052],[153.031561,-27.400797],[153.031553,-27.40093],[153.031557,-27.40123],[153.031596,-27.401844],[153.031638,-27.402523],[153.031658,-27.402716],[153.031679,-27.402947],[153.031723,-27.403198],[153.031802,-27.403565],[153.031802,-27.403565],[153.031827,-27.403681],[153.031877,-27.403877],[153.032064,-27.404824],[153.032275,-27.405814],[153.032512,-27.40688],[153.032552,-27.407104],[153.032559,-27.407328],[153.032557,-27.407417],[153.032557,-27.407417],[153.032554,-27.407525],[153.032533,-27.40769],[153.032428,-27.40815],[153.032395,-27.408363],[153.032387,-27.408601],[153.03245,-27.408889],[153.032599,-27.409394],[153.03265,-27.409549],[153.032743,-27.409732],[153.033058,-27.410236],[153.033207,-27.410432],[153.033579,-27.410791],[153.033706,-27.41094],[153.033746,-27.410995],[153.033819,-27.411138],[153.033875,-27.411284],[153.033908,-27.411433],[153.033928,-27.411709],[153.033991,-27.412238],[153.033972,-27.412369],[153.033893,-27.412501],[153.033777,-27.412644],[153.033725,-27.41273],[153.033767,-27.412877],[153.03394,-27.413095],[153.034324,-27.413462],[153.034602,-27.413739],[153.034711,-27.413891],[153.034876,-27.414052],[153.035011,-27.414231],[153.035116,-27.414429],[153.035253,-27.414757],[153.03535,-27.414917],[153.035424,-27.415032],[153.035634,-27.415357],[153.035634,-27.415357],[153.03567,-27.415412],[153.035744,-27.415526],[153.035871,-27.415715],[153.035946,-27.415862],[153.036003,-27.416019],[153.036051,-27.4162],[153.03607,-27.416376],[153.036064,-27.416582],[153.036029,-27.41678],[153.035954,-27.416993],[153.035722,-27.41751],[153.03516,-27.41844],[153.035019,-27.418668],[153.034895,-27.418818],[153.034522,-27.419209],[153.034434,-27.419322],[153.034365,-27.419459],[153.034329,-27.419586],[153.034313,-27.419713],[153.034318,-27.419802],[153.034333,-27.419886],[153.034424,-27.420276],[153.034437,-27.420338],[153.034437,-27.420338],[153.034444,-27.420371],[153.034472,-27.420499],[153.034479,-27.420579],[153.034475,-27.420718],[153.034453,-27.420822],[153.034424,-27.420909],[153.034361,-27.421045],[153.034133,-27.42136],[153.03405,-27.421481],[153.033993,-27.421584],[153.033938,-27.421708],[153.033896,-27.421829],[153.033864,-27.42196],[153.033813,-27.422285],[153.033522,-27.424265],[153.033471,-27.424498],[153.033358,-27.424847],[153.033258,-27.425095],[153.033159,-27.425379],[153.033116,-27.425534],[153.033086,-27.425698],[153.033062,-27.425871],[153.032966,-27.4267],[153.032953,-27.426823],[153.032953,-27.426823],[153.032933,-27.427018],[153.032906,-27.427283],[153.032899,-27.42746],[153.032854,-27.427719],[153.032829,-27.427917],[153.032794,-27.428031],[153.032842,-27.42834],[153.032842,-27.428453],[153.03283,-27.428738],[153.032814,-27.428898],[153.032762,-27.429105],[153.032656,-27.429459],[153.032524,-27.430033],[153.0321,-27.432503],[153.032058,-27.432608],[153.032003,-27.432681],[153.031895,-27.433306],[153.031722,-27.434222],[153.031536,-27.435277],[153.031471,-27.435601],[153.031471,-27.435601],[153.031334,-27.436295],[153.031367,-27.436481],[153.031185,-27.437494],[153.031067,-27.438096],[153.030975,-27.438667],[153.030881,-27.439721],[153.031147,-27.439932],[153.031233,-27.440059],[153.031252,-27.440108],[153.031272,-27.440201],[153.031268,-27.44029],[153.031208,-27.440476],[153.031178,-27.440618],[153.031181,-27.440765],[153.031196,-27.441015],[153.03122,-27.441399],[153.031227,-27.441524],[153.031199,-27.441772],[153.031131,-27.442008],[153.031034,-27.442199],[153.030935,-27.442349],[153.030778,-27.442525],[153.030629,-27.442652],[153.030483,-27.442753],[153.03003,-27.44298],[153.029862,-27.443081],[153.029718,-27.443198],[153.029582,-27.443349],[153.029439,-27.443579],[153.029372,-27.443775],[153.029339,-27.44402],[153.029314,-27.444209],[153.02924,-27.445331],[153.029216,-27.445511],[153.029214,-27.446107],[153.029259,-27.446419],[153.029258,-27.446695],[153.029235,-27.446905],[153.02915,-27.447385],[153.02915,-27.447385],[153.029139,-27.447449],[153.028726,-27.449795],[153.028578,-27.450115],[153.028416,-27.450322],[153.028253,-27.450472],[153.027912,-27.450632],[153.027703,-27.450697],[153.027343,-27.45076],[153.027053,-27.450779],[153.026827,-27.450766],[153.026637,-27.450729],[153.026446,-27.450635],[153.02634,-27.450553],[153.026275,-27.450448],[153.026183,-27.450149],[153.026124,-27.450044],[153.026044,-27.449972],[153.025905,-27.4499],[153.025678,-27.449887],[153.025398,-27.449856],[153.02515,-27.449829],[153.024922,-27.449799],[153.024922,-27.449799],[153.024522,-27.449748],[153.024294,-27.449718],[153.023854,-27.449639],[153.023078,-27.449424],[153.022566,-27.449313],[153.022068,-27.449261],[153.021599,-27.449281],[153.021138,-27.44932],[153.020537,-27.449464],[153.019974,-27.449581],[153.0196,-27.449679],[153.019234,-27.449843],[153.018934,-27.450058],[153.018685,-27.450307],[153.018502,-27.450581],[153.018385,-27.450842],[153.018326,-27.45111],[153.018316,-27.451165],[153.018268,-27.451417],[153.018236,-27.451615],[153.018105,-27.452419],[153.018105,-27.452419],[153.018101,-27.452438],[153.017997,-27.45307],[153.017931,-27.453494],[153.017924,-27.453913],[153.017939,-27.454246],[153.017961,-27.454448],[153.018056,-27.454905],[153.018387,-27.456297],[153.018444,-27.456597],[153.018444,-27.4568],[153.018386,-27.456989],[153.018247,-27.457185],[153.018093,-27.457336],[153.017837,-27.45746],[153.017588,-27.457492],[153.017324,-27.457512],[153.017075,-27.457558],[153.016746,-27.457643],[153.016489,-27.457747],[153.016174,-27.457911],[153.016021,-27.457981],[153.015855,-27.458122],[153.015705,-27.458265],[153.015367,-27.458632],[153.015308,-27.458699],[153.015165,-27.458863],[153.014987,-27.459067],[153.014987,-27.459067],[153.01497,-27.459087],[153.014905,-27.459163],[153.01486,-27.459252],[153.01483,-27.459345],[153.014804,-27.459468],[153.014794,-27.459606],[153.014792,-27.459754],[153.014827,-27.460093],[153.014923,-27.460537],[153.015062,-27.461007],[153.015186,-27.461334],[153.015267,-27.461562],[153.015604,-27.462622],[153.015678,-27.462924],[153.015712,-27.463145],[153.015794,-27.463611],[153.015817,-27.463742],[153.015974,-27.464605],[153.016073,-27.465057],[153.016325,-27.465627],[153.016427,-27.465725],[153.016492,-27.465751],[153.016617,-27.465762],[153.016751,-27.465762],[153.01691,-27.465665],[153.016967,-27.465577],[153.017024,-27.465466],[153.017893,-27.465674],[153.018203,-27.465753],[153.01883,-27.465911],[153.019103,-27.465964],[153.019191,-27.465981],[153.019191,-27.465981],[153.019361,-27.466015],[153.019388,-27.46602],[153.019855,-27.466111],[153.020457,-27.466187],[153.020793,-27.46626],[153.021026,-27.466368],[153.021589,-27.466695],[153.021722,-27.466752],[153.022326,-27.467011],[153.022336,-27.466999],[153.022348,-27.466988],[153.022359,-27.466979],[153.022371,-27.466973],[153.022382,-27.466967],[153.022397,-27.466964],[153.022416,-27.466962],[153.022435,-27.466964],[153.022453,-27.466967],[153.022471,-27.466976],[153.022484,-27.466986],[153.022495,-27.466997],[153.022505,-27.467012],[153.022511,-27.467025],[153.022514,-27.467036],[153.022514,-27.467049],[153.022513,-27.467059],[153.022511,-27.467072],[153.022507,-27.467085],[153.022501,-27.467096],[153.022719,-27.467224],[153.022923,-27.46743],[153.02311,-27.467672],[153.023211,-27.467756],[153.023548,-27.468037],[153.023836,-27.46831],[153.023836,-27.46831],[153.024351,-27.468798],[153.022576,-27.470176],[153.022396,-27.470496],[153.021938,-27.470851],[153.022619,-27.471454],[153.022706,-27.471565],[153.022656,-27.471595],[153.022574,-27.471633],[153.022404,-27.47166],[153.020147,-27.472834],[153.019898,-27.472972],[153.019464,-27.473232],[153.019122,-27.473417],[153.019122,-27.473417],[153.018618,-27.473688],[153.018267,-27.473948],[153.018187,-27.474007],[153.017743,-27.474261],[153.017709,-27.474317],[153.017705,-27.474358],[153.017709,-27.474403],[153.017755,-27.474482],[153.01797,-27.474792],[153.01843,-27.475382],[153.018768,-27.475857],[153.01906,-27.476268],[153.019975,-27.477558],[153.020076,-27.4777],[153.020223,-27.477989],[153.020391,-27.478318],[153.02108,-27.479342],[153.021272,-27.479626],[153.021325,-27.479719],[153.021817,-27.480572],[153.021892,-27.480681],[153.022149,-27.481056],[153.022149,-27.481056],[153.022222,-27.481161],[153.022385,-27.481401],[153.022425,-27.481495],[153.02249,-27.481651],[153.022645,-27.481933],[153.022797,-27.482127],[153.023018,-27.482277],[153.02336,-27.48247],[153.023665,-27.482614],[153.023935,-27.482694],[153.024295,-27.48279],[153.026479,-27.483209],[153.02683,-27.483415],[153.02719,-27.483752],[153.027855,-27.484345],[153.027998,-27.484396],[153.02817,-27.484432],[153.028378,-27.484472],[153.028378,-27.484472],[153.028621,-27.484517],[153.030593,-27.484816],[153.031078,-27.48488],[153.031463,-27.48497],[153.0318,-27.485074],[153.032027,-27.485159],[153.032242,-27.485261],[153.032367,-27.485375],[153.032463,-27.48549],[153.03256,-27.485628],[153.032609,-27.485794],[153.032752,-27.485833],[153.032981,-27.48589],[153.033855,-27.486017],[153.033985,-27.486024],[153.034112,-27.486012],[153.034455,-27.485989],[153.034537,-27.486],[153.035068,-27.486073]]}},{"type":"Feature","properties":{"route":"340","name":"Carseldine - Woolloongabba Express via City","category":"high_bus","route_type":"3","shape_id":"3400055"},"geometry":{"type":"LineString","coordinates":[[153.034659,-27.486018],[153.034537,-27.486],[153.034455,-27.485989],[153.034112,-27.486012],[153.033985,-27.486024],[153.033855,-27.486017],[153.032981,-27.48589],[153.032752,-27.485833],[153.032609,-27.485794],[153.03256,-27.485628],[153.032463,-27.48549],[153.032367,-27.485375],[153.032242,-27.485261],[153.032027,-27.485159],[153.0318,-27.485074],[153.031463,-27.48497],[153.031078,-27.48488],[153.030593,-27.484816],[153.0305,-27.485231],[153.030409,-27.485634],[153.03081,-27.485689],[153.030875,-27.485691],[153.03093,-27.485672],[153.030992,-27.48562],[153.031014,-27.485568],[153.031041,-27.48534],[153.031076,-27.485136],[153.03111,-27.485072],[153.031187,-27.484564],[153.031219,-27.484351],[153.031225,-27.484143],[153.031188,-27.483936],[153.031137,-27.483748],[153.031168,-27.48366],[153.031036,-27.483343],[153.030892,-27.483051],[153.030776,-27.482848],[153.030697,-27.482738],[153.030226,-27.482165],[153.027998,-27.479281],[153.026369,-27.477185],[153.024466,-27.474756],[153.024345,-27.474688],[153.024028,-27.474343],[153.023113,-27.47317],[153.023068,-27.473082],[153.023043,-27.472953],[153.023052,-27.47284],[153.023086,-27.472746],[153.023139,-27.47268],[153.023219,-27.472606],[153.023338,-27.472518],[153.023591,-27.472302],[153.023056,-27.471774],[153.022931,-27.471675],[153.022706,-27.471565],[153.022868,-27.471515],[153.023684,-27.4709],[153.024442,-27.470328],[153.025257,-27.469708],[153.025236,-27.469606],[153.024563,-27.468917],[153.024351,-27.468798],[153.023548,-27.468037],[153.023305,-27.467835],[153.023305,-27.467835],[153.023211,-27.467756],[153.02311,-27.467672],[153.022923,-27.46743],[153.022719,-27.467224],[153.022501,-27.467096],[153.02249,-27.467107],[153.02248,-27.467116],[153.022468,-27.467124],[153.022453,-27.467131],[153.022438,-27.467134],[153.022423,-27.467137],[153.02241,-27.467137],[153.022387,-27.467135],[153.022374,-27.467131],[153.022361,-27.467125],[153.022351,-27.467117],[153.022342,-27.467107],[153.022332,-27.467094],[153.022324,-27.46708],[153.022319,-27.467066],[153.022318,-27.46705],[153.022319,-27.467033],[153.022322,-27.467022],[153.022326,-27.467011],[153.021722,-27.466752],[153.021589,-27.466695],[153.021026,-27.466368],[153.020793,-27.46626],[153.020457,-27.466187],[153.019855,-27.466111],[153.019389,-27.46602],[153.019389,-27.46602],[153.019388,-27.46602],[153.019361,-27.466015],[153.019103,-27.465964],[153.01883,-27.465911],[153.018203,-27.465753],[153.017893,-27.465674],[153.017024,-27.465466],[153.016967,-27.465577],[153.01691,-27.465665],[153.016751,-27.465762],[153.016617,-27.465762],[153.016492,-27.465751],[153.016427,-27.465725],[153.016325,-27.465627],[153.016073,-27.465057],[153.015974,-27.464605],[153.015817,-27.463742],[153.015794,-27.463611],[153.015712,-27.463145],[153.015678,-27.462924],[153.015604,-27.462622],[153.015267,-27.461562],[153.015186,-27.461334],[153.015062,-27.461007],[153.014923,-27.460537],[153.014827,-27.460093],[153.014792,-27.459754],[153.014794,-27.459606],[153.014804,-27.459468],[153.01483,-27.459345],[153.01486,-27.459252],[153.014905,-27.459163],[153.01497,-27.459087],[153.015142,-27.458888],[153.015142,-27.458888],[153.015165,-27.458863],[153.015308,-27.458699],[153.015367,-27.458632],[153.015705,-27.458265],[153.015855,-27.458122],[153.016021,-27.457981],[153.016174,-27.457911],[153.016489,-27.457747],[153.016746,-27.457643],[153.017075,-27.457558],[153.017324,-27.457512],[153.017588,-27.457492],[153.017837,-27.45746],[153.018093,-27.457336],[153.018247,-27.457185],[153.018386,-27.456989],[153.018444,-27.4568],[153.018444,-27.456597],[153.018387,-27.456297],[153.018056,-27.454905],[153.017961,-27.454448],[153.017939,-27.454246],[153.017924,-27.453913],[153.017931,-27.453494],[153.017997,-27.45307],[153.018101,-27.452438],[153.018195,-27.45187],[153.018195,-27.45187],[153.018236,-27.451615],[153.018268,-27.451417],[153.018316,-27.451165],[153.018326,-27.45111],[153.018385,-27.450842],[153.018502,-27.450581],[153.018685,-27.450307],[153.018934,-27.450058],[153.019234,-27.449843],[153.0196,-27.449679],[153.019974,-27.449581],[153.020537,-27.449464],[153.021138,-27.44932],[153.021599,-27.449281],[153.022068,-27.449261],[153.022566,-27.449313],[153.023078,-27.449424],[153.023854,-27.449639],[153.024294,-27.449718],[153.024522,-27.449748],[153.02515,-27.449829],[153.025322,-27.449848],[153.025322,-27.449848],[153.025398,-27.449856],[153.025678,-27.449887],[153.025905,-27.4499],[153.026044,-27.449972],[153.026124,-27.450044],[153.026183,-27.450149],[153.026275,-27.450448],[153.02634,-27.450553],[153.026446,-27.450635],[153.026637,-27.450729],[153.026827,-27.450766],[153.027053,-27.450779],[153.027343,-27.45076],[153.027703,-27.450697],[153.027912,-27.450632],[153.028253,-27.450472],[153.028416,-27.450322],[153.028578,-27.450115],[153.028726,-27.449795],[153.029139,-27.447449],[153.029218,-27.447002],[153.029218,-27.447002],[153.029235,-27.446905],[153.029258,-27.446695],[153.029259,-27.446419],[153.029214,-27.446107],[153.029216,-27.445511],[153.02924,-27.445331],[153.029314,-27.444209],[153.029339,-27.44402],[153.029372,-27.443775],[153.029439,-27.443579],[153.029582,-27.443349],[153.029718,-27.443198],[153.029862,-27.443081],[153.03003,-27.44298],[153.030483,-27.442753],[153.030629,-27.442652],[153.030778,-27.442525],[153.030935,-27.442349],[153.031034,-27.442199],[153.031131,-27.442008],[153.031199,-27.441772],[153.031227,-27.441524],[153.03122,-27.441399],[153.031196,-27.441015],[153.031181,-27.440765],[153.031178,-27.440618],[153.031208,-27.440476],[153.031268,-27.44029],[153.031272,-27.440201],[153.031252,-27.440108],[153.031233,-27.440059],[153.031147,-27.439932],[153.030881,-27.439721],[153.030708,-27.439667],[153.030971,-27.438082],[153.031074,-27.437477],[153.03124,-27.436494],[153.031334,-27.436295],[153.031536,-27.435277],[153.031625,-27.434774],[153.031625,-27.434774],[153.031722,-27.434222],[153.031895,-27.433306],[153.032003,-27.432681],[153.032015,-27.432607],[153.032004,-27.432479],[153.031996,-27.432349],[153.03197,-27.432096],[153.031871,-27.431485],[153.031852,-27.431264],[153.03186,-27.430966],[153.031856,-27.430774],[153.031876,-27.430271],[153.031909,-27.43006],[153.031969,-27.429918],[153.03205,-27.429825],[153.032254,-27.429662],[153.03236,-27.429529],[153.032471,-27.429383],[153.032556,-27.429237],[153.032603,-27.429091],[153.032656,-27.428874],[153.032682,-27.428719],[153.032594,-27.428439],[153.032575,-27.428339],[153.032586,-27.428243],[153.032633,-27.428126],[153.032738,-27.427922],[153.032793,-27.427753],[153.032837,-27.427584],[153.032854,-27.42745],[153.032859,-27.427278],[153.032887,-27.42702],[153.032915,-27.426779],[153.032915,-27.426779],[153.032924,-27.426695],[153.033009,-27.425963],[153.033038,-27.425738],[153.033061,-27.425603],[153.033101,-27.425427],[153.033125,-27.425347],[153.033184,-27.425164],[153.033384,-27.424642],[153.033428,-27.42449],[153.033499,-27.42415],[153.033679,-27.422949],[153.033762,-27.422334],[153.033809,-27.422009],[153.033833,-27.421892],[153.033869,-27.421768],[153.033915,-27.421654],[153.033962,-27.421556],[153.03402,-27.421446],[153.034323,-27.421021],[153.03438,-27.420912],[153.034414,-27.420815],[153.034431,-27.420718],[153.034438,-27.420587],[153.034424,-27.420473],[153.034403,-27.420382],[153.034293,-27.419903],[153.034293,-27.419903],[153.034289,-27.419885],[153.034278,-27.419811],[153.034273,-27.419711],[153.034285,-27.419589],[153.034321,-27.419457],[153.034387,-27.41931],[153.034459,-27.419207],[153.034663,-27.418994],[153.034812,-27.418847],[153.03492,-27.41872],[153.03498,-27.418639],[153.035125,-27.418409],[153.035678,-27.417505],[153.035805,-27.417226],[153.035882,-27.41702],[153.03595,-27.41678],[153.035973,-27.416572],[153.035973,-27.416364],[153.035946,-27.416178],[153.035912,-27.416036],[153.035863,-27.415881],[153.035778,-27.415695],[153.035681,-27.415531],[153.035586,-27.415383],[153.035337,-27.414994],[153.035337,-27.414994],[153.035317,-27.414963],[153.035201,-27.414772],[153.035066,-27.414442],[153.034978,-27.414275],[153.034848,-27.414101],[153.034514,-27.413783],[153.033849,-27.413139],[153.0337,-27.412958],[153.033571,-27.412764],[153.033469,-27.412514],[153.033416,-27.412323],[153.033394,-27.412103],[153.033402,-27.411826],[153.033419,-27.411562],[153.033383,-27.411302],[153.033336,-27.411131],[153.033281,-27.410996],[153.032906,-27.410423],[153.032658,-27.41007],[153.032544,-27.409889],[153.032464,-27.40973],[153.03239,-27.409539],[153.032332,-27.409336],[153.032194,-27.408459],[153.032178,-27.408261],[153.032186,-27.408109],[153.0322,-27.407952],[153.032249,-27.407781],[153.032335,-27.407506],[153.032354,-27.407328],[153.032362,-27.406876],[153.032196,-27.406101],[153.032144,-27.40584],[153.031979,-27.405101],[153.031979,-27.405101],[153.031922,-27.404844],[153.031714,-27.403915],[153.031616,-27.403468],[153.031606,-27.403419],[153.031606,-27.403419],[153.03156,-27.403188],[153.03152,-27.402949],[153.031505,-27.402807],[153.031498,-27.402701],[153.031491,-27.402506],[153.031444,-27.401852],[153.031402,-27.401322],[153.031399,-27.400939],[153.031419,-27.400697],[153.031427,-27.400633],[153.031427,-27.400633],[153.031509,-27.39999],[153.031509,-27.399811],[153.031499,-27.399603],[153.03144,-27.399194],[153.031306,-27.39832],[153.031232,-27.397805],[153.031029,-27.39647],[153.030832,-27.395116],[153.030773,-27.394712],[153.03076,-27.394485],[153.030802,-27.394051],[153.030883,-27.393433],[153.030981,-27.39303],[153.030981,-27.39303],[153.031094,-27.392566],[153.031123,-27.392393],[153.031292,-27.391109],[153.031356,-27.390618],[153.03137,-27.390481],[153.031368,-27.390203],[153.031351,-27.389917],[153.031335,-27.389797],[153.031148,-27.388868],[153.031117,-27.388678],[153.031108,-27.38855],[153.031078,-27.38758],[153.031046,-27.387206],[153.030993,-27.386808],[153.030854,-27.386099],[153.030809,-27.385929],[153.030786,-27.385829],[153.030981,-27.385825],[153.031234,-27.385849],[153.032051,-27.385969],[153.032059,-27.385777],[153.032056,-27.385718],[153.032011,-27.38569],[153.031981,-27.385665],[153.031945,-27.38564],[153.031916,-27.385624],[153.031887,-27.385613],[153.031865,-27.385601],[153.031811,-27.385589],[153.031697,-27.385567],[153.031516,-27.385542],[153.031229,-27.385502],[153.031198,-27.385501],[153.031163,-27.385515],[153.031134,-27.38555],[153.031123,-27.385594],[153.031127,-27.385622],[153.031139,-27.385657],[153.031158,-27.38568],[153.031166,-27.38569],[153.031206,-27.385712],[153.03164,-27.385776],[153.03164,-27.385776],[153.031779,-27.385796],[153.031833,-27.385796],[153.031861,-27.385791],[153.031904,-27.385752],[153.031927,-27.385691],[153.031918,-27.38565],[153.031887,-27.385613],[153.031865,-27.385601],[153.031811,-27.385589],[153.031697,-27.385567],[153.031516,-27.385542],[153.031458,-27.385475],[153.031439,-27.385435],[153.031424,-27.38539],[153.031409,-27.385284],[153.031386,-27.385198],[153.031309,-27.385129],[153.03129,-27.385009],[153.031264,-27.384781],[153.031232,-27.384563],[153.031052,-27.384518],[153.03088,-27.384495],[153.030727,-27.384495],[153.030522,-27.384531],[153.030912,-27.385591],[153.030981,-27.385825],[153.031005,-27.385931],[153.030809,-27.385929],[153.030582,-27.385899],[153.030465,-27.385858],[153.027193,-27.38538],[153.026327,-27.385248],[153.025475,-27.385122],[153.025475,-27.385122],[153.025374,-27.385108],[153.024439,-27.384973],[153.022517,-27.384667],[153.022512,-27.384705],[153.022474,-27.384842],[153.022409,-27.384965],[153.022321,-27.38507],[153.022218,-27.385157],[153.0221,-27.385215],[153.021982,-27.385241],[153.021974,-27.385243],[153.021842,-27.385243],[153.021716,-27.385215],[153.021657,-27.385186],[153.021599,-27.385157],[153.021495,-27.38507],[153.021407,-27.384965],[153.021342,-27.384842],[153.021303,-27.384705],[153.021289,-27.384564],[153.0213,-27.384467],[153.021303,-27.384421],[153.021342,-27.384284],[153.021407,-27.384161],[153.021495,-27.384056],[153.021599,-27.383969],[153.021716,-27.383911],[153.021842,-27.383883],[153.021871,-27.383883],[153.02193,-27.383763],[153.022121,-27.382994],[153.022168,-27.382738],[153.022175,-27.382684],[153.022395,-27.381479],[153.022475,-27.380989],[153.022475,-27.380989],[153.02253,-27.38065],[153.022584,-27.380382],[153.02276,-27.379506],[153.023108,-27.377648],[153.023408,-27.37594],[153.02344,-27.375416],[153.02344,-27.375416],[153.023449,-27.375271],[153.023451,-27.375122],[153.023445,-27.374993],[153.023419,-27.374836],[153.023356,-27.374638],[153.023335,-27.374642],[153.023124,-27.374168],[153.023085,-27.374031],[153.022984,-27.373575],[153.02296,-27.373496],[153.022926,-27.373447],[153.022886,-27.373403],[153.022473,-27.373105],[153.022076,-27.372775],[153.021547,-27.372304],[153.02025,-27.371174],[153.019894,-27.370859],[153.018856,-27.369937],[153.018856,-27.369937],[153.018499,-27.369621],[153.018168,-27.36929],[153.018012,-27.369108],[153.017755,-27.368766],[153.017526,-27.368372],[153.017351,-27.367974],[153.017211,-27.367569],[153.017159,-27.367367],[153.017099,-27.367023],[153.017077,-27.366778],[153.017073,-27.366627],[153.017068,-27.366404],[153.017076,-27.365203],[153.017072,-27.3639],[153.017072,-27.363815],[153.017055,-27.362385],[153.017055,-27.362385],[153.017052,-27.3621],[153.017048,-27.361789],[153.017033,-27.361538],[153.016987,-27.361311],[153.016956,-27.361154],[153.016822,-27.360486],[153.016771,-27.360216],[153.016749,-27.359969],[153.016742,-27.359537],[153.016755,-27.359321],[153.016773,-27.359049],[153.016832,-27.358419],[153.016854,-27.358187],[153.016865,-27.35788],[153.016824,-27.357384],[153.016751,-27.357026],[153.016497,-27.356335],[153.016364,-27.356087],[153.01608,-27.355629],[153.016014,-27.355522],[153.015948,-27.355493],[153.015897,-27.355447],[153.015853,-27.355428],[153.0158,-27.355421],[153.015718,-27.355418],[153.015332,-27.355674],[153.01521,-27.355705],[153.015117,-27.355754],[153.015031,-27.355787],[153.014946,-27.355811],[153.014827,-27.355819],[153.014715,-27.355807],[153.013684,-27.355648],[153.013348,-27.355592],[153.013348,-27.355592],[153.01263,-27.355474],[153.01184,-27.355358],[153.009997,-27.35507],[153.008957,-27.354915],[153.007624,-27.354714],[153.00687,-27.354605],[153.005209,-27.354357],[153.004801,-27.354294],[153.004801,-27.354294],[153.003915,-27.354158],[153.004333,-27.351825],[153.004406,-27.351418],[153.004406,-27.351418],[153.004437,-27.351246],[153.00461,-27.35039],[153.005296,-27.346672],[153.00536,-27.34632],[153.00536,-27.34632],[153.005613,-27.34495],[153.007411,-27.345207],[153.008005,-27.345286],[153.008606,-27.34537],[153.009364,-27.345476],[153.009765,-27.345533],[153.009765,-27.345533],[153.010105,-27.345581],[153.011128,-27.345726],[153.011938,-27.34584],[153.012387,-27.345926],[153.012602,-27.345965],[153.012861,-27.345998],[153.013962,-27.346244],[153.014964,-27.346403],[153.016895,-27.34671],[153.017175,-27.346754],[153.017175,-27.346754],[153.018034,-27.34689],[153.018404,-27.34689],[153.018931,-27.346958],[153.022083,-27.347451],[153.022183,-27.34747],[153.023003,-27.347617],[153.02311,-27.347659],[153.024421,-27.347872],[153.026342,-27.348184],[153.026997,-27.348286],[153.027068,-27.347856],[153.027068,-27.347856],[153.027114,-27.347571],[153.027133,-27.34743],[153.027165,-27.347192],[153.027194,-27.34692],[153.027207,-27.346811],[153.027241,-27.346625],[153.02811,-27.346775],[153.028114,-27.346775],[153.028207,-27.346768],[153.028412,-27.346758],[153.028528,-27.3473],[153.028552,-27.347308],[153.028598,-27.347369],[153.028621,-27.347411],[153.028631,-27.347453],[153.028671,-27.347628],[153.028696,-27.347715]]}},{"type":"Feature","properties":{"route":"340","name":"Carseldine - Woolloongabba Express via City","category":"high_bus","route_type":"3","shape_id":"3400056"},"geometry":{"type":"LineString","coordinates":[[153.028696,-27.347715],[153.02881,-27.348102],[153.028786,-27.34816],[153.028716,-27.348189],[153.028395,-27.348186],[153.028191,-27.348188],[153.028112,-27.348188],[153.028251,-27.34748],[153.028265,-27.347409],[153.02829,-27.347346],[153.028295,-27.347343],[153.028114,-27.346775],[153.02811,-27.346775],[153.027241,-27.346625],[153.027207,-27.346811],[153.027194,-27.34692],[153.027165,-27.347192],[153.027133,-27.34743],[153.027114,-27.347571],[153.027088,-27.34773],[153.027088,-27.34773],[153.026997,-27.348286],[153.026984,-27.348381],[153.026319,-27.348277],[153.024707,-27.348012],[153.023661,-27.347831],[153.023658,-27.34784],[153.022167,-27.347595],[153.022065,-27.347577],[153.021909,-27.347549],[153.021564,-27.347486],[153.019284,-27.347141],[153.018361,-27.346984],[153.018034,-27.34689],[153.017165,-27.346753],[153.017165,-27.346753],[153.016895,-27.34671],[153.014964,-27.346403],[153.013962,-27.346244],[153.012861,-27.345998],[153.012602,-27.345965],[153.012387,-27.345926],[153.011938,-27.34584],[153.011128,-27.345726],[153.010502,-27.345637],[153.010502,-27.345637],[153.010105,-27.345581],[153.009364,-27.345476],[153.008606,-27.34537],[153.008005,-27.345286],[153.007411,-27.345207],[153.005613,-27.34495],[153.005296,-27.346672],[153.005214,-27.347114],[153.005214,-27.347114],[153.00461,-27.35039],[153.004437,-27.351246],[153.004333,-27.351825],[153.004293,-27.35205],[153.004293,-27.35205],[153.003915,-27.354158],[153.004779,-27.354291],[153.004779,-27.354291],[153.005209,-27.354357],[153.00687,-27.354605],[153.007624,-27.354714],[153.008957,-27.354915],[153.009997,-27.35507],[153.01184,-27.355358],[153.01263,-27.355474],[153.013374,-27.355597],[153.013374,-27.355597],[153.013684,-27.355648],[153.014715,-27.355807],[153.014827,-27.355819],[153.014946,-27.355811],[153.015031,-27.355787],[153.015117,-27.355754],[153.01521,-27.355705],[153.01528,-27.355616],[153.015699,-27.355336],[153.015829,-27.355249],[153.01597,-27.355194],[153.016182,-27.355521],[153.01649,-27.355998],[153.016616,-27.356228],[153.016656,-27.356299],[153.016761,-27.356504],[153.016873,-27.3568],[153.016931,-27.357016],[153.016982,-27.357349],[153.017021,-27.357717],[153.017028,-27.357878],[153.017028,-27.357991],[153.016938,-27.359029],[153.01691,-27.359548],[153.016931,-27.359854],[153.016971,-27.360077],[153.017145,-27.360962],[153.017191,-27.361182],[153.017219,-27.361419],[153.017222,-27.361531],[153.017222,-27.361871],[153.017222,-27.361871],[153.017224,-27.363871],[153.017237,-27.364697],[153.017244,-27.365232],[153.017259,-27.366398],[153.017258,-27.366637],[153.017257,-27.366795],[153.017279,-27.367036],[153.017357,-27.367481],[153.017496,-27.367941],[153.017665,-27.368317],[153.017946,-27.368781],[153.018289,-27.369206],[153.018633,-27.369555],[153.019934,-27.37069],[153.02005,-27.370789],[153.02005,-27.370789],[153.020147,-27.370871],[153.020441,-27.371133],[153.021566,-27.37211],[153.02258,-27.372974],[153.022684,-27.373048],[153.023018,-27.373285],[153.023221,-27.373426],[153.02333,-27.373489],[153.023298,-27.373665],[153.023282,-27.373765],[153.023282,-27.37389],[153.023298,-27.374011],[153.023324,-27.374133],[153.023379,-27.374315],[153.023511,-27.374717],[153.023574,-27.374899],[153.023623,-27.37512],[153.023623,-27.375278],[153.023501,-27.375953],[153.023395,-27.376588],[153.023395,-27.376588],[153.023365,-27.376768],[153.022858,-27.379517],[153.022689,-27.380399],[153.022649,-27.380621],[153.022553,-27.381168],[153.022553,-27.381168],[153.022495,-27.381492],[153.022261,-27.382749],[153.022112,-27.383551],[153.022105,-27.383673],[153.02214,-27.383786],[153.022185,-27.38395],[153.022218,-27.383969],[153.022321,-27.384056],[153.022409,-27.384161],[153.022474,-27.384284],[153.022512,-27.384421],[153.022527,-27.384564],[153.022517,-27.384667],[153.024439,-27.384973],[153.025374,-27.385108],[153.02565,-27.385148],[153.02565,-27.385148],[153.026327,-27.385248],[153.027193,-27.38538],[153.030465,-27.385858],[153.030584,-27.385832],[153.030786,-27.385829],[153.030981,-27.385825],[153.031005,-27.385931],[153.031072,-27.386369],[153.031072,-27.386369],[153.031196,-27.387173],[153.031229,-27.387588],[153.031262,-27.388551],[153.031283,-27.388767],[153.031499,-27.389839],[153.031511,-27.389976],[153.031524,-27.390227],[153.031527,-27.39038],[153.031518,-27.390507],[153.031506,-27.39063],[153.031368,-27.391683],[153.031242,-27.392586],[153.031035,-27.393452],[153.030963,-27.393991],[153.030963,-27.393991],[153.030938,-27.394182],[153.030921,-27.394387],[153.030918,-27.394593],[153.030937,-27.394786],[153.030984,-27.39511],[153.031185,-27.396462],[153.031384,-27.397774],[153.031458,-27.398308],[153.031594,-27.399197],[153.031656,-27.399612],[153.031662,-27.399719],[153.031662,-27.399719],[153.031672,-27.399894],[153.031663,-27.400052],[153.031561,-27.400797],[153.031553,-27.40093],[153.031557,-27.40123],[153.031596,-27.401844],[153.031638,-27.402523],[153.031658,-27.402716],[153.031679,-27.402947],[153.031723,-27.403198],[153.031802,-27.403565],[153.031802,-27.403565],[153.031827,-27.403681],[153.031877,-27.403877],[153.032064,-27.404824],[153.032275,-27.405814],[153.032512,-27.40688],[153.032552,-27.407104],[153.032559,-27.407328],[153.032557,-27.407417],[153.032557,-27.407417],[153.032554,-27.407525],[153.032533,-27.40769],[153.032428,-27.40815],[153.032395,-27.408363],[153.032387,-27.408601],[153.03245,-27.408889],[153.032599,-27.409394],[153.03265,-27.409549],[153.032743,-27.409732],[153.033058,-27.410236],[153.033207,-27.410432],[153.033579,-27.410791],[153.033706,-27.41094],[153.033746,-27.410995],[153.033819,-27.411138],[153.033875,-27.411284],[153.033908,-27.411433],[153.033928,-27.411709],[153.033991,-27.412238],[153.033972,-27.412369],[153.033893,-27.412501],[153.033777,-27.412644],[153.033725,-27.41273],[153.033767,-27.412877],[153.03394,-27.413095],[153.034324,-27.413462],[153.034602,-27.413739],[153.034711,-27.413891],[153.034876,-27.414052],[153.035011,-27.414231],[153.035116,-27.414429],[153.035253,-27.414757],[153.03535,-27.414917],[153.035424,-27.415032],[153.035634,-27.415357],[153.035634,-27.415357],[153.03567,-27.415412],[153.035744,-27.415526],[153.035871,-27.415715],[153.035946,-27.415862],[153.036003,-27.416019],[153.036051,-27.4162],[153.03607,-27.416376],[153.036064,-27.416582],[153.036029,-27.41678],[153.035954,-27.416993],[153.035722,-27.41751],[153.03516,-27.41844],[153.035019,-27.418668],[153.034895,-27.418818],[153.034522,-27.419209],[153.034434,-27.419322],[153.034365,-27.419459],[153.034329,-27.419586],[153.034313,-27.419713],[153.034318,-27.419802],[153.034333,-27.419886],[153.034424,-27.420276],[153.034437,-27.420338],[153.034437,-27.420338],[153.034444,-27.420371],[153.034472,-27.420499],[153.034479,-27.420579],[153.034475,-27.420718],[153.034453,-27.420822],[153.034424,-27.420909],[153.034361,-27.421045],[153.034133,-27.42136],[153.03405,-27.421481],[153.033993,-27.421584],[153.033938,-27.421708],[153.033896,-27.421829],[153.033864,-27.42196],[153.033813,-27.422285],[153.033522,-27.424265],[153.033471,-27.424498],[153.033358,-27.424847],[153.033258,-27.425095],[153.033159,-27.425379],[153.033116,-27.425534],[153.033086,-27.425698],[153.033062,-27.425871],[153.032966,-27.4267],[153.032953,-27.426823],[153.032953,-27.426823],[153.032933,-27.427018],[153.032906,-27.427283],[153.032899,-27.42746],[153.032854,-27.427719],[153.032829,-27.427917],[153.032794,-27.428031],[153.032842,-27.42834],[153.032842,-27.428453],[153.03283,-27.428738],[153.032814,-27.428898],[153.032762,-27.429105],[153.032656,-27.429459],[153.032524,-27.430033],[153.0321,-27.432503],[153.032058,-27.432608],[153.032003,-27.432681],[153.031895,-27.433306],[153.031722,-27.434222],[153.031536,-27.435277],[153.031471,-27.435601],[153.031471,-27.435601],[153.031334,-27.436295],[153.031367,-27.436481],[153.031185,-27.437494],[153.031067,-27.438096],[153.030975,-27.438667],[153.030881,-27.439721],[153.031147,-27.439932],[153.031233,-27.440059],[153.031252,-27.440108],[153.031272,-27.440201],[153.031268,-27.44029],[153.031208,-27.440476],[153.031178,-27.440618],[153.031181,-27.440765],[153.031196,-27.441015],[153.03122,-27.441399],[153.031227,-27.441524],[153.031199,-27.441772],[153.031131,-27.442008],[153.031034,-27.442199],[153.030935,-27.442349],[153.030778,-27.442525],[153.030629,-27.442652],[153.030483,-27.442753],[153.03003,-27.44298],[153.029862,-27.443081],[153.029718,-27.443198],[153.029582,-27.443349],[153.029439,-27.443579],[153.029372,-27.443775],[153.029339,-27.44402],[153.029314,-27.444209],[153.02924,-27.445331],[153.029216,-27.445511],[153.029214,-27.446107],[153.029259,-27.446419],[153.029258,-27.446695],[153.029235,-27.446905],[153.02915,-27.447385],[153.02915,-27.447385],[153.029139,-27.447449],[153.028726,-27.449795],[153.028578,-27.450115],[153.028416,-27.450322],[153.028253,-27.450472],[153.027912,-27.450632],[153.027703,-27.450697],[153.027343,-27.45076],[153.027053,-27.450779],[153.026827,-27.450766],[153.026637,-27.450729],[153.026446,-27.450635],[153.02634,-27.450553],[153.026275,-27.450448],[153.026183,-27.450149],[153.026124,-27.450044],[153.026044,-27.449972],[153.025905,-27.4499],[153.025678,-27.449887],[153.025398,-27.449856],[153.02515,-27.449829],[153.024922,-27.449799],[153.024922,-27.449799],[153.024522,-27.449748],[153.024294,-27.449718],[153.023854,-27.449639],[153.023078,-27.449424],[153.022566,-27.449313],[153.022068,-27.449261],[153.021599,-27.449281],[153.021138,-27.44932],[153.020537,-27.449464],[153.019974,-27.449581],[153.0196,-27.449679],[153.019234,-27.449843],[153.018934,-27.450058],[153.018685,-27.450307],[153.018502,-27.450581],[153.018385,-27.450842],[153.018326,-27.45111],[153.018316,-27.451165],[153.018268,-27.451417],[153.018236,-27.451615],[153.018105,-27.452419],[153.018105,-27.452419],[153.018101,-27.452438],[153.017997,-27.45307],[153.017931,-27.453494],[153.017924,-27.453913],[153.017939,-27.454246],[153.017961,-27.454448],[153.018056,-27.454905],[153.018387,-27.456297],[153.018444,-27.456597],[153.018444,-27.4568],[153.018386,-27.456989],[153.018247,-27.457185],[153.018093,-27.457336],[153.017837,-27.45746],[153.017588,-27.457492],[153.017324,-27.457512],[153.017075,-27.457558],[153.016746,-27.457643],[153.016489,-27.457747],[153.016174,-27.457911],[153.016021,-27.457981],[153.015855,-27.458122],[153.015705,-27.458265],[153.015367,-27.458632],[153.015308,-27.458699],[153.015165,-27.458863],[153.014987,-27.459067],[153.014987,-27.459067],[153.01497,-27.459087],[153.014905,-27.459163],[153.01486,-27.459252],[153.01483,-27.459345],[153.014804,-27.459468],[153.014794,-27.459606],[153.014792,-27.459754],[153.014827,-27.460093],[153.014923,-27.460537],[153.015062,-27.461007],[153.015186,-27.461334],[153.015267,-27.461562],[153.015604,-27.462622],[153.015678,-27.462924],[153.015712,-27.463145],[153.015794,-27.463611],[153.015817,-27.463742],[153.015974,-27.464605],[153.016073,-27.465057],[153.016325,-27.465627],[153.016427,-27.465725],[153.016492,-27.465751],[153.016617,-27.465762],[153.016751,-27.465762],[153.01691,-27.465665],[153.016967,-27.465577],[153.017024,-27.465466],[153.017893,-27.465674],[153.018203,-27.465753],[153.01883,-27.465911],[153.019103,-27.465964],[153.019191,-27.465981],[153.019191,-27.465981],[153.019361,-27.466015],[153.019388,-27.46602],[153.019855,-27.466111],[153.020457,-27.466187],[153.020793,-27.46626],[153.021026,-27.466368],[153.021589,-27.466695],[153.021722,-27.466752],[153.022326,-27.467011],[153.022336,-27.466999],[153.022348,-27.466988],[153.022359,-27.466979],[153.022371,-27.466973],[153.022382,-27.466967],[153.022397,-27.466964],[153.022416,-27.466962],[153.022435,-27.466964],[153.022453,-27.466967],[153.022471,-27.466976],[153.022484,-27.466986],[153.022495,-27.466997],[153.022505,-27.467012],[153.022511,-27.467025],[153.022514,-27.467036],[153.022514,-27.467049],[153.022513,-27.467059],[153.022511,-27.467072],[153.022507,-27.467085],[153.022501,-27.467096],[153.022719,-27.467224],[153.022923,-27.46743],[153.02311,-27.467672],[153.023211,-27.467756],[153.023548,-27.468037],[153.023836,-27.46831],[153.023836,-27.46831],[153.024351,-27.468798],[153.024563,-27.468917],[153.025236,-27.469606],[153.025257,-27.469708],[153.024442,-27.470328],[153.023684,-27.4709],[153.022868,-27.471515],[153.022706,-27.471565],[153.022931,-27.471675],[153.023056,-27.471774],[153.023591,-27.472302],[153.024093,-27.472798],[153.024477,-27.473173],[153.024489,-27.473186],[153.025684,-27.47441],[153.025803,-27.474541],[153.025888,-27.474618],[153.02652,-27.475278],[153.026507,-27.475328],[153.026121,-27.475688],[153.02608,-27.475709],[153.026018,-27.475811],[153.025986,-27.475878],[153.025972,-27.475929],[153.025961,-27.476001],[153.025961,-27.47609],[153.02598,-27.476201],[153.026013,-27.476295],[153.026164,-27.476578],[153.026155,-27.476664],[153.026486,-27.477143],[153.02718,-27.478065],[153.028098,-27.479249],[153.030325,-27.482122],[153.030748,-27.482642],[153.030852,-27.482774],[153.031012,-27.48303],[153.031069,-27.483115],[153.031112,-27.483126],[153.031749,-27.484068],[153.031751,-27.484134],[153.031859,-27.484296],[153.031992,-27.48442],[153.032134,-27.484606],[153.032199,-27.484707],[153.032258,-27.48484],[153.032281,-27.485006],[153.032263,-27.485165],[153.032242,-27.485261],[153.032367,-27.485375],[153.032463,-27.48549],[153.03256,-27.485628],[153.032609,-27.485794],[153.032752,-27.485833],[153.032981,-27.48589],[153.033855,-27.486017],[153.033985,-27.486024],[153.034112,-27.486012],[153.034455,-27.485989],[153.034537,-27.486],[153.035068,-27.486073]]}},{"type":"Feature","properties":{"route":"345","name":"Aspley - City Express via Maundrell Terrace","category":"high_bus","route_type":"3","shape_id":"3450034"},"geometry":{"type":"LineString","coordinates":[[153.013156,-27.363258],[153.013219,-27.363269],[153.013353,-27.363393],[153.013873,-27.363509],[153.014223,-27.363632],[153.014693,-27.363753],[153.015229,-27.363803],[153.0154,-27.363815],[153.015595,-27.363805],[153.015709,-27.3638],[153.015739,-27.363938],[153.015805,-27.364133],[153.015919,-27.36443],[153.015973,-27.364536],[153.016095,-27.364787],[153.016117,-27.364876],[153.016171,-27.36498],[153.016204,-27.365064],[153.016217,-27.365173],[153.016168,-27.365448],[153.016111,-27.365527],[153.016083,-27.36566],[153.01593,-27.366389],[153.015821,-27.366983],[153.015681,-27.367738],[153.01556,-27.368389],[153.015432,-27.369077],[153.015239,-27.370115],[153.015189,-27.37039],[153.015189,-27.37039],[153.014913,-27.371875],[153.014743,-27.372794],[153.01417,-27.37589],[153.01408,-27.37636],[153.014045,-27.376545],[153.014045,-27.376545],[153.013912,-27.377252],[153.013453,-27.379576],[153.013405,-27.379839],[153.013405,-27.379839],[153.013397,-27.379886],[153.013178,-27.381424],[153.013227,-27.381708],[153.012941,-27.383219],[153.01282,-27.383861],[153.01282,-27.383861],[153.012798,-27.38398],[153.012765,-27.384096],[153.012657,-27.384356],[153.012566,-27.384519],[153.012122,-27.386667],[153.011993,-27.387351],[153.011791,-27.388415],[153.011673,-27.389242],[153.011696,-27.389371],[153.011606,-27.389974],[153.011587,-27.39014],[153.011587,-27.390638],[153.011579,-27.390797],[153.011557,-27.391002],[153.011532,-27.39115],[153.011515,-27.391263],[153.011481,-27.391424],[153.011394,-27.391819],[153.011351,-27.392075],[153.011277,-27.392491],[153.011277,-27.392491],[153.011185,-27.392999],[153.011071,-27.393445],[153.01098,-27.393575],[153.010951,-27.39372],[153.010514,-27.395896],[153.010433,-27.396294],[153.010382,-27.396634],[153.010194,-27.397532],[153.00991,-27.398959],[153.009619,-27.400463],[153.009619,-27.400463],[153.009566,-27.400735],[153.009592,-27.40074],[153.009626,-27.400753],[153.009655,-27.400772],[153.009679,-27.400796],[153.009697,-27.400823],[153.009708,-27.400854],[153.009712,-27.400886],[153.009709,-27.400908],[153.009708,-27.400918],[153.009697,-27.400949],[153.009679,-27.400976],[153.009655,-27.401],[153.009626,-27.401019],[153.009592,-27.401032],[153.009557,-27.401039],[153.009521,-27.401039],[153.009505,-27.401036],[153.009357,-27.401758],[153.009185,-27.402633],[153.009165,-27.402799],[153.00907,-27.403382],[153.009035,-27.403536],[153.008866,-27.404407],[153.008762,-27.404964],[153.008762,-27.404964],[153.008675,-27.405424],[153.008636,-27.405634],[153.008504,-27.406286],[153.008461,-27.406496],[153.008307,-27.407227],[153.008126,-27.408173],[153.008089,-27.408339],[153.008118,-27.408442],[153.008086,-27.408657],[153.008012,-27.408884],[153.007977,-27.40897],[153.007917,-27.409086],[153.007852,-27.409187],[153.007822,-27.409265],[153.007779,-27.409443],[153.00767,-27.409802],[153.007619,-27.41006],[153.007552,-27.410146],[153.007338,-27.411402],[153.007242,-27.411962],[153.007242,-27.411962],[153.007185,-27.4123],[153.007142,-27.412523],[153.007078,-27.4127],[153.006964,-27.412877],[153.006772,-27.413061],[153.006501,-27.413282],[153.005996,-27.413541],[153.005803,-27.413604],[153.005511,-27.41363],[153.003952,-27.413604],[153.003681,-27.413623],[153.003432,-27.413667],[153.003246,-27.413724],[153.003056,-27.413818],[153.002849,-27.413978],[153.001295,-27.415489],[153.000865,-27.415892],[153.000536,-27.416292],[153.000321,-27.416585],[153.00018,-27.416894],[153.000188,-27.417054],[153.000058,-27.417707],[153.00002,-27.417886],[153.00002,-27.417886],[152.999914,-27.418386],[152.999653,-27.419532],[152.999491,-27.420079],[152.999491,-27.420153],[152.999623,-27.420783],[152.999609,-27.420951],[152.999655,-27.4216],[152.99962,-27.422241],[152.999888,-27.422979],[153.000102,-27.423432],[153.000325,-27.423932],[153.000325,-27.423932],[153.000539,-27.424411],[153.000865,-27.425004],[153.00093,-27.42505],[153.001093,-27.425236],[153.001259,-27.425388],[153.001633,-27.42598],[153.00236,-27.42706],[153.002561,-27.427344],[153.002784,-27.427641],[153.003396,-27.428396],[153.003573,-27.428558],[153.00501,-27.429624],[153.005263,-27.429853],[153.00529,-27.429886],[153.005358,-27.429994],[153.00539,-27.430063],[153.005434,-27.430145],[153.005458,-27.43021],[153.005464,-27.43036],[153.005428,-27.430502],[153.005256,-27.430927],[153.005125,-27.431472],[153.005123,-27.431804],[153.005123,-27.431804],[153.005122,-27.4321],[153.005122,-27.432216],[153.005191,-27.432548],[153.005625,-27.433472],[153.005941,-27.434274],[153.006102,-27.43475],[153.006223,-27.435207],[153.006313,-27.435511],[153.006462,-27.435968],[153.006973,-27.436922],[153.007182,-27.437684],[153.007182,-27.437684],[153.007262,-27.437974],[153.007308,-27.438206],[153.007327,-27.438302],[153.007349,-27.438411],[153.007362,-27.43855],[153.007303,-27.438914],[153.007075,-27.439848],[153.007027,-27.440517],[153.006948,-27.441899],[153.006999,-27.442838],[153.007087,-27.443171],[153.007324,-27.443801],[153.007542,-27.444256],[153.007542,-27.444256],[153.007716,-27.444621],[153.007998,-27.445064],[153.008291,-27.445484],[153.008544,-27.445718],[153.008802,-27.445933],[153.009067,-27.446172],[153.009155,-27.446257],[153.009371,-27.446508],[153.00959,-27.446812],[153.009819,-27.447232],[153.010169,-27.44776],[153.010313,-27.44795],[153.010388,-27.448061],[153.010765,-27.448563],[153.010991,-27.448866],[153.011079,-27.449164],[153.011141,-27.449462],[153.011164,-27.44966],[153.011184,-27.449993],[153.011059,-27.450866],[153.011024,-27.451184],[153.011007,-27.451487],[153.011048,-27.451699],[153.011123,-27.451868],[153.01129,-27.452276],[153.011405,-27.452629],[153.011519,-27.452964],[153.011638,-27.453288],[153.011982,-27.454114],[153.011982,-27.454114],[153.012136,-27.454482],[153.012414,-27.455068],[153.012666,-27.455544],[153.012838,-27.455836],[153.012992,-27.45613],[153.013256,-27.456601],[153.013433,-27.456907],[153.013665,-27.457331],[153.013996,-27.4578],[153.014023,-27.457881],[153.014276,-27.458266],[153.01436,-27.458403],[153.014424,-27.458423],[153.014522,-27.458437],[153.014586,-27.458429],[153.014675,-27.458393],[153.014768,-27.458337],[153.014872,-27.458269],[153.014983,-27.45819],[153.01545,-27.457826],[153.015494,-27.457799],[153.015552,-27.457777],[153.015605,-27.457768],[153.015656,-27.457766],[153.015749,-27.457777],[153.015833,-27.457795],[153.016021,-27.457981],[153.015855,-27.458122],[153.015705,-27.458265],[153.015367,-27.458632],[153.015308,-27.458699],[153.015165,-27.458863],[153.014987,-27.459067],[153.014987,-27.459067],[153.01497,-27.459087],[153.014905,-27.459163],[153.01486,-27.459252],[153.01483,-27.459345],[153.014804,-27.459468],[153.014794,-27.459606],[153.014792,-27.459754],[153.014827,-27.460093],[153.014923,-27.460537],[153.015062,-27.461007],[153.015186,-27.461334],[153.015267,-27.461562],[153.015604,-27.462622],[153.015678,-27.462924],[153.015712,-27.463145],[153.015794,-27.463611],[153.015817,-27.463742],[153.015974,-27.464605],[153.016073,-27.465057],[153.016325,-27.465627],[153.016427,-27.465725],[153.016492,-27.465751],[153.016617,-27.465762],[153.016751,-27.465762],[153.01691,-27.465665],[153.016967,-27.465577],[153.017024,-27.465466],[153.017893,-27.465674],[153.018203,-27.465753],[153.01883,-27.465911],[153.019103,-27.465964],[153.019191,-27.465981],[153.019191,-27.465981],[153.019361,-27.466015],[153.019388,-27.46602],[153.019855,-27.466111],[153.020457,-27.466187],[153.020793,-27.46626],[153.021026,-27.466368],[153.021589,-27.466695],[153.021722,-27.466752],[153.022326,-27.467011],[153.022336,-27.466999],[153.022348,-27.466988],[153.022359,-27.466979],[153.022371,-27.466973],[153.022382,-27.466967],[153.022397,-27.466964],[153.022416,-27.466962],[153.022435,-27.466964],[153.022453,-27.466967],[153.022471,-27.466976],[153.022484,-27.466986],[153.022495,-27.466997],[153.022505,-27.467012],[153.022511,-27.467025],[153.022514,-27.467036],[153.022514,-27.467049],[153.022513,-27.467059],[153.022511,-27.467072],[153.022507,-27.467085],[153.022501,-27.467096],[153.022719,-27.467224],[153.022923,-27.46743],[153.02311,-27.467672],[153.023211,-27.467756],[153.023548,-27.468037],[153.024351,-27.468798],[153.024563,-27.468917],[153.025236,-27.469606],[153.025257,-27.469708],[153.024518,-27.470269]]}},{"type":"Feature","properties":{"route":"345","name":"Aspley - City Express via Maundrell Terrace","category":"high_bus","route_type":"3","shape_id":"3450036"},"geometry":{"type":"LineString","coordinates":[[153.025151,-27.470475],[153.024999,-27.470581],[153.024919,-27.470615],[153.02483,-27.470627],[153.024741,-27.470606],[153.024689,-27.470569],[153.024442,-27.470328],[153.025257,-27.469708],[153.025236,-27.469606],[153.024563,-27.468917],[153.024351,-27.468798],[153.023548,-27.468037],[153.023211,-27.467756],[153.02311,-27.467672],[153.022923,-27.46743],[153.022719,-27.467224],[153.022501,-27.467096],[153.02249,-27.467107],[153.02248,-27.467116],[153.022468,-27.467124],[153.022453,-27.467131],[153.022438,-27.467134],[153.022423,-27.467137],[153.02241,-27.467137],[153.022387,-27.467135],[153.022374,-27.467131],[153.022361,-27.467125],[153.022351,-27.467117],[153.022342,-27.467107],[153.022332,-27.467094],[153.022324,-27.46708],[153.022319,-27.467066],[153.022318,-27.46705],[153.022319,-27.467033],[153.022322,-27.467022],[153.022326,-27.467011],[153.021722,-27.466752],[153.021589,-27.466695],[153.021026,-27.466368],[153.020793,-27.46626],[153.020457,-27.466187],[153.019855,-27.466111],[153.019389,-27.46602],[153.019389,-27.46602],[153.019388,-27.46602],[153.019361,-27.466015],[153.019103,-27.465964],[153.01883,-27.465911],[153.018203,-27.465753],[153.017893,-27.465674],[153.017024,-27.465466],[153.016967,-27.465577],[153.01691,-27.465665],[153.016751,-27.465762],[153.016617,-27.465762],[153.016492,-27.465751],[153.016427,-27.465725],[153.016325,-27.465627],[153.016073,-27.465057],[153.015974,-27.464605],[153.015817,-27.463742],[153.015794,-27.463611],[153.015712,-27.463145],[153.015678,-27.462924],[153.015604,-27.462622],[153.015267,-27.461562],[153.015186,-27.461334],[153.015062,-27.461007],[153.014923,-27.460537],[153.014827,-27.460093],[153.014792,-27.459754],[153.014794,-27.459606],[153.014804,-27.459468],[153.01483,-27.459345],[153.01486,-27.459252],[153.014905,-27.459163],[153.01497,-27.459087],[153.015142,-27.458888],[153.015142,-27.458888],[153.015165,-27.458863],[153.015308,-27.458699],[153.015367,-27.458632],[153.015705,-27.458265],[153.015855,-27.458122],[153.016021,-27.457981],[153.015833,-27.457795],[153.015698,-27.457856],[153.015516,-27.457948],[153.015353,-27.45804],[153.015231,-27.458114],[153.015174,-27.458152],[153.014926,-27.458289],[153.014797,-27.45838],[153.014709,-27.458432],[153.014638,-27.458468],[153.014509,-27.458526],[153.014453,-27.458544],[153.014367,-27.45855],[153.014309,-27.458537],[153.014243,-27.458507],[153.014149,-27.458425],[153.013807,-27.457801],[153.0137,-27.457599],[153.013522,-27.457303],[153.013409,-27.457144],[153.012922,-27.45634],[153.012838,-27.456179],[153.012726,-27.455948],[153.01255,-27.455568],[153.012329,-27.455117],[153.012014,-27.454496],[153.011493,-27.453303],[153.011365,-27.453001],[153.011265,-27.452691],[153.011142,-27.452309],[153.010921,-27.451762],[153.010886,-27.451577],[153.010885,-27.45153],[153.010885,-27.45153],[153.01088,-27.451381],[153.010885,-27.451178],[153.010925,-27.450862],[153.011032,-27.450003],[153.011037,-27.449698],[153.011016,-27.449471],[153.010983,-27.449221],[153.010853,-27.448882],[153.010652,-27.448601],[153.010266,-27.448092],[153.010176,-27.447983],[153.010057,-27.4478],[153.009671,-27.447274],[153.009407,-27.446899],[153.009172,-27.446589],[153.008957,-27.44636],[153.008867,-27.446252],[153.008482,-27.445856],[153.008406,-27.445786],[153.008157,-27.44553],[153.007881,-27.44512],[153.007802,-27.444996],[153.007802,-27.444996],[153.007614,-27.4447],[153.007569,-27.444609],[153.007456,-27.444353],[153.007244,-27.443868],[153.006961,-27.443201],[153.006839,-27.442865],[153.006786,-27.441896],[153.006852,-27.440665],[153.006943,-27.439855],[153.00715,-27.438902],[153.007153,-27.438881],[153.007153,-27.438881],[153.007175,-27.438714],[153.00718,-27.438522],[153.007164,-27.438312],[153.007145,-27.438218],[153.007096,-27.43802],[153.006821,-27.436971],[153.006412,-27.43617],[153.006288,-27.435868],[153.006177,-27.435528],[153.005932,-27.434673],[153.005494,-27.433491],[153.005054,-27.432609],[153.005001,-27.432335],[153.00498,-27.432163],[153.004991,-27.431841],[153.004991,-27.431841],[153.005004,-27.431455],[153.005214,-27.430661],[153.005268,-27.430321],[153.005263,-27.430198],[153.005233,-27.430092],[153.005208,-27.430017],[153.005157,-27.429916],[153.005078,-27.429822],[153.00495,-27.42971],[153.003517,-27.428657],[153.003362,-27.428514],[153.003177,-27.428314],[153.00261,-27.427631],[153.002439,-27.427395],[153.002243,-27.42711],[153.002146,-27.426961],[153.001311,-27.425627],[153.001243,-27.425528],[153.001112,-27.425385],[153.000909,-27.425171],[153.000862,-27.425067],[153.000865,-27.425004],[153.000539,-27.424411],[153.000312,-27.423901],[153.000312,-27.423901],[153.000102,-27.423432],[152.999888,-27.422979],[152.99962,-27.422241],[152.999655,-27.4216],[152.999609,-27.420951],[152.999511,-27.420805],[152.999369,-27.420149],[152.999376,-27.420075],[152.999558,-27.419524],[152.999813,-27.418372],[152.999951,-27.417694],[152.999974,-27.417589],[152.999974,-27.417589],[153.000087,-27.417041],[153.00018,-27.416894],[153.000321,-27.416585],[153.000536,-27.416292],[153.000865,-27.415892],[153.001295,-27.415489],[153.002849,-27.413978],[153.003056,-27.413818],[153.003246,-27.413724],[153.003432,-27.413667],[153.003681,-27.413623],[153.003952,-27.413604],[153.005511,-27.41363],[153.005803,-27.413604],[153.005996,-27.413541],[153.006501,-27.413282],[153.006772,-27.413061],[153.006964,-27.412877],[153.007078,-27.4127],[153.007142,-27.412523],[153.007185,-27.4123],[153.007338,-27.411402],[153.007471,-27.410621],[153.007471,-27.410621],[153.007552,-27.410146],[153.007541,-27.410051],[153.007662,-27.409462],[153.007711,-27.409248],[153.007735,-27.409171],[153.00795,-27.408799],[153.008012,-27.408626],[153.008048,-27.408426],[153.008089,-27.408339],[153.008126,-27.408173],[153.008307,-27.407227],[153.008461,-27.406496],[153.008504,-27.406286],[153.008636,-27.405634],[153.008675,-27.405424],[153.008823,-27.404637],[153.008823,-27.404637],[153.008866,-27.404407],[153.009035,-27.403536],[153.00907,-27.403382],[153.009165,-27.402799],[153.009185,-27.402633],[153.009357,-27.401758],[153.009505,-27.401036],[153.009486,-27.401032],[153.009452,-27.401019],[153.009423,-27.401],[153.009399,-27.400976],[153.009381,-27.400949],[153.00937,-27.400918],[153.009366,-27.400886],[153.00937,-27.400857],[153.00937,-27.400854],[153.009381,-27.400823],[153.009399,-27.400796],[153.009423,-27.400772],[153.009452,-27.400753],[153.009486,-27.40074],[153.009521,-27.400733],[153.009557,-27.400733],[153.009566,-27.400735],[153.00965,-27.400301],[153.00965,-27.400301],[153.00991,-27.398959],[153.010194,-27.397532],[153.010382,-27.396634],[153.010433,-27.396294],[153.010514,-27.395896],[153.010951,-27.39372],[153.01098,-27.393575],[153.010972,-27.393425],[153.011059,-27.392974],[153.011236,-27.392052],[153.011347,-27.391476],[153.011395,-27.391248],[153.011418,-27.391135],[153.011439,-27.390979],[153.011458,-27.390678],[153.011458,-27.390678],[153.011483,-27.390289],[153.011489,-27.390133],[153.011517,-27.389904],[153.011555,-27.389714],[153.011614,-27.389352],[153.011673,-27.389242],[153.011791,-27.388415],[153.011993,-27.387351],[153.012122,-27.386667],[153.012566,-27.384519],[153.012566,-27.384398],[153.012641,-27.384086],[153.012683,-27.383849],[153.012683,-27.383849],[153.012799,-27.383197],[153.013075,-27.381698],[153.013178,-27.381424],[153.013397,-27.379886],[153.013453,-27.379576],[153.013525,-27.379208],[153.013525,-27.379208],[153.013912,-27.377252],[153.01405,-27.37652],[153.01405,-27.37652],[153.01408,-27.37636],[153.01417,-27.37589],[153.014743,-27.372794],[153.014913,-27.371875],[153.015038,-27.371199],[153.015038,-27.371199],[153.015239,-27.370115],[153.015432,-27.369077],[153.01556,-27.368389],[153.015681,-27.367738],[153.015821,-27.366983],[153.01593,-27.366389],[153.016083,-27.36566],[153.016111,-27.365527],[153.01609,-27.365426],[153.016121,-27.365168],[153.016106,-27.365081],[153.016063,-27.36498],[153.015908,-27.364664],[153.015867,-27.364574],[153.01578,-27.364384],[153.015715,-27.364232],[153.015606,-27.364141],[153.015492,-27.364054],[153.015258,-27.363976],[153.014995,-27.363952],[153.014854,-27.363931],[153.014648,-27.363897],[153.014471,-27.363857],[153.014094,-27.36371],[153.013865,-27.363631],[153.013301,-27.363502],[153.012743,-27.363431],[153.012252,-27.363386],[153.012257,-27.363256],[153.012268,-27.363108],[153.012698,-27.363177],[153.012731,-27.363182]]}},{"type":"Feature","properties":{"route":"385","name":"The Gap - City Express","category":"high_bus","route_type":"3","shape_id":"3850045"},"geometry":{"type":"LineString","coordinates":[[152.930049,-27.445478],[152.930357,-27.445678],[152.930483,-27.445747],[152.930506,-27.445733],[152.930523,-27.445722],[152.930548,-27.445699],[152.930777,-27.44551],[152.931118,-27.445613],[152.931503,-27.445664],[152.931831,-27.445654],[152.932125,-27.445626],[152.932744,-27.445489],[152.933701,-27.445245],[152.934507,-27.445033],[152.934507,-27.445033],[152.93495,-27.444917],[152.935366,-27.444796],[152.935587,-27.444721],[152.935965,-27.444579],[152.936589,-27.444342],[152.936818,-27.444181],[152.936886,-27.444118],[152.937062,-27.44392],[152.937245,-27.443574],[152.937434,-27.443238],[152.93751,-27.443113],[152.937589,-27.443034],[152.938349,-27.442312],[152.938491,-27.442193],[152.938651,-27.442103],[152.938728,-27.442073],[152.938728,-27.442073],[152.938845,-27.442028],[152.939044,-27.441981],[152.93923,-27.44197],[152.939398,-27.441985],[152.939535,-27.442012],[152.939729,-27.442091],[152.939996,-27.442317],[152.940212,-27.442473],[152.940518,-27.442703],[152.940613,-27.442764],[152.940689,-27.442791],[152.941061,-27.442875],[152.942575,-27.443106],[152.943247,-27.443153],[152.943988,-27.443227],[152.944599,-27.443322],[152.944718,-27.443354],[152.944718,-27.443354],[152.945158,-27.44347],[152.945826,-27.443626],[152.947078,-27.444216],[152.947278,-27.44431],[152.94773,-27.444434],[152.94799,-27.444505],[152.948475,-27.444605],[152.949433,-27.44492],[152.949651,-27.444943],[152.950585,-27.44489],[152.951226,-27.44492],[152.952249,-27.444969],[152.952499,-27.444972],[152.952499,-27.444972],[152.952793,-27.444974],[152.953607,-27.445004],[152.954222,-27.445138],[152.955264,-27.445525],[152.955465,-27.445586],[152.956129,-27.445674],[152.957018,-27.445983],[152.958157,-27.446084],[152.958617,-27.446208],[152.959263,-27.446395],[152.959263,-27.446395],[152.959446,-27.446447],[152.960399,-27.446489],[152.961465,-27.446345],[152.962307,-27.44642],[152.962808,-27.446482],[152.964389,-27.446778],[152.964838,-27.447013],[152.965167,-27.447348],[152.965673,-27.448377],[152.965921,-27.448805],[152.966076,-27.448944],[152.966286,-27.449084],[152.966557,-27.449182],[152.966902,-27.44921],[152.967455,-27.449045],[152.968182,-27.448731],[152.968435,-27.448648],[152.968727,-27.448521],[152.968727,-27.448521],[152.969401,-27.448229],[152.969727,-27.448114],[152.970607,-27.4483],[152.971168,-27.448434],[152.972362,-27.448111],[152.972942,-27.44796],[152.974182,-27.448069],[152.974564,-27.448132],[152.975629,-27.448262],[152.976255,-27.448289],[152.976732,-27.448352],[152.976778,-27.448361],[152.976954,-27.448444],[152.977067,-27.44853],[152.977133,-27.448616],[152.977278,-27.448873],[152.977278,-27.448873],[152.97737,-27.449034],[152.977357,-27.449396],[152.977395,-27.450178],[152.977411,-27.450313],[152.977443,-27.450376],[152.977478,-27.450432],[152.977617,-27.450553],[152.978439,-27.451289],[152.978934,-27.451651],[152.97917,-27.451795],[152.979699,-27.452284],[152.980045,-27.452577],[152.980045,-27.452577],[152.980921,-27.453323],[152.981578,-27.454173],[152.98167,-27.45433],[152.982495,-27.455778],[152.983117,-27.456032],[152.984477,-27.456417],[152.985123,-27.456724],[152.98533,-27.456898],[152.985499,-27.457111],[152.985521,-27.457203],[152.985532,-27.457387],[152.985547,-27.457488],[152.985538,-27.457596],[152.985674,-27.45783],[152.985848,-27.457967],[152.985999,-27.45801],[152.986431,-27.458059],[152.986975,-27.458078],[152.986975,-27.458078],[152.987252,-27.458088],[152.987443,-27.458124],[152.987692,-27.458252],[152.987882,-27.458408],[152.988193,-27.458693],[152.988259,-27.458773],[152.988409,-27.459094],[152.988492,-27.459307],[152.988535,-27.459465],[152.98856,-27.459461],[152.988598,-27.459461],[152.988634,-27.459467],[152.988668,-27.459481],[152.988698,-27.4595],[152.988722,-27.459525],[152.988741,-27.459553],[152.988752,-27.459584],[152.988756,-27.459617],[152.988754,-27.459633],[152.988783,-27.45964],[152.988985,-27.45965],[152.989131,-27.459645],[152.990065,-27.459497],[152.990165,-27.459492],[152.990243,-27.459502],[152.990999,-27.459736],[152.991103,-27.459763],[152.991371,-27.459746],[152.992413,-27.459407],[152.993161,-27.459179],[152.993468,-27.459089],[152.993975,-27.458926],[152.994469,-27.458415],[152.994558,-27.458376],[152.994734,-27.458348],[152.996384,-27.45854],[152.997323,-27.4589],[152.997431,-27.45894],[152.998122,-27.459193],[152.998122,-27.459193],[152.9983,-27.459258],[152.998362,-27.459266],[152.998461,-27.459257],[152.998569,-27.459237],[152.998673,-27.459187],[152.998951,-27.458959],[152.999092,-27.458862],[152.999182,-27.458805],[152.999252,-27.458772],[152.999313,-27.458753],[152.999384,-27.458742],[152.999463,-27.458738],[152.999747,-27.458751],[153.000132,-27.458768],[153.000622,-27.458737],[153.000833,-27.458766],[153.000996,-27.458874],[153.002088,-27.460038],[153.002396,-27.460381],[153.002468,-27.460449],[153.002532,-27.46048],[153.002583,-27.460499],[153.002675,-27.460516],[153.00318,-27.460528],[153.00325,-27.460533],[153.003327,-27.460547],[153.003386,-27.460573],[153.003472,-27.460622],[153.003968,-27.460942],[153.004572,-27.461252],[153.005033,-27.461411],[153.005547,-27.461592],[153.006398,-27.461881],[153.007,-27.462026],[153.007589,-27.462196],[153.007971,-27.462274],[153.00841,-27.462323],[153.00841,-27.462323],[153.008831,-27.462371],[153.009012,-27.462396],[153.010505,-27.463067],[153.010609,-27.463084],[153.010927,-27.463183],[153.011248,-27.463346],[153.011763,-27.463622],[153.011826,-27.46371],[153.011926,-27.463769],[153.012045,-27.463859],[153.012924,-27.46468],[153.012977,-27.464725],[153.013208,-27.464947],[153.013227,-27.465051],[153.013186,-27.465099],[153.012827,-27.465392],[153.012719,-27.465508],[153.012664,-27.46562],[153.012648,-27.465709],[153.012648,-27.46584],[153.012659,-27.465946],[153.012683,-27.466013],[153.012734,-27.466099],[153.012829,-27.466168],[153.012937,-27.466241],[153.013078,-27.466316],[153.013214,-27.466343],[153.013383,-27.466336],[153.014084,-27.466238],[153.014558,-27.466204],[153.014535,-27.466026],[153.014571,-27.465912],[153.014667,-27.465831],[153.01498,-27.465714],[153.015652,-27.465519],[153.01632,-27.465406],[153.016688,-27.465406],[153.017024,-27.465466],[153.017893,-27.465674],[153.018203,-27.465753],[153.01883,-27.465911],[153.019103,-27.465964],[153.019191,-27.465981],[153.019191,-27.465981],[153.019361,-27.466015],[153.019388,-27.46602],[153.019855,-27.466111],[153.020457,-27.466187],[153.020793,-27.46626],[153.021026,-27.466368],[153.021589,-27.466695],[153.021722,-27.466752],[153.022326,-27.467011],[153.022336,-27.466999],[153.022348,-27.466988],[153.022359,-27.466979],[153.022371,-27.466973],[153.022382,-27.466967],[153.022397,-27.466964],[153.022416,-27.466962],[153.022435,-27.466964],[153.022453,-27.466967],[153.022471,-27.466976],[153.022484,-27.466986],[153.022495,-27.466997],[153.022505,-27.467012],[153.022511,-27.467025],[153.022514,-27.467036],[153.022514,-27.467049],[153.022513,-27.467059],[153.022511,-27.467072],[153.022507,-27.467085],[153.022501,-27.467096],[153.022719,-27.467224],[153.022923,-27.46743],[153.02311,-27.467672],[153.023211,-27.467756],[153.023548,-27.468037],[153.024351,-27.468798],[153.024563,-27.468917],[153.025236,-27.469606],[153.025257,-27.469708],[153.024518,-27.470269]]}},{"type":"Feature","properties":{"route":"385","name":"The Gap - City Express","category":"high_bus","route_type":"3","shape_id":"3850049"},"geometry":{"type":"LineString","coordinates":[[153.024966,-27.470595],[153.024919,-27.470615],[153.02483,-27.470627],[153.024741,-27.470606],[153.024689,-27.470569],[153.024442,-27.470328],[153.025257,-27.469708],[153.025236,-27.469606],[153.024563,-27.468917],[153.024351,-27.468798],[153.023548,-27.468037],[153.023211,-27.467756],[153.02311,-27.467672],[153.022923,-27.46743],[153.022719,-27.467224],[153.022501,-27.467096],[153.02249,-27.467107],[153.02248,-27.467116],[153.022468,-27.467124],[153.022453,-27.467131],[153.022438,-27.467134],[153.022423,-27.467137],[153.02241,-27.467137],[153.022387,-27.467135],[153.022374,-27.467131],[153.022361,-27.467125],[153.022351,-27.467117],[153.022342,-27.467107],[153.022332,-27.467094],[153.022324,-27.46708],[153.022319,-27.467066],[153.022318,-27.46705],[153.022319,-27.467033],[153.022322,-27.467022],[153.022326,-27.467011],[153.021722,-27.466752],[153.021589,-27.466695],[153.021026,-27.466368],[153.020793,-27.46626],[153.020457,-27.466187],[153.019855,-27.466111],[153.019389,-27.46602],[153.019389,-27.46602],[153.019388,-27.46602],[153.019361,-27.466015],[153.019103,-27.465964],[153.01883,-27.465911],[153.018203,-27.465753],[153.017893,-27.465674],[153.017024,-27.465466],[153.016688,-27.465406],[153.01632,-27.465406],[153.015652,-27.465519],[153.01498,-27.465714],[153.014667,-27.465831],[153.014571,-27.465912],[153.014535,-27.466026],[153.014558,-27.466204],[153.014342,-27.466252],[153.014131,-27.466265],[153.013656,-27.466343],[153.013246,-27.466409],[153.013143,-27.466397],[153.01301,-27.46634],[153.012851,-27.466247],[153.012743,-27.466174],[153.012658,-27.466097],[153.012603,-27.466002],[153.012555,-27.465849],[153.012569,-27.465703],[153.012605,-27.465586],[153.012662,-27.465492],[153.012734,-27.46539],[153.012839,-27.465253],[153.013,-27.465112],[153.013208,-27.464947],[153.012977,-27.464725],[153.012924,-27.46468],[153.012045,-27.463859],[153.011926,-27.463769],[153.011826,-27.46371],[153.011702,-27.463687],[153.011388,-27.463538],[153.011176,-27.463419],[153.010959,-27.463307],[153.010584,-27.463132],[153.010505,-27.463067],[153.009012,-27.462396],[153.008831,-27.462371],[153.007971,-27.462274],[153.007707,-27.46222],[153.007707,-27.46222],[153.007589,-27.462196],[153.007,-27.462026],[153.006398,-27.461881],[153.005547,-27.461592],[153.005033,-27.461411],[153.004572,-27.461252],[153.003968,-27.460942],[153.003472,-27.460622],[153.003386,-27.460573],[153.003327,-27.460547],[153.00325,-27.460533],[153.00318,-27.460528],[153.002675,-27.460516],[153.002583,-27.460499],[153.002532,-27.46048],[153.002468,-27.460449],[153.002396,-27.460381],[153.002088,-27.460038],[153.000996,-27.458874],[153.000833,-27.458766],[153.000622,-27.458737],[153.000132,-27.458768],[152.999747,-27.458751],[152.999463,-27.458738],[152.999384,-27.458742],[152.999313,-27.458753],[152.999252,-27.458772],[152.999182,-27.458805],[152.999092,-27.458862],[152.998951,-27.458959],[152.998673,-27.459187],[152.998569,-27.459237],[152.998461,-27.459257],[152.998362,-27.459266],[152.9983,-27.459258],[152.998096,-27.459183],[152.998096,-27.459183],[152.997431,-27.45894],[152.997323,-27.4589],[152.996384,-27.45854],[152.994734,-27.458348],[152.994558,-27.458376],[152.994469,-27.458415],[152.993975,-27.458926],[152.993468,-27.459089],[152.993161,-27.459179],[152.992413,-27.459407],[152.991371,-27.459746],[152.991103,-27.459763],[152.990999,-27.459736],[152.990243,-27.459502],[152.990165,-27.459492],[152.990065,-27.459497],[152.989131,-27.459645],[152.988985,-27.45965],[152.988783,-27.45964],[152.988754,-27.459633],[152.988752,-27.45965],[152.988741,-27.459681],[152.988722,-27.459709],[152.988698,-27.459734],[152.988668,-27.459753],[152.988634,-27.459767],[152.988598,-27.459773],[152.98856,-27.459773],[152.988539,-27.45977],[152.988524,-27.459767],[152.98849,-27.459753],[152.988461,-27.459734],[152.988452,-27.459726],[152.988436,-27.459709],[152.988417,-27.459681],[152.988406,-27.45965],[152.988402,-27.459617],[152.988406,-27.459584],[152.988417,-27.459553],[152.988436,-27.459525],[152.988461,-27.4595],[152.98849,-27.459481],[152.988524,-27.459467],[152.988535,-27.459465],[152.988492,-27.459307],[152.988409,-27.459094],[152.988259,-27.458773],[152.988193,-27.458693],[152.987882,-27.458408],[152.987692,-27.458252],[152.987443,-27.458124],[152.987252,-27.458088],[152.986431,-27.458059],[152.986385,-27.458053],[152.986385,-27.458053],[152.985999,-27.45801],[152.985848,-27.457967],[152.985674,-27.45783],[152.985538,-27.457596],[152.985547,-27.457488],[152.985532,-27.457387],[152.985521,-27.457203],[152.985499,-27.457111],[152.98533,-27.456898],[152.985123,-27.456724],[152.984477,-27.456417],[152.983117,-27.456032],[152.982495,-27.455778],[152.98167,-27.45433],[152.981578,-27.454173],[152.980921,-27.453323],[152.980012,-27.45255],[152.980012,-27.45255],[152.979699,-27.452284],[152.97917,-27.451795],[152.978934,-27.451651],[152.978439,-27.451289],[152.977617,-27.450553],[152.977478,-27.450432],[152.977443,-27.450376],[152.977411,-27.450313],[152.977395,-27.450178],[152.977361,-27.44949],[152.977361,-27.44949],[152.977357,-27.449396],[152.97737,-27.449034],[152.976931,-27.448691],[152.976799,-27.448642],[152.976516,-27.448539],[152.97493,-27.448208],[152.974564,-27.448132],[152.974182,-27.448069],[152.972942,-27.44796],[152.972362,-27.448111],[152.971168,-27.448434],[152.970607,-27.4483],[152.969727,-27.448114],[152.969401,-27.448229],[152.968435,-27.448648],[152.968182,-27.448731],[152.967455,-27.449045],[152.966902,-27.44921],[152.966557,-27.449182],[152.966286,-27.449084],[152.966138,-27.448985],[152.966138,-27.448985],[152.966076,-27.448944],[152.965921,-27.448805],[152.965673,-27.448377],[152.965167,-27.447348],[152.964838,-27.447013],[152.964389,-27.446778],[152.962808,-27.446482],[152.962307,-27.44642],[152.961465,-27.446345],[152.960399,-27.446489],[152.959578,-27.446453],[152.959578,-27.446453],[152.959446,-27.446447],[152.958617,-27.446208],[152.958157,-27.446084],[152.957018,-27.445983],[152.956129,-27.445674],[152.955465,-27.445586],[152.955264,-27.445525],[152.954222,-27.445138],[152.953607,-27.445004],[152.952793,-27.444974],[152.95251,-27.444972],[152.95251,-27.444972],[152.952249,-27.444969],[152.951226,-27.44492],[152.950585,-27.44489],[152.949651,-27.444943],[152.949433,-27.44492],[152.948475,-27.444605],[152.94799,-27.444505],[152.94773,-27.444434],[152.947278,-27.44431],[152.947078,-27.444216],[152.945826,-27.443626],[152.945158,-27.44347],[152.944599,-27.443322],[152.943988,-27.443227],[152.94329,-27.443157],[152.94329,-27.443157],[152.943247,-27.443153],[152.942575,-27.443106],[152.941061,-27.442875],[152.940689,-27.442791],[152.940613,-27.442764],[152.940518,-27.442703],[152.940212,-27.442473],[152.939996,-27.442317],[152.939729,-27.442091],[152.939535,-27.442012],[152.939398,-27.441985],[152.93923,-27.44197],[152.939044,-27.441981],[152.938845,-27.442028],[152.938741,-27.442067],[152.938741,-27.442067],[152.938651,-27.442103],[152.938491,-27.442193],[152.938349,-27.442312],[152.937589,-27.443034],[152.93751,-27.443113],[152.937434,-27.443238],[152.937245,-27.443574],[152.937062,-27.44392],[152.936886,-27.444118],[152.936818,-27.444181],[152.936589,-27.444342],[152.935965,-27.444579],[152.935587,-27.444721],[152.935366,-27.444796],[152.93495,-27.444917],[152.934895,-27.444931],[152.934895,-27.444931],[152.933701,-27.445245],[152.932744,-27.445489],[152.932125,-27.445626],[152.931831,-27.445654],[152.931503,-27.445664],[152.931118,-27.445613],[152.930777,-27.44551],[152.930488,-27.44535],[152.930142,-27.445121],[152.929905,-27.44532],[152.929888,-27.445342],[152.929881,-27.445357],[152.929886,-27.44537],[152.930049,-27.445478]]}},{"type":"Feature","properties":{"route":"412","name":"University of Qld - City Express","category":"high_bus","route_type":"3","shape_id":"4120003"},"geometry":{"type":"LineString","coordinates":[[153.006821,-27.501534],[153.006878,-27.50171],[153.006901,-27.501698],[153.006914,-27.501694],[153.006939,-27.501692],[153.006964,-27.501695],[153.006977,-27.501699],[153.006991,-27.501705],[153.007014,-27.501722],[153.007028,-27.501737],[153.007045,-27.501765],[153.00723,-27.501666],[153.00819,-27.500942],[153.009292,-27.500102],[153.010704,-27.499022],[153.010697,-27.499014],[153.010682,-27.498987],[153.010672,-27.498947],[153.010672,-27.498923],[153.010677,-27.498893],[153.010689,-27.498863],[153.010697,-27.498852],[153.010704,-27.498841],[153.01073,-27.498818],[153.010753,-27.498806],[153.010768,-27.498801],[153.010779,-27.498799],[153.010803,-27.498798],[153.010827,-27.498803],[153.010851,-27.498814],[153.010872,-27.498829],[153.010908,-27.49876],[153.011077,-27.49797],[153.011104,-27.497869],[153.011124,-27.497574],[153.011229,-27.497523],[153.01135,-27.497571],[153.011404,-27.497744],[153.011266,-27.497851],[153.011116,-27.497945],[153.011116,-27.497945],[153.011077,-27.49797],[153.010908,-27.49876],[153.010872,-27.498829],[153.010879,-27.498836],[153.010894,-27.498856],[153.010901,-27.498868],[153.010911,-27.498895],[153.010916,-27.498927],[153.010916,-27.498941],[153.010912,-27.498964],[153.010904,-27.498991],[153.01089,-27.499016],[153.010879,-27.499029],[153.010851,-27.499051],[153.01084,-27.499057],[153.010825,-27.499062],[153.010797,-27.499067],[153.010769,-27.499064],[153.010738,-27.499052],[153.010711,-27.499032],[153.010704,-27.499022],[153.010697,-27.499014],[153.010682,-27.498987],[153.010672,-27.498947],[153.010672,-27.498923],[153.010677,-27.498893],[153.010689,-27.498863],[153.010697,-27.498852],[153.010582,-27.49881],[153.010295,-27.498763],[153.010196,-27.498746],[153.009882,-27.498599],[153.009669,-27.498467],[153.009608,-27.498441],[153.009548,-27.498393],[153.009408,-27.498388],[153.008882,-27.498473],[153.008615,-27.49851],[153.008478,-27.498507],[153.008173,-27.498459],[153.008106,-27.498467],[153.007499,-27.498375],[153.006613,-27.498223],[153.006622,-27.498169],[153.006686,-27.49772],[153.006701,-27.497686],[153.006701,-27.497686],[153.006721,-27.49764],[153.006791,-27.497106],[153.006823,-27.496629],[153.006352,-27.495053],[153.006296,-27.49484],[153.00624,-27.494422],[153.00624,-27.494422],[153.006162,-27.493843],[153.005047,-27.493999],[153.003967,-27.494154],[153.003309,-27.49425],[153.003103,-27.49429],[153.003103,-27.49429],[153.002889,-27.494331],[153.002023,-27.494638],[153.001772,-27.494705],[153.001591,-27.494705],[153.0014,-27.494683],[153.001184,-27.494646],[153.000002,-27.494452],[152.999831,-27.494426],[152.998333,-27.494191],[152.99826,-27.494201],[152.998171,-27.494179],[152.998092,-27.494155],[152.997947,-27.494084],[152.997895,-27.494013],[152.997633,-27.49388],[152.997633,-27.49388],[152.99674,-27.493429],[152.995722,-27.492886],[152.995276,-27.492648],[152.994757,-27.492331],[152.994757,-27.492331],[152.994652,-27.492267],[152.994566,-27.492252],[152.994409,-27.492159],[152.994188,-27.492026],[152.994134,-27.491945],[152.994217,-27.491814],[152.994319,-27.491629],[152.994379,-27.491499],[152.994396,-27.491446],[152.994417,-27.491295],[152.994419,-27.491189],[152.994409,-27.491056],[152.994306,-27.490712],[152.994247,-27.490603],[152.994125,-27.490428],[152.993987,-27.490255],[152.99391,-27.490152],[152.993859,-27.490076],[152.993823,-27.489982],[152.993801,-27.489906],[152.993786,-27.489801],[152.993783,-27.489725],[152.993791,-27.489627],[152.993821,-27.489444],[152.993869,-27.489167],[152.993883,-27.489036],[152.993871,-27.488928],[152.993839,-27.488809],[152.993761,-27.488663],[152.993468,-27.488339],[152.993153,-27.487994],[152.993029,-27.487847],[152.992992,-27.487797],[152.992962,-27.487743],[152.992914,-27.487636],[152.992898,-27.48756],[152.992895,-27.487479],[152.992902,-27.487362],[152.992978,-27.486878],[152.993032,-27.486623],[152.993032,-27.486623],[152.993037,-27.4866],[152.9931,-27.486355],[152.993172,-27.486126],[152.993207,-27.486004],[152.993468,-27.485076],[152.993557,-27.484938],[152.993777,-27.484761],[152.994988,-27.483818],[152.99533,-27.483653],[152.995677,-27.483553],[152.995895,-27.483458],[152.996074,-27.483292],[152.99633,-27.482917],[152.996486,-27.482668],[152.996601,-27.482447],[152.997114,-27.481531],[152.997527,-27.480907],[152.998067,-27.480108],[152.998067,-27.480108],[152.998187,-27.479929],[152.998428,-27.479587],[152.999506,-27.478492],[153.000474,-27.47759],[153.001686,-27.476485],[153.003001,-27.475294],[153.003268,-27.474996],[153.003268,-27.474996],[153.003805,-27.474398],[153.004496,-27.47371],[153.004932,-27.473329],[153.005217,-27.473111],[153.00566,-27.472784],[153.006482,-27.472111],[153.006482,-27.472111],[153.008414,-27.47053],[153.008612,-27.470379],[153.009238,-27.469837],[153.009638,-27.469479],[153.009887,-27.469267],[153.009887,-27.469267],[153.00997,-27.469197],[153.010331,-27.468955],[153.010569,-27.468806],[153.01076,-27.468694],[153.011149,-27.4685],[153.011554,-27.468339],[153.011873,-27.468227],[153.01235,-27.468092],[153.012823,-27.467947],[153.013572,-27.467689],[153.013852,-27.467642],[153.013856,-27.467625],[153.014364,-27.467473],[153.015011,-27.467331],[153.015074,-27.467282],[153.015114,-27.46724],[153.015138,-27.4672],[153.015148,-27.467139],[153.01516,-27.467024],[153.015039,-27.466842],[153.014909,-27.466654],[153.014741,-27.466498],[153.014701,-27.466183],[153.01503,-27.466131],[153.015982,-27.465978],[153.016172,-27.465951],[153.016286,-27.465939],[153.01645,-27.465963],[153.016609,-27.466003],[153.01756,-27.466244],[153.018325,-27.466442],[153.018325,-27.466442],[153.018923,-27.466595],[153.019028,-27.466626],[153.019481,-27.466759],[153.020147,-27.466911],[153.020506,-27.466989],[153.020882,-27.467087],[153.021968,-27.467522],[153.022329,-27.467677],[153.022558,-27.467774],[153.023146,-27.468006]]}},{"type":"Feature","properties":{"route":"412","name":"University of Qld - City Express","category":"high_bus","route_type":"3","shape_id":"4120005"},"geometry":{"type":"LineString","coordinates":[[153.023146,-27.468006],[153.02361,-27.468191],[153.022071,-27.469437],[153.022009,-27.469564],[153.02118,-27.47021],[153.021004,-27.470307],[153.020821,-27.470376],[153.020663,-27.470385],[153.020523,-27.47037],[153.020358,-27.470313],[153.020193,-27.470222],[153.020027,-27.470097],[153.018887,-27.469174],[153.018311,-27.46855],[153.018174,-27.468346],[153.018008,-27.468184],[153.017656,-27.467904],[153.017486,-27.467794],[153.017184,-27.46766],[153.016879,-27.467562],[153.016526,-27.46748],[153.016292,-27.467458],[153.016027,-27.467441],[153.015799,-27.467433],[153.015522,-27.467465],[153.015344,-27.467492],[153.01497,-27.467547],[153.013876,-27.467725],[153.013584,-27.467777],[153.012966,-27.467986],[153.012267,-27.46828],[153.011725,-27.468514],[153.011321,-27.468678],[153.010942,-27.468867],[153.010584,-27.469067],[153.010097,-27.469368],[153.009791,-27.469585],[153.00846,-27.470615],[153.007887,-27.471092],[153.007887,-27.471092],[153.007268,-27.471607],[153.005684,-27.472878],[153.005294,-27.473166],[153.004732,-27.473629],[153.003906,-27.474454],[153.003187,-27.475235],[153.003187,-27.475235],[153.003071,-27.475361],[153.002527,-27.475899],[153.001769,-27.476525],[152.999578,-27.478554],[152.999018,-27.47914],[152.998534,-27.479688],[152.998107,-27.480273],[152.998107,-27.480273],[152.997723,-27.480797],[152.996681,-27.482474],[152.996532,-27.482767],[152.996375,-27.483044],[152.996243,-27.483236],[152.996126,-27.483386],[152.995928,-27.483532],[152.995755,-27.483615],[152.995299,-27.483773],[152.995088,-27.48391],[152.993906,-27.484852],[152.993709,-27.48501],[152.993611,-27.485155],[152.993406,-27.48584],[152.993321,-27.48606],[152.993254,-27.486307],[152.993197,-27.486486],[152.993127,-27.486701],[152.993076,-27.486881],[152.993076,-27.486881],[152.993068,-27.486909],[152.993021,-27.487113],[152.992983,-27.487348],[152.992984,-27.487441],[152.993006,-27.48754],[152.993049,-27.487637],[152.993107,-27.487748],[152.993542,-27.488267],[152.993761,-27.488514],[152.993831,-27.488608],[152.993894,-27.488709],[152.993942,-27.488825],[152.993956,-27.488911],[152.993961,-27.489026],[152.993956,-27.489176],[152.993936,-27.489331],[152.993898,-27.489545],[152.993887,-27.489654],[152.993891,-27.489759],[152.993907,-27.489889],[152.993956,-27.490082],[152.994021,-27.490169],[152.99415,-27.49031],[152.994217,-27.490396],[152.994285,-27.4905],[152.994327,-27.49059],[152.994361,-27.490698],[152.994487,-27.491025],[152.994508,-27.491149],[152.994519,-27.491262],[152.994517,-27.491364],[152.994503,-27.491446],[152.994476,-27.49154],[152.994477,-27.491611],[152.994423,-27.491711],[152.994392,-27.491811],[152.994403,-27.491938],[152.994465,-27.492053],[152.994597,-27.492201],[152.994652,-27.492267],[152.994934,-27.49244],[152.994934,-27.49244],[152.995276,-27.492648],[152.995722,-27.492886],[152.99674,-27.493429],[152.997555,-27.493841],[152.997555,-27.493841],[152.997895,-27.494013],[152.997984,-27.494028],[152.99814,-27.494101],[152.998213,-27.494128],[152.998287,-27.494153],[152.998333,-27.494191],[152.999831,-27.494426],[153.000002,-27.494452],[153.001184,-27.494646],[153.0014,-27.494683],[153.001591,-27.494705],[153.001772,-27.494705],[153.002023,-27.494638],[153.002889,-27.494331],[153.003081,-27.494294],[153.003081,-27.494294],[153.003309,-27.49425],[153.003967,-27.494154],[153.005047,-27.493999],[153.006162,-27.493843],[153.006278,-27.494708],[153.006278,-27.494708],[153.006296,-27.49484],[153.006352,-27.495053],[153.006823,-27.496629],[153.006791,-27.497106],[153.006743,-27.497475],[153.006743,-27.497475],[153.006721,-27.49764],[153.006746,-27.497724],[153.006751,-27.497876],[153.006854,-27.498016],[153.006891,-27.498059],[153.006995,-27.498159],[153.007081,-27.498248],[153.007494,-27.498324],[153.008107,-27.49842],[153.008173,-27.498459],[153.008478,-27.498507],[153.008615,-27.49851],[153.008882,-27.498473],[153.009408,-27.498388],[153.009548,-27.498393],[153.009647,-27.498388],[153.009796,-27.498444],[153.010238,-27.498686],[153.010295,-27.498763],[153.010582,-27.49881],[153.010697,-27.498852],[153.010704,-27.498841],[153.01073,-27.498818],[153.010753,-27.498806],[153.010768,-27.498801],[153.010779,-27.498799],[153.010803,-27.498798],[153.010827,-27.498803],[153.010851,-27.498814],[153.010872,-27.498829],[153.010908,-27.49876],[153.011077,-27.49797],[153.011266,-27.497851],[153.011404,-27.497744],[153.01135,-27.497571],[153.011229,-27.497523],[153.011124,-27.497574],[153.011109,-27.497795],[153.011109,-27.497795],[153.011104,-27.497869],[153.011077,-27.49797],[153.010908,-27.49876],[153.010872,-27.498829],[153.010879,-27.498836],[153.010894,-27.498856],[153.010901,-27.498868],[153.010911,-27.498895],[153.010916,-27.498927],[153.010916,-27.498941],[153.010912,-27.498964],[153.010904,-27.498991],[153.01089,-27.499016],[153.010879,-27.499029],[153.010851,-27.499051],[153.01084,-27.499057],[153.010825,-27.499062],[153.010797,-27.499067],[153.010769,-27.499064],[153.010738,-27.499052],[153.010711,-27.499032],[153.010704,-27.499022],[153.009292,-27.500102],[153.00819,-27.500942],[153.00723,-27.501666],[153.007045,-27.501765],[153.007055,-27.501791],[153.007058,-27.501806],[153.007059,-27.501833],[153.007057,-27.50185],[153.007049,-27.501881],[153.007043,-27.501895],[153.007029,-27.501916],[153.007018,-27.501928],[153.007001,-27.501942],[153.00698,-27.501953],[153.006955,-27.501961],[153.006942,-27.501962],[153.006911,-27.501959],[153.006882,-27.501947],[153.00687,-27.50194],[153.006846,-27.501916],[153.006837,-27.501903],[153.006825,-27.501878],[153.006818,-27.50185],[153.006816,-27.501836],[153.006816,-27.501818],[153.006826,-27.501773],[153.006832,-27.501759],[153.006847,-27.501737],[153.006857,-27.501725],[153.006878,-27.50171],[153.006694,-27.50114],[153.006678,-27.501143],[153.006656,-27.501143],[153.006634,-27.501139],[153.006613,-27.501131],[153.006595,-27.501119],[153.00658,-27.501104],[153.006572,-27.501093],[153.006568,-27.501087],[153.006561,-27.501068],[153.006559,-27.501048],[153.006561,-27.501028],[153.006568,-27.501009],[153.006585,-27.500987],[153.006595,-27.500977],[153.006613,-27.500965],[153.006634,-27.500957],[153.006656,-27.500953],[153.006676,-27.500953],[153.0067,-27.500957],[153.006722,-27.500965],[153.006739,-27.500977],[153.006748,-27.500986],[153.006766,-27.501009],[153.006773,-27.501028],[153.006775,-27.501048],[153.006773,-27.501068],[153.006766,-27.501087],[153.006754,-27.501104],[153.006739,-27.501119],[153.006721,-27.501131],[153.0067,-27.501139],[153.006694,-27.50114],[153.006821,-27.501534]]}},{"type":"Feature","properties":{"route":"444","name":"Moggill - City Express","category":"high_bus","route_type":"3","shape_id":"4440064"},"geometry":{"type":"LineString","coordinates":[[153.014671,-27.472404],[153.015303,-27.473317],[153.016229,-27.474652],[153.016475,-27.474998],[153.016583,-27.474885],[153.017407,-27.474441],[153.017743,-27.474261],[153.018187,-27.474007],[153.018267,-27.473948],[153.018618,-27.473688],[153.019442,-27.473244],[153.019442,-27.473244],[153.019464,-27.473232],[153.019898,-27.472972],[153.020147,-27.472834],[153.022404,-27.47166],[153.022574,-27.471633],[153.022598,-27.471616],[153.022614,-27.471595],[153.022616,-27.471586],[153.022611,-27.471568],[153.021906,-27.470898],[153.021901,-27.470888],[153.021904,-27.47088],[153.021938,-27.470851],[153.022396,-27.470496],[153.022576,-27.470176],[153.024351,-27.468798],[153.023548,-27.468037],[153.023491,-27.467988],[153.023491,-27.467988],[153.023211,-27.467756],[153.02311,-27.467672],[153.022923,-27.46743],[153.022719,-27.467224],[153.022501,-27.467096],[153.02249,-27.467107],[153.02248,-27.467116],[153.022468,-27.467124],[153.022453,-27.467131],[153.022438,-27.467134],[153.022423,-27.467137],[153.02241,-27.467137],[153.022387,-27.467135],[153.022374,-27.467131],[153.022361,-27.467125],[153.022351,-27.467117],[153.022342,-27.467107],[153.022332,-27.467094],[153.022324,-27.46708],[153.022319,-27.467066],[153.022318,-27.46705],[153.022319,-27.467033],[153.022322,-27.467022],[153.022326,-27.467011],[153.021722,-27.466752],[153.021589,-27.466695],[153.021026,-27.466368],[153.020793,-27.46626],[153.020457,-27.466187],[153.019855,-27.466111],[153.019389,-27.46602],[153.019389,-27.46602],[153.019388,-27.46602],[153.019361,-27.466015],[153.019103,-27.465964],[153.01883,-27.465911],[153.018203,-27.465753],[153.017893,-27.465674],[153.017024,-27.465466],[153.016688,-27.465406],[153.01632,-27.465406],[153.015652,-27.465519],[153.01498,-27.465714],[153.014667,-27.465831],[153.014571,-27.465912],[153.014535,-27.466026],[153.014558,-27.466204],[153.014342,-27.466252],[153.014131,-27.466265],[153.013656,-27.466343],[153.013246,-27.466409],[153.013143,-27.466397],[153.01301,-27.46634],[153.012915,-27.466323],[153.012807,-27.466252],[153.012696,-27.466193],[153.01261,-27.466174],[153.012505,-27.466171],[153.012416,-27.466185],[153.01234,-27.466216],[153.01214,-27.466331],[153.011968,-27.466405],[153.011553,-27.466548],[153.010656,-27.466841],[153.010046,-27.467063],[153.008988,-27.467421],[153.008347,-27.467631],[153.007321,-27.467989],[153.007621,-27.468693],[153.007874,-27.469284],[153.008035,-27.469668],[153.008314,-27.470293],[153.008414,-27.47053],[153.00846,-27.470615],[153.007887,-27.471092],[153.007887,-27.471092],[153.007268,-27.471607],[153.005684,-27.472878],[153.005294,-27.473166],[153.004732,-27.473629],[153.003906,-27.474454],[153.003187,-27.475235],[153.003187,-27.475235],[153.003071,-27.475361],[153.002527,-27.475899],[153.001769,-27.476525],[152.999578,-27.478554],[152.999018,-27.47914],[152.998534,-27.479688],[152.998107,-27.480273],[152.998107,-27.480273],[152.997723,-27.480797],[152.996681,-27.482474],[152.996532,-27.482767],[152.996375,-27.483044],[152.996243,-27.483236],[152.996126,-27.483386],[152.995928,-27.483532],[152.995755,-27.483615],[152.995299,-27.483773],[152.995088,-27.48391],[152.993906,-27.484852],[152.993709,-27.48501],[152.993611,-27.485155],[152.993406,-27.48584],[152.993321,-27.48606],[152.993172,-27.486126],[152.992259,-27.486186],[152.992125,-27.486257],[152.991998,-27.486345],[152.991593,-27.486652],[152.991593,-27.486652],[152.991377,-27.486816],[152.990765,-27.487464],[152.990325,-27.487931],[152.99003,-27.488215],[152.989741,-27.48841],[152.989665,-27.488452],[152.989471,-27.488497],[152.987408,-27.489656],[152.986828,-27.489981],[152.986241,-27.490303],[152.985697,-27.490614],[152.985697,-27.490614],[152.985616,-27.49066],[152.98553,-27.490727],[152.985378,-27.490787],[152.985121,-27.490863],[152.984495,-27.491037],[152.984148,-27.49115],[152.983446,-27.491415],[152.983278,-27.49146],[152.982299,-27.492165],[152.982204,-27.492227],[152.982137,-27.492258],[152.98194,-27.492317],[152.980704,-27.492591],[152.97993,-27.492761],[152.979618,-27.492803],[152.979129,-27.492863],[152.979129,-27.492863],[152.978683,-27.492917],[152.977848,-27.493155],[152.977702,-27.493248],[152.977582,-27.493324],[152.977438,-27.493472],[152.97726,-27.493686],[152.977085,-27.493864],[152.976845,-27.49414],[152.976159,-27.494966],[152.97569,-27.495596],[152.975557,-27.495784],[152.97553,-27.495886],[152.975318,-27.496239],[152.975157,-27.496422],[152.974965,-27.496614],[152.974726,-27.496828],[152.974447,-27.497033],[152.974288,-27.497144],[152.974174,-27.4972],[152.974067,-27.497242],[152.973933,-27.497266],[152.973694,-27.49732],[152.973242,-27.497431],[152.972231,-27.49765],[152.972257,-27.497754],[152.972138,-27.498642],[152.971982,-27.499485],[152.971904,-27.499907],[152.971847,-27.500216],[152.971794,-27.500508],[152.971846,-27.500567],[152.971918,-27.500673],[152.971813,-27.501239],[152.971813,-27.501239],[152.971799,-27.501316],[152.971791,-27.501346],[152.971783,-27.501431],[152.971755,-27.501527],[152.971688,-27.501476],[152.971586,-27.501319],[152.971453,-27.501135],[152.971272,-27.500896],[152.971208,-27.500761],[152.971199,-27.500668],[152.97124,-27.500561],[152.971259,-27.499929],[152.971316,-27.49901],[152.971301,-27.498825],[152.971271,-27.498737],[152.971228,-27.49867],[152.971148,-27.498596],[152.970928,-27.49842],[152.970627,-27.498143],[152.970538,-27.498047],[152.97041,-27.498069],[152.96988,-27.498232],[152.969472,-27.498414],[152.968806,-27.498795],[152.968108,-27.499242],[152.967594,-27.499611],[152.96744,-27.499716],[152.967361,-27.499777],[152.967231,-27.499923],[152.966929,-27.500238],[152.966929,-27.500238],[152.966554,-27.500629],[152.966405,-27.500764],[152.96597,-27.501058],[152.964137,-27.502103],[152.963806,-27.502269],[152.963356,-27.502525],[152.963059,-27.502785],[152.962958,-27.502903],[152.962863,-27.50302],[152.962783,-27.503166],[152.962688,-27.503351],[152.962596,-27.503495],[152.962533,-27.503607],[152.962431,-27.50376],[152.962049,-27.504134],[152.961537,-27.504633],[152.961261,-27.50489],[152.960945,-27.505195],[152.960945,-27.505195],[152.960628,-27.505502],[152.960087,-27.506038],[152.959508,-27.506616],[152.959136,-27.506876],[152.958705,-27.507172],[152.958233,-27.50744],[152.957899,-27.507595],[152.957578,-27.507702],[152.957374,-27.507752],[152.957304,-27.50776],[152.957304,-27.50776],[152.957147,-27.507777],[152.95686,-27.50779],[152.956624,-27.507804],[152.956379,-27.507849],[152.956042,-27.507968],[152.955896,-27.508016],[152.955259,-27.508271],[152.955096,-27.508327],[152.954947,-27.508367],[152.954636,-27.508445],[152.954309,-27.50848],[152.954117,-27.508484],[152.953818,-27.508469],[152.953547,-27.508434],[152.953379,-27.508395],[152.952776,-27.508224],[152.952098,-27.508036],[152.951196,-27.507785],[152.950678,-27.507636],[152.95046,-27.507573],[152.950119,-27.507474],[152.950041,-27.507452],[152.950041,-27.507452],[152.949987,-27.507436],[152.949688,-27.507358],[152.949456,-27.507315],[152.949308,-27.507299],[152.949165,-27.507283],[152.948942,-27.507286],[152.94869,-27.5073],[152.948396,-27.507349],[152.948274,-27.507383],[152.948138,-27.507431],[152.948001,-27.507484],[152.947905,-27.507537],[152.947565,-27.507744],[152.947231,-27.507958],[152.946799,-27.508251],[152.946681,-27.508347],[152.946481,-27.508556],[152.945953,-27.509258],[152.945724,-27.509541],[152.94554,-27.509683],[152.945341,-27.509794],[152.945181,-27.509847],[152.945021,-27.509875],[152.944371,-27.509843],[152.944052,-27.509823],[152.943742,-27.509777],[152.943464,-27.509667],[152.943464,-27.509667],[152.942392,-27.509243],[152.942241,-27.509148],[152.942101,-27.509036],[152.941608,-27.508412],[152.941436,-27.508228],[152.941261,-27.508098],[152.941102,-27.508022],[152.939883,-27.507511],[152.939619,-27.507435],[152.939483,-27.507429],[152.939362,-27.507452],[152.939353,-27.507478],[152.939335,-27.507506],[152.939311,-27.50753],[152.939282,-27.507549],[152.939249,-27.507562],[152.939213,-27.507569],[152.939177,-27.507569],[152.939155,-27.507565],[152.93888,-27.507763],[152.938866,-27.50778],[152.938866,-27.50778],[152.938795,-27.50787],[152.938757,-27.507924],[152.937857,-27.510301],[152.937787,-27.510318],[152.9376,-27.51036],[152.93704,-27.510473],[152.936789,-27.510504],[152.936417,-27.510546],[152.935819,-27.510639],[152.935689,-27.510642],[152.935463,-27.510717],[152.935259,-27.510807],[152.935067,-27.510907],[152.934795,-27.511076],[152.934516,-27.511332],[152.934412,-27.511451],[152.933709,-27.512425],[152.933523,-27.512741],[152.933423,-27.512932],[152.93331,-27.513158],[152.933175,-27.513632],[152.933189,-27.513768],[152.933128,-27.514033],[152.933077,-27.514165],[152.932998,-27.514295],[152.93289,-27.514411],[152.932802,-27.514476],[152.932689,-27.514546],[152.932556,-27.514594],[152.931847,-27.51469],[152.93043,-27.514838],[152.92984,-27.514837],[152.929255,-27.514828],[152.929223,-27.51483],[152.929223,-27.51483],[152.92897,-27.514846],[152.928723,-27.514893],[152.928447,-27.514981],[152.927155,-27.515581],[152.92675,-27.515789],[152.926123,-27.516085],[152.925453,-27.516412],[152.925198,-27.516536],[152.924963,-27.516614],[152.92481,-27.516652],[152.924626,-27.51668],[152.92439,-27.5167],[152.92418,-27.516725],[152.923961,-27.516804],[152.923738,-27.516942],[152.92364,-27.517015],[152.923525,-27.517125],[152.92343,-27.517255],[152.923353,-27.517393],[152.923312,-27.517503],[152.923271,-27.517659],[152.92322,-27.517983],[152.923031,-27.519176],[152.922832,-27.520376],[152.922832,-27.520376],[152.922735,-27.52096],[152.922655,-27.521163],[152.922525,-27.521369],[152.922347,-27.521566],[152.922172,-27.521722],[152.921981,-27.521846],[152.921739,-27.521956],[152.921638,-27.521958],[152.921221,-27.522116],[152.920903,-27.522261],[152.920695,-27.522365],[152.92051,-27.522476],[152.920313,-27.522628],[152.9202,-27.52278],[152.920025,-27.523056],[152.919734,-27.523501],[152.919496,-27.523777],[152.919348,-27.523932],[152.919231,-27.52411],[152.91914,-27.524282],[152.919107,-27.524414],[152.919067,-27.524596],[152.918971,-27.525101],[152.918975,-27.525287],[152.918878,-27.525971],[152.918842,-27.526368],[152.918796,-27.526785],[152.918738,-27.527083],[152.918582,-27.527822],[152.918411,-27.528425],[152.918306,-27.528677],[152.91811,-27.529118],[152.917964,-27.529283],[152.917811,-27.529404],[152.917684,-27.529497],[152.917452,-27.529619],[152.917055,-27.52982],[152.916581,-27.530031],[152.916002,-27.530238],[152.915631,-27.530339],[152.915631,-27.530339],[152.915185,-27.53046],[152.914383,-27.530659],[152.914146,-27.530694],[152.913968,-27.530712],[152.913796,-27.530712],[152.913586,-27.53069],[152.911712,-27.530307],[152.911712,-27.530307],[152.911448,-27.530253],[152.911059,-27.530212],[152.910818,-27.530212],[152.910447,-27.530223],[152.910127,-27.530315],[152.909816,-27.530429],[152.908829,-27.530957],[152.908375,-27.531166],[152.907702,-27.531416],[152.906715,-27.531758],[152.906371,-27.531869],[152.906089,-27.531918],[152.9058,-27.531904],[152.905416,-27.531771],[152.905121,-27.531664],[152.904833,-27.531649],[152.904586,-27.531685],[152.904383,-27.531784],[152.904218,-27.531905],[152.904066,-27.532119],[152.90397,-27.532346],[152.903442,-27.533869],[152.903338,-27.534075],[152.903178,-27.534289],[152.902996,-27.534434],[152.902372,-27.534786],[152.902124,-27.534957],[152.90194,-27.535156],[152.901804,-27.535384],[152.901756,-27.535569],[152.90174,-27.535796],[152.901724,-27.536102],[152.901718,-27.536338],[152.901641,-27.536659],[152.901577,-27.536819],[152.901522,-27.536924],[152.901389,-27.537042],[152.901146,-27.537161],[152.900927,-27.537202],[152.900582,-27.537223],[152.900282,-27.537234],[152.900207,-27.537237],[152.899935,-27.537268],[152.899671,-27.537325],[152.899439,-27.537425],[152.899152,-27.537645],[152.898375,-27.538327],[152.898375,-27.538327],[152.897489,-27.539105],[152.897202,-27.539373],[152.896917,-27.539586],[152.896571,-27.539778],[152.895563,-27.540185],[152.895148,-27.540366],[152.894654,-27.540665],[152.894349,-27.540881],[152.893934,-27.541209],[152.893652,-27.54139],[152.893213,-27.541627],[152.891484,-27.542268],[152.891441,-27.542308],[152.891253,-27.54239],[152.890948,-27.542556],[152.890741,-27.542691],[152.890611,-27.542799],[152.890554,-27.542867],[152.890423,-27.542999],[152.890316,-27.543123],[152.890213,-27.54325],[152.890102,-27.543422],[152.890038,-27.543487],[152.889857,-27.543879],[152.889824,-27.543952],[152.889824,-27.543952],[152.889519,-27.544647],[152.889332,-27.545096],[152.889246,-27.545332],[152.889201,-27.545537],[152.889146,-27.545947],[152.88913,-27.546473],[152.88913,-27.547359],[152.889123,-27.548817],[152.889119,-27.549294],[152.889111,-27.549765],[152.889096,-27.550407],[152.889066,-27.55088],[152.88899,-27.551387],[152.888749,-27.55264],[152.888163,-27.555742],[152.888163,-27.555742],[152.888125,-27.555939],[152.887628,-27.558379],[152.887589,-27.558512],[152.887527,-27.558717],[152.887505,-27.558968],[152.887469,-27.559168],[152.887385,-27.559606],[152.886901,-27.561987],[152.886812,-27.562411],[152.886812,-27.562411],[152.886668,-27.563091],[152.886526,-27.563062],[152.885989,-27.563007],[152.885713,-27.563058],[152.885281,-27.563185],[152.884286,-27.563442],[152.883084,-27.563741],[152.882864,-27.563747],[152.882637,-27.563701],[152.882411,-27.563616],[152.882411,-27.563616],[152.881518,-27.563277],[152.88099,-27.563072],[152.880235,-27.562761],[152.879749,-27.562425],[152.879319,-27.562132],[152.879041,-27.561939],[152.879041,-27.561939],[152.878895,-27.561836],[152.878176,-27.561335],[152.877642,-27.560959],[152.877388,-27.560896],[152.876482,-27.560771],[152.875916,-27.563487],[152.875916,-27.563487],[152.875636,-27.564832],[152.875575,-27.565122],[152.873799,-27.564774],[152.872806,-27.564511],[152.872068,-27.564208],[152.871632,-27.564077],[152.871352,-27.564021],[152.870859,-27.56398],[152.870325,-27.564021],[152.870005,-27.564076],[152.869698,-27.564169],[152.869698,-27.564169],[152.869679,-27.564175],[152.869328,-27.564289],[152.868283,-27.564708],[152.867946,-27.564094],[152.866957,-27.563402],[152.866709,-27.562968],[152.86662,-27.562038],[152.866634,-27.561602],[152.866678,-27.56147],[152.866733,-27.561354],[152.866843,-27.561176],[152.867126,-27.560964],[152.867126,-27.560964],[152.867163,-27.560936],[152.86836,-27.560514],[152.868622,-27.560475],[152.868926,-27.560514],[152.869251,-27.560637],[152.869367,-27.560709],[152.86945,-27.560791],[152.86967,-27.561069],[152.86991,-27.561702],[152.869984,-27.561841],[152.870093,-27.561998],[152.870218,-27.562106],[152.870393,-27.562216],[152.870616,-27.562296],[152.871757,-27.562557],[152.872267,-27.562669],[152.872267,-27.562669],[152.873212,-27.562876],[152.873397,-27.562926],[152.873627,-27.563044],[152.873872,-27.563223],[152.874025,-27.563562],[152.874061,-27.563763],[152.874048,-27.56391],[152.873799,-27.564774],[152.875575,-27.565122],[152.875346,-27.566413],[152.875225,-27.567027],[152.875089,-27.567828],[152.87466,-27.570145],[152.874656,-27.570324],[152.874535,-27.57039],[152.873972,-27.570668],[152.87366,-27.570911],[152.873429,-27.571205],[152.873265,-27.571406],[152.873279,-27.571415],[152.873299,-27.571435],[152.873314,-27.571458],[152.873324,-27.571484],[152.873327,-27.571511],[152.873324,-27.571538],[152.873314,-27.571564],[152.873301,-27.571585],[152.873279,-27.571607],[152.873254,-27.571623],[152.873226,-27.571634],[152.873196,-27.57164],[152.873166,-27.57164],[152.873136,-27.571634],[152.873111,-27.571624],[152.873083,-27.571607],[152.873063,-27.571587],[152.873048,-27.571564],[152.873038,-27.571538],[152.873036,-27.571511],[152.873038,-27.571484],[152.873048,-27.571458],[152.873063,-27.571435],[152.873072,-27.571426],[152.873083,-27.571415],[152.873108,-27.571399],[152.873136,-27.571388],[152.873166,-27.571382],[152.873196,-27.571382],[152.873226,-27.571388],[152.873255,-27.571399],[152.873265,-27.571406],[152.873429,-27.571205],[152.87366,-27.570911],[152.873972,-27.570668],[152.874237,-27.570537]]}},{"type":"Feature","properties":{"route":"444","name":"Moggill - City Express","category":"high_bus","route_type":"3","shape_id":"4440098"},"geometry":{"type":"LineString","coordinates":[[152.874237,-27.570537],[152.874535,-27.57039],[152.874656,-27.570324],[152.87466,-27.570145],[152.875089,-27.567828],[152.875225,-27.567027],[152.875346,-27.566413],[152.875575,-27.565122],[152.873799,-27.564774],[152.872806,-27.564511],[152.872068,-27.564208],[152.871632,-27.564077],[152.871352,-27.564021],[152.870859,-27.56398],[152.870325,-27.564021],[152.870005,-27.564076],[152.869698,-27.564169],[152.869698,-27.564169],[152.869679,-27.564175],[152.869328,-27.564289],[152.868283,-27.564708],[152.867946,-27.564094],[152.866957,-27.563402],[152.866709,-27.562968],[152.86662,-27.562038],[152.866634,-27.561602],[152.866678,-27.56147],[152.866733,-27.561354],[152.866843,-27.561176],[152.867126,-27.560964],[152.867126,-27.560964],[152.867163,-27.560936],[152.86836,-27.560514],[152.868622,-27.560475],[152.868926,-27.560514],[152.869251,-27.560637],[152.869367,-27.560709],[152.86945,-27.560791],[152.86967,-27.561069],[152.86991,-27.561702],[152.869984,-27.561841],[152.870093,-27.561998],[152.870218,-27.562106],[152.870393,-27.562216],[152.870616,-27.562296],[152.871757,-27.562557],[152.872267,-27.562669],[152.872267,-27.562669],[152.873212,-27.562876],[152.873397,-27.562926],[152.873627,-27.563044],[152.873872,-27.563223],[152.874025,-27.563562],[152.874061,-27.563763],[152.874048,-27.56391],[152.873799,-27.564774],[152.875575,-27.565122],[152.875636,-27.564832],[152.875681,-27.564615],[152.875681,-27.564615],[152.876482,-27.560771],[152.877388,-27.560896],[152.877642,-27.560959],[152.878176,-27.561335],[152.878529,-27.561581],[152.878529,-27.561581],[152.878895,-27.561836],[152.879319,-27.562132],[152.879749,-27.562425],[152.880235,-27.562761],[152.88099,-27.563072],[152.881518,-27.563277],[152.88235,-27.563592],[152.88235,-27.563592],[152.882637,-27.563701],[152.882864,-27.563747],[152.883084,-27.563741],[152.884286,-27.563442],[152.885281,-27.563185],[152.885713,-27.563058],[152.885989,-27.563007],[152.886526,-27.563062],[152.886624,-27.562592],[152.886624,-27.562592],[152.886755,-27.561961],[152.887233,-27.559563],[152.88727,-27.559397],[152.887332,-27.559144],[152.887412,-27.558949],[152.887527,-27.558717],[152.887589,-27.558512],[152.887628,-27.558379],[152.888125,-27.555939],[152.888178,-27.55566],[152.888178,-27.55566],[152.888749,-27.55264],[152.88899,-27.551387],[152.889066,-27.55088],[152.889096,-27.550407],[152.889111,-27.549765],[152.889119,-27.549294],[152.889123,-27.548817],[152.88913,-27.547359],[152.88913,-27.546473],[152.889146,-27.545947],[152.889201,-27.545537],[152.889246,-27.545332],[152.889332,-27.545096],[152.889519,-27.544647],[152.889857,-27.543879],[152.890016,-27.543534],[152.890016,-27.543534],[152.890038,-27.543487],[152.890045,-27.543422],[152.890105,-27.543287],[152.890223,-27.543114],[152.890309,-27.543016],[152.890461,-27.542858],[152.890531,-27.542771],[152.890668,-27.542666],[152.890833,-27.542548],[152.891062,-27.542415],[152.891237,-27.542339],[152.891406,-27.542272],[152.891484,-27.542268],[152.893213,-27.541627],[152.893652,-27.54139],[152.893934,-27.541209],[152.894349,-27.540881],[152.894654,-27.540665],[152.895148,-27.540366],[152.895563,-27.540185],[152.896571,-27.539778],[152.896917,-27.539586],[152.897202,-27.539373],[152.897489,-27.539105],[152.898074,-27.538591],[152.898074,-27.538591],[152.899152,-27.537645],[152.899439,-27.537425],[152.899663,-27.537282],[152.900066,-27.537104],[152.900254,-27.537045],[152.900395,-27.537],[152.900685,-27.536888],[152.900935,-27.536756],[152.901186,-27.536554],[152.901375,-27.536303],[152.901491,-27.536059],[152.901562,-27.535856],[152.901628,-27.535682],[152.9017,-27.53554],[152.901804,-27.535384],[152.90194,-27.535156],[152.902124,-27.534957],[152.902372,-27.534786],[152.902996,-27.534434],[152.903178,-27.534289],[152.903338,-27.534075],[152.903442,-27.533869],[152.90397,-27.532346],[152.904066,-27.532119],[152.904218,-27.531905],[152.904383,-27.531784],[152.904586,-27.531685],[152.904833,-27.531649],[152.905121,-27.531664],[152.905416,-27.531771],[152.9058,-27.531904],[152.906089,-27.531918],[152.906371,-27.531869],[152.906715,-27.531758],[152.907702,-27.531416],[152.908375,-27.531166],[152.908829,-27.530957],[152.909816,-27.530429],[152.910127,-27.530315],[152.910447,-27.530223],[152.9108,-27.530131],[152.910951,-27.530123],[152.911052,-27.530125],[152.911467,-27.530183],[152.911539,-27.530196],[152.911539,-27.530196],[152.911832,-27.53025],[152.913592,-27.530634],[152.913797,-27.530658],[152.913975,-27.530654],[152.914177,-27.530631],[152.914364,-27.530598],[152.915293,-27.530341],[152.915735,-27.5302],[152.915967,-27.530123],[152.916155,-27.530065],[152.916155,-27.530065],[152.916379,-27.529995],[152.916722,-27.529865],[152.917116,-27.529689],[152.917524,-27.529482],[152.917716,-27.529364],[152.917776,-27.529322],[152.917941,-27.529178],[152.918025,-27.529074],[152.918191,-27.528763],[152.918264,-27.528574],[152.918407,-27.528236],[152.918532,-27.527747],[152.918634,-27.527272],[152.9187,-27.526923],[152.918784,-27.526353],[152.918928,-27.525279],[152.918971,-27.525101],[152.919067,-27.524596],[152.919107,-27.524414],[152.91914,-27.524282],[152.919231,-27.52411],[152.919348,-27.523932],[152.919496,-27.523777],[152.919734,-27.523501],[152.920025,-27.523056],[152.9202,-27.52278],[152.920313,-27.522628],[152.92051,-27.522476],[152.920695,-27.522365],[152.920903,-27.522261],[152.921221,-27.522116],[152.921638,-27.521958],[152.921708,-27.521888],[152.922013,-27.521707],[152.922157,-27.521595],[152.922302,-27.521439],[152.92241,-27.521298],[152.922509,-27.521135],[152.922573,-27.520977],[152.922604,-27.520884],[152.92263,-27.520782],[152.922643,-27.520689],[152.922689,-27.520424],[152.922689,-27.520424],[152.922894,-27.519234],[152.923105,-27.517986],[152.923153,-27.517619],[152.923211,-27.517444],[152.923264,-27.517314],[152.923328,-27.517188],[152.923436,-27.517027],[152.923627,-27.51686],[152.923856,-27.516717],[152.923935,-27.516683],[152.924037,-27.516646],[152.924152,-27.516621],[152.924365,-27.516584],[152.924613,-27.51655],[152.9248,-27.516533],[152.92495,-27.516505],[152.925112,-27.516454],[152.925384,-27.516328],[152.926063,-27.516003],[152.927111,-27.515495],[152.928101,-27.515039],[152.928444,-27.514885],[152.928712,-27.514799],[152.929082,-27.514734],[152.92937,-27.514716],[152.92984,-27.514721],[152.930098,-27.514725],[152.930098,-27.514725],[152.930389,-27.514729],[152.930826,-27.514687],[152.931838,-27.514578],[152.932153,-27.514553],[152.932375,-27.514531],[152.932534,-27.514501],[152.932665,-27.514439],[152.932794,-27.514361],[152.932897,-27.514256],[152.932956,-27.514175],[152.93302,-27.514013],[152.933062,-27.513863],[152.933103,-27.513757],[152.933175,-27.513632],[152.93331,-27.513158],[152.933423,-27.512932],[152.933523,-27.512741],[152.933709,-27.512425],[152.934412,-27.511451],[152.934516,-27.511332],[152.934795,-27.511076],[152.935067,-27.510907],[152.935259,-27.510807],[152.935463,-27.510717],[152.935689,-27.510642],[152.9358,-27.51058],[152.936007,-27.510541],[152.936394,-27.510479],[152.936779,-27.510431],[152.937457,-27.510318],[152.937593,-27.510273],[152.937737,-27.510208],[152.9378,-27.510126],[152.937898,-27.510018],[152.93802,-27.509669],[152.938576,-27.508171],[152.938576,-27.508171],[152.938674,-27.507907],[152.938705,-27.507816],[152.938781,-27.507677],[152.938884,-27.507563],[152.93903,-27.50746],[152.939027,-27.507448],[152.939023,-27.507416],[152.939026,-27.507384],[152.939037,-27.507354],[152.939055,-27.507326],[152.939079,-27.507302],[152.939108,-27.507283],[152.939129,-27.507275],[152.939141,-27.50727],[152.939178,-27.507263],[152.939198,-27.507263],[152.939213,-27.507263],[152.939249,-27.50727],[152.939282,-27.507283],[152.939311,-27.507302],[152.939336,-27.507328],[152.939403,-27.507311],[152.939546,-27.507302],[152.939759,-27.50735],[152.940434,-27.507649],[152.941255,-27.508005],[152.941375,-27.508084],[152.94149,-27.508189],[152.941636,-27.508352],[152.942031,-27.508833],[152.942214,-27.508999],[152.942394,-27.50913],[152.942575,-27.509234],[152.943231,-27.509496],[152.943231,-27.509496],[152.943478,-27.509594],[152.943766,-27.509693],[152.944141,-27.509741],[152.944359,-27.509749],[152.944401,-27.509751],[152.944696,-27.509768],[152.944989,-27.509776],[152.945166,-27.509744],[152.945358,-27.509673],[152.945577,-27.509555],[152.945797,-27.50934],[152.946388,-27.508548],[152.946531,-27.508392],[152.94669,-27.508243],[152.947228,-27.507862],[152.947683,-27.507558],[152.947843,-27.507444],[152.947947,-27.507385],[152.948124,-27.507312],[152.948571,-27.507211],[152.948917,-27.507187],[152.948917,-27.507187],[152.948982,-27.507182],[152.949325,-27.507197],[152.949673,-27.507254],[152.949983,-27.507329],[152.950199,-27.507393],[152.950406,-27.507454],[152.950539,-27.507489],[152.95069,-27.507529],[152.95122,-27.507682],[152.952224,-27.507956],[152.952763,-27.508104],[152.952838,-27.508126],[152.953471,-27.508313],[152.953758,-27.508363],[152.954126,-27.508381],[152.954489,-27.508359],[152.954808,-27.508302],[152.954967,-27.508256],[152.956045,-27.507847],[152.956237,-27.507783],[152.956484,-27.50773],[152.956484,-27.50773],[152.957023,-27.507684],[152.957251,-27.507659],[152.957507,-27.507602],[152.957864,-27.507477],[152.958081,-27.507368],[152.958748,-27.506972],[152.959089,-27.506755],[152.959531,-27.506425],[152.959998,-27.505976],[152.960432,-27.505518],[152.96084,-27.505124],[152.96084,-27.505124],[152.961108,-27.504865],[152.961451,-27.504549],[152.961979,-27.504055],[152.962234,-27.503798],[152.962428,-27.50356],[152.96251,-27.503413],[152.96259,-27.503202],[152.962793,-27.5027],[152.962885,-27.502587],[152.962997,-27.502497],[152.96319,-27.502382],[152.963381,-27.502297],[152.96395,-27.502052],[152.964511,-27.501784],[152.96501,-27.501508],[152.965553,-27.501184],[152.96575,-27.50106],[152.966035,-27.500903],[152.966171,-27.500804],[152.966307,-27.500692],[152.966398,-27.500607],[152.966738,-27.500235],[152.966785,-27.500185],[152.966785,-27.500185],[152.967253,-27.499697],[152.967334,-27.499636],[152.967435,-27.499568],[152.968041,-27.499137],[152.968615,-27.498777],[152.96888,-27.49863],[152.96942,-27.498322],[152.969822,-27.498146],[152.970134,-27.498036],[152.970357,-27.497971],[152.970497,-27.497934],[152.970745,-27.497864],[152.97097,-27.497805],[152.971468,-27.497771],[152.972132,-27.49762],[152.9722,-27.497618],[152.972264,-27.497626],[152.972325,-27.497686],[152.972355,-27.497823],[152.972228,-27.498306],[152.972138,-27.498642],[152.971982,-27.499485],[152.971904,-27.499907],[152.971847,-27.500216],[152.971794,-27.500508],[152.971846,-27.500567],[152.971918,-27.500673],[152.971828,-27.501159],[152.971828,-27.501159],[152.971799,-27.501316],[152.971791,-27.501346],[152.971783,-27.501431],[152.971755,-27.501527],[152.971688,-27.501476],[152.971586,-27.501319],[152.971453,-27.501135],[152.971272,-27.500896],[152.971208,-27.500761],[152.971199,-27.500668],[152.97124,-27.500561],[152.971259,-27.499929],[152.971316,-27.49901],[152.971301,-27.498825],[152.971271,-27.498737],[152.971228,-27.49867],[152.971148,-27.498596],[152.970928,-27.49842],[152.970627,-27.498143],[152.970538,-27.498047],[152.970497,-27.497934],[152.970745,-27.497864],[152.97097,-27.497805],[152.973407,-27.497286],[152.973812,-27.497203],[152.974087,-27.497135],[152.974269,-27.497055],[152.974435,-27.496947],[152.974627,-27.49679],[152.974891,-27.49654],[152.975098,-27.496352],[152.975259,-27.49612],[152.975535,-27.495623],[152.976206,-27.494744],[152.976232,-27.494714],[152.976701,-27.494016],[152.97679,-27.493898],[152.97686,-27.493788],[152.977025,-27.493503],[152.977101,-27.493357],[152.977234,-27.493131],[152.977379,-27.492909],[152.977609,-27.4927],[152.97768,-27.492655],[152.97768,-27.492655],[152.978543,-27.492097],[152.978735,-27.491998],[152.978883,-27.491953],[152.97901,-27.491919],[152.979269,-27.491848],[152.979482,-27.491805],[152.97973,-27.491789],[152.979963,-27.491794],[152.980321,-27.491791],[152.980524,-27.491791],[152.980807,-27.491774],[152.981576,-27.491698],[152.981775,-27.491674],[152.982338,-27.491624],[152.982855,-27.491505],[152.983408,-27.491336],[152.984012,-27.491113],[152.984329,-27.491009],[152.98459,-27.490933],[152.984844,-27.490863],[152.985225,-27.490741],[152.98547,-27.490682],[152.985616,-27.49066],[152.986241,-27.490303],[152.986828,-27.489981],[152.987408,-27.489656],[152.987788,-27.489442],[152.987788,-27.489442],[152.989471,-27.488497],[152.989592,-27.488367],[152.989954,-27.488103],[152.990091,-27.488012],[152.9903,-27.487812],[152.990659,-27.487401],[152.990877,-27.487151],[152.990877,-27.487151],[152.991251,-27.486723],[152.991505,-27.486527],[152.991988,-27.486179],[152.992173,-27.486091],[152.992274,-27.486071],[152.992389,-27.486052],[152.992649,-27.486035],[152.993207,-27.486004],[152.993468,-27.485076],[152.993557,-27.484938],[152.993777,-27.484761],[152.994988,-27.483818],[152.99533,-27.483653],[152.995677,-27.483553],[152.995895,-27.483458],[152.996074,-27.483292],[152.99633,-27.482917],[152.996486,-27.482668],[152.996601,-27.482447],[152.997114,-27.481531],[152.997527,-27.480907],[152.998067,-27.480108],[152.998067,-27.480108],[152.998187,-27.479929],[152.998428,-27.479587],[152.999506,-27.478492],[153.000474,-27.47759],[153.001686,-27.476485],[153.003001,-27.475294],[153.003268,-27.474996],[153.003268,-27.474996],[153.003805,-27.474398],[153.004496,-27.47371],[153.004932,-27.473329],[153.005217,-27.473111],[153.00566,-27.472784],[153.006482,-27.472111],[153.006482,-27.472111],[153.008414,-27.47053],[153.008612,-27.470379],[153.009238,-27.469837],[153.009638,-27.469479],[153.00997,-27.469197],[153.010331,-27.468955],[153.010569,-27.468806],[153.01076,-27.468694],[153.011149,-27.4685],[153.011554,-27.468339],[153.011873,-27.468227],[153.01235,-27.468092],[153.012823,-27.467947],[153.013572,-27.467689],[153.013852,-27.467642],[153.013856,-27.467625],[153.014364,-27.467473],[153.015011,-27.467331],[153.015074,-27.467282],[153.015114,-27.46724],[153.015138,-27.4672],[153.015148,-27.467139],[153.01516,-27.467024],[153.015039,-27.466842],[153.014909,-27.466654],[153.014741,-27.466498],[153.014701,-27.466183],[153.014558,-27.466204],[153.014535,-27.466026],[153.014571,-27.465912],[153.014667,-27.465831],[153.01498,-27.465714],[153.015652,-27.465519],[153.01632,-27.465406],[153.016688,-27.465406],[153.017024,-27.465466],[153.017893,-27.465674],[153.018203,-27.465753],[153.01883,-27.465911],[153.019103,-27.465964],[153.019191,-27.465981],[153.019191,-27.465981],[153.019361,-27.466015],[153.019388,-27.46602],[153.019855,-27.466111],[153.020457,-27.466187],[153.020793,-27.46626],[153.021026,-27.466368],[153.021589,-27.466695],[153.021722,-27.466752],[153.022326,-27.467011],[153.022336,-27.466999],[153.022348,-27.466988],[153.022359,-27.466979],[153.022371,-27.466973],[153.022382,-27.466967],[153.022397,-27.466964],[153.022416,-27.466962],[153.022435,-27.466964],[153.022453,-27.466967],[153.022471,-27.466976],[153.022484,-27.466986],[153.022495,-27.466997],[153.022505,-27.467012],[153.022511,-27.467025],[153.022514,-27.467036],[153.022514,-27.467049],[153.022513,-27.467059],[153.022511,-27.467072],[153.022507,-27.467085],[153.022501,-27.467096],[153.022719,-27.467224],[153.022923,-27.46743],[153.02311,-27.467672],[153.023211,-27.467756],[153.023548,-27.468037],[153.023836,-27.46831],[153.023836,-27.46831],[153.024351,-27.468798],[153.022576,-27.470176],[153.022396,-27.470496],[153.021938,-27.470851],[153.022619,-27.471454],[153.022706,-27.471565],[153.022656,-27.471595],[153.022574,-27.471633],[153.022404,-27.47166],[153.020147,-27.472834],[153.019898,-27.472972],[153.019464,-27.473232],[153.018618,-27.473688],[153.018267,-27.473948],[153.018187,-27.474007],[153.017887,-27.474178],[153.017887,-27.474178],[153.017743,-27.474261],[153.017407,-27.474441],[153.016583,-27.474885],[153.016475,-27.474998],[153.015518,-27.475534],[153.015261,-27.475164],[153.014521,-27.474105],[153.014358,-27.473845],[153.013697,-27.472901],[153.013529,-27.472707],[153.013179,-27.472416],[153.013147,-27.472342],[153.013427,-27.472057],[153.013657,-27.471859],[153.013774,-27.471773],[153.013947,-27.471661],[153.014116,-27.471602],[153.014671,-27.472404]]}},{"type":"Feature","properties":{"route":"555","name":"Brisbane City - Loganholme","category":"high_bus","route_type":"3","shape_id":"5550452"},"geometry":{"type":"LineString","coordinates":[[153.029811,-27.466095],[153.029732,-27.466154],[153.028622,-27.46702],[153.02786,-27.466239],[153.027153,-27.466786],[153.027009,-27.466899],[153.026226,-27.467508],[153.02617,-27.467553],[153.025816,-27.467829],[153.025816,-27.467829],[153.025348,-27.468195],[153.02524,-27.468279],[153.024928,-27.468522],[153.024482,-27.468866],[153.023294,-27.469789],[153.023294,-27.469789],[153.022794,-27.470179],[153.022396,-27.470496],[153.021938,-27.470851],[153.022619,-27.471454],[153.022706,-27.471565],[153.022656,-27.471595],[153.022574,-27.471633],[153.022404,-27.47166],[153.020147,-27.472834],[153.019898,-27.472972],[153.019464,-27.473232],[153.019122,-27.473417],[153.019122,-27.473417],[153.018618,-27.473688],[153.018267,-27.473948],[153.018187,-27.474007],[153.017743,-27.474261],[153.017709,-27.474317],[153.017705,-27.474358],[153.017709,-27.474403],[153.017755,-27.474482],[153.01797,-27.474792],[153.01843,-27.475382],[153.018768,-27.475857],[153.01906,-27.476268],[153.019975,-27.477558],[153.020076,-27.4777],[153.020223,-27.477989],[153.020391,-27.478318],[153.02108,-27.479342],[153.021272,-27.479626],[153.021325,-27.479719],[153.021817,-27.480572],[153.021892,-27.480681],[153.022149,-27.481056],[153.022149,-27.481056],[153.022222,-27.481161],[153.022385,-27.481401],[153.022425,-27.481495],[153.02249,-27.481651],[153.022645,-27.481933],[153.022797,-27.482127],[153.023018,-27.482277],[153.02336,-27.48247],[153.023665,-27.482614],[153.023935,-27.482694],[153.024295,-27.48279],[153.026479,-27.483209],[153.02683,-27.483415],[153.02719,-27.483752],[153.027855,-27.484345],[153.027998,-27.484396],[153.02817,-27.484432],[153.028378,-27.484472],[153.028378,-27.484472],[153.028621,-27.484517],[153.030593,-27.484816],[153.031078,-27.48488],[153.031463,-27.48497],[153.0318,-27.485074],[153.032027,-27.485159],[153.032242,-27.485261],[153.032367,-27.485375],[153.032463,-27.48549],[153.03256,-27.485628],[153.032609,-27.485794],[153.032557,-27.486273],[153.032546,-27.486607],[153.032597,-27.48695],[153.032772,-27.487412],[153.032933,-27.487815],[153.033019,-27.488061],[153.033118,-27.488409],[153.033296,-27.489308],[153.033557,-27.490279],[153.033813,-27.490948],[153.034023,-27.491343],[153.034355,-27.491771],[153.034413,-27.491846],[153.034814,-27.492219],[153.035378,-27.49266],[153.035906,-27.49306],[153.036094,-27.493206],[153.036466,-27.493565],[153.037273,-27.494506],[153.037925,-27.49535],[153.038361,-27.49597],[153.039215,-27.496956],[153.039277,-27.497026],[153.039468,-27.497249],[153.039468,-27.497249],[153.039502,-27.497287],[153.039534,-27.497324],[153.039736,-27.497545],[153.039898,-27.497872],[153.040124,-27.498508],[153.040175,-27.498822],[153.040226,-27.499246],[153.040276,-27.499744],[153.040275,-27.500597],[153.040224,-27.501078],[153.04017,-27.501331],[153.040104,-27.501629],[153.03995,-27.502274],[153.039656,-27.503845],[153.039534,-27.504494],[153.039275,-27.505876],[153.039088,-27.506722],[153.039021,-27.507108],[153.038988,-27.507431],[153.038984,-27.507827],[153.039019,-27.508188],[153.039082,-27.508543],[153.039169,-27.508873],[153.039267,-27.509143],[153.03962,-27.509868],[153.039768,-27.510126],[153.040107,-27.510717],[153.040332,-27.511108],[153.040332,-27.511108],[153.040391,-27.51121],[153.040665,-27.51169],[153.040993,-27.512316],[153.041139,-27.5125],[153.04126,-27.512656],[153.041662,-27.513104],[153.041781,-27.513208],[153.042078,-27.513467],[153.042391,-27.513688],[153.042954,-27.51401],[153.047694,-27.516339],[153.048964,-27.516988],[153.04988,-27.517594],[153.050619,-27.518225],[153.05119,-27.518804],[153.052155,-27.520024],[153.053321,-27.521394],[153.053953,-27.52214],[153.054059,-27.522273],[153.054636,-27.522993],[153.054942,-27.523367],[153.055326,-27.523837],[153.055795,-27.524542],[153.05605,-27.525002],[153.056079,-27.525055],[153.056261,-27.52544],[153.05642,-27.525997],[153.056528,-27.526282],[153.056796,-27.526908],[153.057165,-27.527713],[153.057335,-27.528296],[153.057445,-27.528753],[153.057445,-27.528753],[153.057465,-27.528835],[153.057534,-27.529294],[153.057567,-27.529866],[153.057581,-27.530373],[153.057668,-27.530886],[153.05838,-27.534187],[153.058466,-27.534585],[153.058505,-27.534785],[153.058621,-27.535384],[153.058796,-27.535921],[153.058944,-27.5363],[153.059201,-27.536951],[153.059278,-27.537149],[153.059425,-27.537698],[153.059533,-27.538509],[153.059653,-27.539154],[153.059935,-27.540203],[153.06031,-27.541193],[153.060645,-27.541873],[153.061329,-27.543042],[153.062025,-27.544044],[153.062842,-27.545041],[153.063231,-27.545473],[153.063571,-27.545817],[153.064191,-27.546411],[153.064615,-27.546768],[153.064615,-27.546768],[153.064637,-27.546787],[153.06496,-27.547059],[153.0654,-27.547487],[153.065594,-27.547774],[153.065668,-27.547884],[153.06595,-27.548457],[153.066127,-27.548792],[153.066495,-27.549353],[153.066793,-27.549706],[153.067186,-27.550171],[153.067812,-27.550912],[153.068442,-27.551658],[153.068629,-27.551879],[153.070156,-27.553752],[153.07321,-27.557353],[153.074472,-27.558819],[153.074617,-27.558987],[153.075426,-27.55976],[153.076841,-27.561085],[153.078435,-27.562349],[153.079493,-27.563029],[153.080495,-27.563532],[153.080978,-27.563794],[153.081259,-27.56398],[153.081342,-27.564035],[153.081709,-27.564279],[153.081709,-27.564279],[153.081748,-27.564305],[153.08178,-27.564327],[153.082664,-27.565188],[153.083846,-27.565946],[153.08592,-27.567295],[153.08668,-27.567746],[153.087605,-27.568173],[153.08914,-27.568803],[153.090274,-27.569429],[153.0914,-27.570227],[153.09256,-27.570904],[153.095729,-27.572668],[153.096119,-27.572917],[153.096419,-27.573109],[153.098728,-27.574589],[153.099544,-27.575197],[153.1,-27.575685],[153.100882,-27.577056],[153.101219,-27.577542],[153.101449,-27.577873],[153.101819,-27.578405],[153.102008,-27.578731],[153.102008,-27.578731],[153.102088,-27.578868],[153.102179,-27.579026],[153.102219,-27.579104],[153.102279,-27.57922],[153.102434,-27.579551],[153.10287,-27.579925],[153.103186,-27.580227],[153.103835,-27.580813],[153.104311,-27.581308],[153.104594,-27.581658],[153.104816,-27.581975],[153.104913,-27.582195],[153.105139,-27.582907],[153.1054,-27.583815],[153.105464,-27.584017],[153.105563,-27.584243],[153.105827,-27.5848],[153.106889,-27.586538],[153.108375,-27.588961],[153.109093,-27.590009],[153.10977,-27.591081],[153.110308,-27.591885],[153.11107,-27.59276],[153.111224,-27.592988],[153.111224,-27.592988],[153.111468,-27.593351],[153.111635,-27.593763],[153.111765,-27.594073],[153.11236,-27.594987],[153.112786,-27.59564],[153.113322,-27.596493],[153.114353,-27.59795],[153.116239,-27.600859],[153.11756,-27.602898],[153.118705,-27.60471],[153.119772,-27.606444],[153.119869,-27.606594],[153.119975,-27.606819],[153.12002,-27.606937],[153.120227,-27.607413],[153.120442,-27.60782],[153.121626,-27.60972],[153.123056,-27.612144],[153.123192,-27.612465],[153.123373,-27.612803],[153.123599,-27.613291],[153.123839,-27.613719],[153.123941,-27.613918],[153.123988,-27.614045],[153.12403,-27.614159],[153.124072,-27.614329],[153.124136,-27.614791],[153.124187,-27.614979],[153.124306,-27.615283],[153.124466,-27.615601],[153.124689,-27.615954],[153.124767,-27.616],[153.12483,-27.61602],[153.124867,-27.616027],[153.124899,-27.616022],[153.124929,-27.615961],[153.124941,-27.615947],[153.12497,-27.615868],[153.124981,-27.615783],[153.12497,-27.6156],[153.125051,-27.614851],[153.125002,-27.614794],[153.124896,-27.614758],[153.124783,-27.614786],[153.124518,-27.615038],[153.124518,-27.615038],[153.124474,-27.615081],[153.124378,-27.615228],[153.124347,-27.615215],[153.124299,-27.615203],[153.124229,-27.615212],[153.12367,-27.615376],[153.123568,-27.615423],[153.123513,-27.615271],[153.123522,-27.615161],[153.124009,-27.615004],[153.124014,-27.614996],[153.124189,-27.614906],[153.124297,-27.614817],[153.124367,-27.614742],[153.124417,-27.614676],[153.124504,-27.614519],[153.124549,-27.614396],[153.124563,-27.614318],[153.124561,-27.614252],[153.124548,-27.61419],[153.124526,-27.61413],[153.124488,-27.614072],[153.124446,-27.61403],[153.124396,-27.613999],[153.124338,-27.613972],[153.124285,-27.613959],[153.124241,-27.613956],[153.124185,-27.613958],[153.124129,-27.613972],[153.124067,-27.613993],[153.124013,-27.614022],[153.12397,-27.614063],[153.123937,-27.614104],[153.123906,-27.614158],[153.123886,-27.61421],[153.123876,-27.614262],[153.123872,-27.614316],[153.123874,-27.614384],[153.124013,-27.614836],[153.124192,-27.61531],[153.124432,-27.615912],[153.125709,-27.618076],[153.12592,-27.618536],[153.126097,-27.619039],[153.126774,-27.620527],[153.12739,-27.6219],[153.128629,-27.62459],[153.129178,-27.625857],[153.129354,-27.626364],[153.130506,-27.629203],[153.130945,-27.630258],[153.131265,-27.630905],[153.131617,-27.631467],[153.132033,-27.632022],[153.132737,-27.632769],[153.133753,-27.633715],[153.136076,-27.635955],[153.137887,-27.637547],[153.138338,-27.637983],[153.13879,-27.638429],[153.139311,-27.6389],[153.140792,-27.640234],[153.14175,-27.641021],[153.141965,-27.641177],[153.145042,-27.643369],[153.147966,-27.645412],[153.148488,-27.64574],[153.149246,-27.646126],[153.149868,-27.646411],[153.150718,-27.646696],[153.152682,-27.647307],[153.154463,-27.64785],[153.154847,-27.647983],[153.155242,-27.648141],[153.155919,-27.64844],[153.156937,-27.649019],[153.157309,-27.649282],[153.158813,-27.650533],[153.16087,-27.65231],[153.162518,-27.653715],[153.16328,-27.654382],[153.163784,-27.654807],[153.163835,-27.654813],[153.164262,-27.655152],[153.165094,-27.655887],[153.166033,-27.656807],[153.167226,-27.657991],[153.168517,-27.6595],[153.169593,-27.660763],[153.170077,-27.661373],[153.170408,-27.661676],[153.171111,-27.661947],[153.17258,-27.662287],[153.173042,-27.662344],[153.174464,-27.662477],[153.174603,-27.661598],[153.174581,-27.661147],[153.174301,-27.661273],[153.174151,-27.66134],[153.173707,-27.661341],[153.173704,-27.661359],[153.173697,-27.661377],[153.173687,-27.661394],[153.173671,-27.661409],[153.173653,-27.661421],[153.173633,-27.661429],[153.173619,-27.661432],[153.173589,-27.661433],[153.173567,-27.661429],[153.173547,-27.661421],[153.173529,-27.661409],[153.173514,-27.661394],[153.173503,-27.661377],[153.173495,-27.661354],[153.173493,-27.661339],[153.173496,-27.661319],[153.173503,-27.661301],[153.173514,-27.661284],[153.173529,-27.661269],[153.173547,-27.661257],[153.173567,-27.661249],[153.173576,-27.661247],[153.173589,-27.661245],[153.173785,-27.661084],[153.17393,-27.66097],[153.173938,-27.660939],[153.173923,-27.660902],[153.173886,-27.660846],[153.17358,-27.660269],[153.173566,-27.660262],[153.173525,-27.660255],[153.173483,-27.66026],[153.173465,-27.660265],[153.173445,-27.660291],[153.173424,-27.660323],[153.173427,-27.660362],[153.173433,-27.660381],[153.173549,-27.660629]]}},{"type":"Feature","properties":{"route":"555","name":"Brisbane City - Loganholme","category":"high_bus","route_type":"3","shape_id":"5550453"},"geometry":{"type":"LineString","coordinates":[[153.173549,-27.660629],[153.173738,-27.661028],[153.173785,-27.661084],[153.174034,-27.661225],[153.174301,-27.661273],[153.174581,-27.661147],[153.174559,-27.661134],[153.174541,-27.661116],[153.174528,-27.661096],[153.174521,-27.661073],[153.174517,-27.66105],[153.17452,-27.661027],[153.174529,-27.661004],[153.174534,-27.660994],[153.174541,-27.660984],[153.174559,-27.660966],[153.174581,-27.660953],[153.174605,-27.660943],[153.174631,-27.660938],[153.174657,-27.660938],[153.17468,-27.660942],[153.174707,-27.660953],[153.174729,-27.660966],[153.174747,-27.660983],[153.174758,-27.661002],[153.174768,-27.661027],[153.174771,-27.66105],[153.174768,-27.661073],[153.17476,-27.661096],[153.174747,-27.661116],[153.174731,-27.661132],[153.174766,-27.661597],[153.174621,-27.662498],[153.17451,-27.662623],[153.174178,-27.663521],[153.173333,-27.663962],[153.172796,-27.664242],[153.172433,-27.664415],[153.172196,-27.66459],[153.172155,-27.664716],[153.172155,-27.664814],[153.172172,-27.664913],[153.172234,-27.665014],[153.172308,-27.66509],[153.172558,-27.66536],[153.172601,-27.665392],[153.172744,-27.665453],[153.172753,-27.665447],[153.172784,-27.665435],[153.172816,-27.665429],[153.17285,-27.665429],[153.172882,-27.665435],[153.172913,-27.665447],[153.17294,-27.665465],[153.17295,-27.665475],[153.17305,-27.665434],[153.173105,-27.66538],[153.173149,-27.665318],[153.173176,-27.665243],[153.173165,-27.665167],[153.173127,-27.665078],[153.173084,-27.665006],[153.172784,-27.664624],[153.172242,-27.664065],[153.171132,-27.662897],[153.170772,-27.662554],[153.170348,-27.662127],[153.169755,-27.661523],[153.1687,-27.660314],[153.166537,-27.657741],[153.165328,-27.656447],[153.164303,-27.655459],[153.163919,-27.655125],[153.162495,-27.653888],[153.160454,-27.652133],[153.15903,-27.650903],[153.157557,-27.649638],[153.156962,-27.649231],[153.156617,-27.648987],[153.156055,-27.648673],[153.155308,-27.64832],[153.154806,-27.648118],[153.15443,-27.647996],[153.151784,-27.647182],[153.150352,-27.646742],[153.149513,-27.646436],[153.148686,-27.646024],[153.148307,-27.645814],[153.147928,-27.645574],[153.146166,-27.64433],[153.141628,-27.64117],[153.141044,-27.640718],[153.140025,-27.63983],[153.139137,-27.639011],[153.138599,-27.638542],[153.138173,-27.63815],[153.137698,-27.637713],[153.134785,-27.635011],[153.134594,-27.634809],[153.134067,-27.634305],[153.133602,-27.633857],[153.132874,-27.633181],[153.132418,-27.632733],[153.131914,-27.632179],[153.131313,-27.631354],[153.131112,-27.631057],[153.130717,-27.63025],[153.130312,-27.629227],[153.129278,-27.626573],[153.128493,-27.624716],[153.127692,-27.622952],[153.127211,-27.621849],[153.126618,-27.620526],[153.125946,-27.619061],[153.125914,-27.619054],[153.124484,-27.616842],[153.124153,-27.616305],[153.123857,-27.615895],[153.123778,-27.615752],[153.123729,-27.615653],[153.123653,-27.61544],[153.123655,-27.615413],[153.12367,-27.615376],[153.124229,-27.615212],[153.124299,-27.615203],[153.124347,-27.615215],[153.124378,-27.615228],[153.124439,-27.615309],[153.12458,-27.61552],[153.124678,-27.615652],[153.124713,-27.615679],[153.124774,-27.615701],[153.124838,-27.615702],[153.124905,-27.615686],[153.12497,-27.6156],[153.125028,-27.615062],[153.125028,-27.615062],[153.125051,-27.614851],[153.125002,-27.614794],[153.124896,-27.614758],[153.124783,-27.614786],[153.124474,-27.615081],[153.124378,-27.615228],[153.124439,-27.615309],[153.12458,-27.61552],[153.124678,-27.615652],[153.124713,-27.615679],[153.124774,-27.615701],[153.124847,-27.615737],[153.12489,-27.615722],[153.124914,-27.61572],[153.124933,-27.615726],[153.124941,-27.615741],[153.124946,-27.615772],[153.124951,-27.615842],[153.124963,-27.615967],[153.124974,-27.616005],[153.124973,-27.616036],[153.124959,-27.616094],[153.124945,-27.616131],[153.124889,-27.616145],[153.124842,-27.616141],[153.124795,-27.616121],[153.124747,-27.616074],[153.124689,-27.615954],[153.124466,-27.615601],[153.124306,-27.615283],[153.124187,-27.614979],[153.124136,-27.614791],[153.124072,-27.614329],[153.12403,-27.614159],[153.123988,-27.614045],[153.123941,-27.613918],[153.123839,-27.613719],[153.123599,-27.613291],[153.123373,-27.612803],[153.123192,-27.612465],[153.123056,-27.612144],[153.121626,-27.60972],[153.120442,-27.60782],[153.120227,-27.607413],[153.12002,-27.606937],[153.119975,-27.606819],[153.119869,-27.606594],[153.119772,-27.606444],[153.118705,-27.60471],[153.11756,-27.602898],[153.116239,-27.600859],[153.114353,-27.59795],[153.113322,-27.596493],[153.112786,-27.59564],[153.11236,-27.594987],[153.111765,-27.594073],[153.111635,-27.593763],[153.111468,-27.593351],[153.111102,-27.592807],[153.111102,-27.592807],[153.11107,-27.59276],[153.110308,-27.591885],[153.10977,-27.591081],[153.109093,-27.590009],[153.108375,-27.588961],[153.106889,-27.586538],[153.105827,-27.5848],[153.105563,-27.584243],[153.105464,-27.584017],[153.1054,-27.583815],[153.105139,-27.582907],[153.104913,-27.582195],[153.104816,-27.581975],[153.104594,-27.581658],[153.104311,-27.581308],[153.103835,-27.580813],[153.103186,-27.580227],[153.10287,-27.579925],[153.102434,-27.579551],[153.102279,-27.57922],[153.102219,-27.579104],[153.102179,-27.579026],[153.102088,-27.578868],[153.101836,-27.578436],[153.101836,-27.578436],[153.101819,-27.578405],[153.101449,-27.577873],[153.101219,-27.577542],[153.100882,-27.577056],[153.1,-27.575685],[153.099544,-27.575197],[153.098728,-27.574589],[153.096419,-27.573109],[153.096119,-27.572917],[153.095729,-27.572668],[153.09256,-27.570904],[153.0914,-27.570227],[153.090274,-27.569429],[153.08914,-27.568803],[153.087605,-27.568173],[153.08668,-27.567746],[153.08592,-27.567295],[153.083846,-27.565946],[153.082664,-27.565188],[153.08178,-27.564327],[153.081748,-27.564305],[153.081342,-27.564035],[153.081304,-27.56401],[153.081304,-27.56401],[153.081259,-27.56398],[153.080978,-27.563794],[153.080495,-27.563532],[153.079493,-27.563029],[153.078435,-27.562349],[153.076841,-27.561085],[153.075426,-27.55976],[153.074617,-27.558987],[153.074472,-27.558819],[153.07321,-27.557353],[153.070156,-27.553752],[153.068629,-27.551879],[153.068442,-27.551658],[153.067812,-27.550912],[153.067186,-27.550171],[153.066793,-27.549706],[153.066495,-27.549353],[153.066127,-27.548792],[153.06595,-27.548457],[153.065668,-27.547884],[153.065594,-27.547774],[153.0654,-27.547487],[153.06496,-27.547059],[153.064637,-27.546787],[153.064302,-27.546504],[153.064302,-27.546504],[153.064191,-27.546411],[153.063571,-27.545817],[153.063231,-27.545473],[153.062842,-27.545041],[153.062025,-27.544044],[153.061329,-27.543042],[153.060645,-27.541873],[153.06031,-27.541193],[153.059935,-27.540203],[153.059653,-27.539154],[153.059533,-27.538509],[153.059425,-27.537698],[153.059278,-27.537149],[153.059201,-27.536951],[153.058944,-27.5363],[153.058796,-27.535921],[153.058621,-27.535384],[153.058505,-27.534785],[153.058466,-27.534585],[153.05838,-27.534187],[153.057668,-27.530886],[153.057581,-27.530373],[153.057567,-27.529866],[153.057534,-27.529294],[153.057465,-27.528835],[153.057343,-27.528329],[153.057343,-27.528329],[153.057335,-27.528296],[153.057165,-27.527713],[153.056796,-27.526908],[153.056528,-27.526282],[153.05642,-27.525997],[153.056261,-27.52544],[153.056079,-27.525055],[153.05605,-27.525002],[153.055795,-27.524542],[153.055326,-27.523837],[153.054942,-27.523367],[153.054636,-27.522993],[153.054059,-27.522273],[153.053953,-27.52214],[153.053321,-27.521394],[153.052155,-27.520024],[153.05119,-27.518804],[153.050619,-27.518225],[153.04988,-27.517594],[153.048964,-27.516988],[153.047694,-27.516339],[153.042954,-27.51401],[153.042391,-27.513688],[153.042078,-27.513467],[153.041781,-27.513208],[153.041662,-27.513104],[153.04126,-27.512656],[153.041139,-27.5125],[153.040993,-27.512316],[153.040665,-27.51169],[153.040391,-27.51121],[153.040134,-27.510764],[153.040134,-27.510764],[153.040107,-27.510717],[153.039768,-27.510126],[153.03962,-27.509868],[153.039267,-27.509143],[153.039169,-27.508873],[153.039082,-27.508543],[153.039019,-27.508188],[153.038984,-27.507827],[153.038988,-27.507431],[153.039021,-27.507108],[153.039088,-27.506722],[153.039275,-27.505876],[153.039534,-27.504494],[153.039656,-27.503845],[153.03995,-27.502274],[153.040104,-27.501629],[153.04017,-27.501331],[153.040224,-27.501078],[153.040275,-27.500597],[153.040276,-27.499744],[153.040226,-27.499246],[153.040175,-27.498822],[153.040124,-27.498508],[153.039898,-27.497872],[153.039736,-27.497545],[153.039534,-27.497324],[153.039502,-27.497287],[153.039277,-27.497026],[153.039241,-27.496984],[153.039241,-27.496984],[153.039215,-27.496956],[153.038361,-27.49597],[153.037925,-27.49535],[153.037273,-27.494506],[153.036466,-27.493565],[153.036094,-27.493206],[153.035906,-27.49306],[153.035378,-27.49266],[153.034814,-27.492219],[153.034413,-27.491846],[153.034355,-27.491771],[153.034023,-27.491343],[153.033813,-27.490948],[153.033557,-27.490279],[153.033296,-27.489308],[153.033118,-27.488409],[153.033019,-27.488061],[153.032933,-27.487815],[153.032772,-27.487412],[153.032597,-27.48695],[153.032546,-27.486607],[153.032557,-27.486273],[153.032609,-27.485794],[153.03256,-27.485628],[153.032463,-27.48549],[153.032367,-27.485375],[153.032242,-27.485261],[153.032027,-27.485159],[153.0318,-27.485074],[153.031463,-27.48497],[153.031078,-27.48488],[153.030593,-27.484816],[153.028621,-27.484517],[153.028229,-27.484443],[153.028229,-27.484443],[153.02817,-27.484432],[153.027998,-27.484396],[153.027855,-27.484345],[153.02719,-27.483752],[153.02683,-27.483415],[153.026479,-27.483209],[153.024295,-27.48279],[153.023935,-27.482694],[153.023665,-27.482614],[153.02336,-27.48247],[153.023018,-27.482277],[153.022797,-27.482127],[153.022645,-27.481933],[153.02249,-27.481651],[153.022425,-27.481495],[153.022385,-27.481401],[153.022222,-27.481161],[153.021896,-27.480687],[153.021896,-27.480687],[153.021892,-27.480681],[153.021817,-27.480572],[153.021325,-27.479719],[153.021272,-27.479626],[153.02108,-27.479342],[153.020391,-27.478318],[153.020223,-27.477989],[153.020076,-27.4777],[153.019975,-27.477558],[153.01906,-27.476268],[153.018768,-27.475857],[153.01843,-27.475382],[153.01797,-27.474792],[153.017755,-27.474482],[153.017709,-27.474403],[153.017705,-27.474358],[153.017709,-27.474317],[153.017743,-27.474261],[153.018187,-27.474007],[153.018267,-27.473948],[153.018618,-27.473688],[153.019442,-27.473244],[153.019442,-27.473244],[153.019464,-27.473232],[153.019898,-27.472972],[153.020147,-27.472834],[153.022404,-27.47166],[153.022574,-27.471633],[153.022598,-27.471616],[153.022614,-27.471595],[153.022616,-27.471586],[153.022611,-27.471568],[153.021906,-27.470898],[153.021901,-27.470888],[153.021904,-27.47088],[153.021938,-27.470851],[153.022396,-27.470496],[153.022794,-27.470179],[153.023257,-27.469817],[153.023257,-27.469817],[153.024482,-27.468866],[153.024928,-27.468522],[153.02524,-27.468279],[153.025348,-27.468195],[153.026039,-27.467655],[153.026039,-27.467655],[153.02617,-27.467553],[153.026226,-27.467508],[153.027009,-27.466899],[153.027153,-27.466786],[153.02786,-27.466239],[153.028473,-27.465765],[153.028691,-27.465599],[153.029545,-27.464934],[153.029914,-27.465317],[153.030318,-27.465719],[153.029811,-27.466095]]}},{"type":"Feature","properties":{"route":"555","name":"Brisbane City - Loganholme","category":"high_bus","route_type":"3","shape_id":"5550454"},"geometry":{"type":"LineString","coordinates":[[153.029811,-27.466095],[153.029732,-27.466154],[153.028622,-27.46702],[153.02786,-27.466239],[153.027153,-27.466786],[153.027009,-27.466899],[153.026226,-27.467508],[153.02617,-27.467553],[153.025816,-27.467829],[153.025816,-27.467829],[153.025348,-27.468195],[153.02524,-27.468279],[153.024928,-27.468522],[153.024482,-27.468866],[153.023294,-27.469789],[153.023294,-27.469789],[153.022794,-27.470179],[153.022396,-27.470496],[153.021938,-27.470851],[153.022619,-27.471454],[153.022706,-27.471565],[153.022656,-27.471595],[153.022574,-27.471633],[153.022404,-27.47166],[153.020147,-27.472834],[153.019898,-27.472972],[153.019464,-27.473232],[153.019122,-27.473417],[153.019122,-27.473417],[153.018618,-27.473688],[153.018267,-27.473948],[153.018187,-27.474007],[153.017743,-27.474261],[153.017709,-27.474317],[153.017705,-27.474358],[153.017709,-27.474403],[153.017755,-27.474482],[153.01797,-27.474792],[153.01843,-27.475382],[153.018768,-27.475857],[153.01906,-27.476268],[153.019975,-27.477558],[153.020076,-27.4777],[153.020223,-27.477989],[153.020391,-27.478318],[153.02108,-27.479342],[153.021272,-27.479626],[153.021325,-27.479719],[153.021817,-27.480572],[153.021892,-27.480681],[153.022149,-27.481056],[153.022149,-27.481056],[153.022222,-27.481161],[153.022385,-27.481401],[153.022425,-27.481495],[153.02249,-27.481651],[153.022645,-27.481933],[153.022797,-27.482127],[153.023018,-27.482277],[153.02336,-27.48247],[153.023665,-27.482614],[153.023935,-27.482694],[153.024295,-27.48279],[153.026479,-27.483209],[153.02683,-27.483415],[153.02719,-27.483752],[153.027855,-27.484345],[153.027998,-27.484396],[153.02817,-27.484432],[153.028378,-27.484472],[153.028378,-27.484472],[153.028621,-27.484517],[153.030593,-27.484816],[153.031078,-27.48488],[153.031463,-27.48497],[153.0318,-27.485074],[153.032027,-27.485159],[153.032242,-27.485261],[153.032367,-27.485375],[153.032463,-27.48549],[153.03256,-27.485628],[153.032609,-27.485794],[153.032557,-27.486273],[153.032546,-27.486607],[153.032597,-27.48695],[153.032772,-27.487412],[153.032933,-27.487815],[153.033019,-27.488061],[153.033118,-27.488409],[153.033296,-27.489308],[153.033557,-27.490279],[153.033813,-27.490948],[153.034023,-27.491343],[153.034355,-27.491771],[153.034413,-27.491846],[153.034814,-27.492219],[153.035378,-27.49266],[153.035906,-27.49306],[153.036094,-27.493206],[153.036466,-27.493565],[153.037273,-27.494506],[153.037925,-27.49535],[153.038361,-27.49597],[153.039215,-27.496956],[153.039277,-27.497026],[153.039468,-27.497249],[153.039468,-27.497249],[153.039502,-27.497287],[153.039534,-27.497324],[153.039736,-27.497545],[153.039898,-27.497872],[153.040124,-27.498508],[153.040175,-27.498822],[153.040226,-27.499246],[153.040276,-27.499744],[153.040275,-27.500597],[153.040224,-27.501078],[153.04017,-27.501331],[153.040104,-27.501629],[153.03995,-27.502274],[153.039656,-27.503845],[153.039534,-27.504494],[153.039275,-27.505876],[153.039088,-27.506722],[153.039021,-27.507108],[153.038988,-27.507431],[153.038984,-27.507827],[153.039019,-27.508188],[153.039082,-27.508543],[153.039169,-27.508873],[153.039267,-27.509143],[153.03962,-27.509868],[153.039768,-27.510126],[153.040107,-27.510717],[153.040332,-27.511108],[153.040332,-27.511108],[153.040391,-27.51121],[153.040665,-27.51169],[153.040993,-27.512316],[153.041139,-27.5125],[153.04126,-27.512656],[153.041662,-27.513104],[153.041781,-27.513208],[153.042078,-27.513467],[153.042391,-27.513688],[153.042954,-27.51401],[153.047694,-27.516339],[153.048964,-27.516988],[153.04988,-27.517594],[153.050619,-27.518225],[153.05119,-27.518804],[153.052155,-27.520024],[153.053321,-27.521394],[153.053953,-27.52214],[153.054059,-27.522273],[153.054636,-27.522993],[153.054942,-27.523367],[153.055326,-27.523837],[153.055795,-27.524542],[153.05605,-27.525002],[153.056079,-27.525055],[153.056261,-27.52544],[153.05642,-27.525997],[153.056528,-27.526282],[153.056796,-27.526908],[153.057165,-27.527713],[153.057335,-27.528296],[153.057445,-27.528753],[153.057445,-27.528753],[153.057465,-27.528835],[153.057534,-27.529294],[153.057567,-27.529866],[153.057581,-27.530373],[153.057668,-27.530886],[153.05838,-27.534187],[153.058466,-27.534585],[153.058505,-27.534785],[153.058621,-27.535384],[153.058796,-27.535921],[153.058944,-27.5363],[153.059201,-27.536951],[153.059278,-27.537149],[153.059425,-27.537698],[153.059533,-27.538509],[153.059653,-27.539154],[153.059935,-27.540203],[153.06031,-27.541193],[153.060645,-27.541873],[153.061329,-27.543042],[153.062025,-27.544044],[153.062842,-27.545041],[153.063231,-27.545473],[153.063571,-27.545817],[153.064191,-27.546411],[153.064615,-27.546768],[153.064615,-27.546768],[153.064637,-27.546787],[153.06496,-27.547059],[153.0654,-27.547487],[153.065594,-27.547774],[153.065668,-27.547884],[153.06595,-27.548457],[153.066127,-27.548792],[153.066495,-27.549353],[153.066793,-27.549706],[153.067186,-27.550171],[153.067812,-27.550912],[153.068442,-27.551658],[153.068629,-27.551879],[153.070156,-27.553752],[153.07321,-27.557353],[153.074472,-27.558819],[153.074617,-27.558987],[153.075426,-27.55976],[153.076841,-27.561085],[153.078435,-27.562349],[153.079493,-27.563029],[153.080495,-27.563532],[153.080978,-27.563794],[153.081259,-27.56398],[153.081342,-27.564035],[153.081709,-27.564279],[153.081709,-27.564279],[153.081748,-27.564305],[153.08178,-27.564327],[153.082664,-27.565188],[153.083846,-27.565946],[153.08592,-27.567295],[153.08668,-27.567746],[153.087605,-27.568173],[153.08914,-27.568803],[153.090274,-27.569429],[153.0914,-27.570227],[153.09256,-27.570904],[153.095729,-27.572668],[153.096119,-27.572917],[153.096419,-27.573109],[153.098728,-27.574589],[153.099544,-27.575197],[153.1,-27.575685],[153.100882,-27.577056],[153.101219,-27.577542],[153.101449,-27.577873],[153.101819,-27.578405],[153.102008,-27.578731],[153.102008,-27.578731],[153.102088,-27.578868],[153.102179,-27.579026],[153.102219,-27.579104],[153.102279,-27.57922],[153.102434,-27.579551],[153.10287,-27.579925],[153.103186,-27.580227],[153.103835,-27.580813],[153.104311,-27.581308],[153.104594,-27.581658],[153.104816,-27.581975],[153.104913,-27.582195],[153.105139,-27.582907],[153.1054,-27.583815],[153.105464,-27.584017],[153.105563,-27.584243],[153.105827,-27.5848],[153.106889,-27.586538],[153.108375,-27.588961],[153.109093,-27.590009],[153.10977,-27.591081],[153.110308,-27.591885],[153.11107,-27.59276],[153.111224,-27.592988],[153.111224,-27.592988],[153.111468,-27.593351],[153.111635,-27.593763],[153.111765,-27.594073],[153.11236,-27.594987],[153.112786,-27.59564],[153.113322,-27.596493],[153.114353,-27.59795],[153.116239,-27.600859],[153.11756,-27.602898],[153.118705,-27.60471],[153.119772,-27.606444],[153.119869,-27.606594],[153.119975,-27.606819],[153.12002,-27.606937],[153.120227,-27.607413],[153.120442,-27.60782],[153.121626,-27.60972],[153.123056,-27.612144],[153.123192,-27.612465],[153.123373,-27.612803],[153.123599,-27.613291],[153.123839,-27.613719],[153.123941,-27.613918],[153.123988,-27.614045],[153.12403,-27.614159],[153.124072,-27.614329],[153.124136,-27.614791],[153.124187,-27.614979],[153.124306,-27.615283],[153.124466,-27.615601],[153.124689,-27.615954],[153.124767,-27.616],[153.12483,-27.61602],[153.124867,-27.616027],[153.124899,-27.616022],[153.124929,-27.615961],[153.124941,-27.615947],[153.12497,-27.615868],[153.124981,-27.615783],[153.12497,-27.6156],[153.125051,-27.614851],[153.125002,-27.614794],[153.124896,-27.614758],[153.124783,-27.614786],[153.124518,-27.615038]]}},{"type":"Feature","properties":{"route":"555","name":"Brisbane City - Loganholme","category":"high_bus","route_type":"3","shape_id":"5550455"},"geometry":{"type":"LineString","coordinates":[[153.125028,-27.615062],[153.125051,-27.614851],[153.125002,-27.614794],[153.124896,-27.614758],[153.124783,-27.614786],[153.124474,-27.615081],[153.124378,-27.615228],[153.124439,-27.615309],[153.12458,-27.61552],[153.124678,-27.615652],[153.124713,-27.615679],[153.124774,-27.615701],[153.124847,-27.615737],[153.12489,-27.615722],[153.124914,-27.61572],[153.124933,-27.615726],[153.124941,-27.615741],[153.124946,-27.615772],[153.124951,-27.615842],[153.124963,-27.615967],[153.124974,-27.616005],[153.124973,-27.616036],[153.124959,-27.616094],[153.124945,-27.616131],[153.124889,-27.616145],[153.124842,-27.616141],[153.124795,-27.616121],[153.124747,-27.616074],[153.124689,-27.615954],[153.124466,-27.615601],[153.124306,-27.615283],[153.124187,-27.614979],[153.124136,-27.614791],[153.124072,-27.614329],[153.12403,-27.614159],[153.123988,-27.614045],[153.123941,-27.613918],[153.123839,-27.613719],[153.123599,-27.613291],[153.123373,-27.612803],[153.123192,-27.612465],[153.123056,-27.612144],[153.121626,-27.60972],[153.120442,-27.60782],[153.120227,-27.607413],[153.12002,-27.606937],[153.119975,-27.606819],[153.119869,-27.606594],[153.119772,-27.606444],[153.118705,-27.60471],[153.11756,-27.602898],[153.116239,-27.600859],[153.114353,-27.59795],[153.113322,-27.596493],[153.112786,-27.59564],[153.11236,-27.594987],[153.111765,-27.594073],[153.111635,-27.593763],[153.111468,-27.593351],[153.111102,-27.592807],[153.111102,-27.592807],[153.11107,-27.59276],[153.110308,-27.591885],[153.10977,-27.591081],[153.109093,-27.590009],[153.108375,-27.588961],[153.106889,-27.586538],[153.105827,-27.5848],[153.105563,-27.584243],[153.105464,-27.584017],[153.1054,-27.583815],[153.105139,-27.582907],[153.104913,-27.582195],[153.104816,-27.581975],[153.104594,-27.581658],[153.104311,-27.581308],[153.103835,-27.580813],[153.103186,-27.580227],[153.10287,-27.579925],[153.102434,-27.579551],[153.102279,-27.57922],[153.102219,-27.579104],[153.102179,-27.579026],[153.102088,-27.578868],[153.101836,-27.578436],[153.101836,-27.578436],[153.101819,-27.578405],[153.101449,-27.577873],[153.101219,-27.577542],[153.100882,-27.577056],[153.1,-27.575685],[153.099544,-27.575197],[153.098728,-27.574589],[153.096419,-27.573109],[153.096119,-27.572917],[153.095729,-27.572668],[153.09256,-27.570904],[153.0914,-27.570227],[153.090274,-27.569429],[153.08914,-27.568803],[153.087605,-27.568173],[153.08668,-27.567746],[153.08592,-27.567295],[153.083846,-27.565946],[153.082664,-27.565188],[153.08178,-27.564327],[153.081748,-27.564305],[153.081342,-27.564035],[153.081304,-27.56401],[153.081304,-27.56401],[153.081259,-27.56398],[153.080978,-27.563794],[153.080495,-27.563532],[153.079493,-27.563029],[153.078435,-27.562349],[153.076841,-27.561085],[153.075426,-27.55976],[153.074617,-27.558987],[153.074472,-27.558819],[153.07321,-27.557353],[153.070156,-27.553752],[153.068629,-27.551879],[153.068442,-27.551658],[153.067812,-27.550912],[153.067186,-27.550171],[153.066793,-27.549706],[153.066495,-27.549353],[153.066127,-27.548792],[153.06595,-27.548457],[153.065668,-27.547884],[153.065594,-27.547774],[153.0654,-27.547487],[153.06496,-27.547059],[153.064637,-27.546787],[153.064302,-27.546504],[153.064302,-27.546504],[153.064191,-27.546411],[153.063571,-27.545817],[153.063231,-27.545473],[153.062842,-27.545041],[153.062025,-27.544044],[153.061329,-27.543042],[153.060645,-27.541873],[153.06031,-27.541193],[153.059935,-27.540203],[153.059653,-27.539154],[153.059533,-27.538509],[153.059425,-27.537698],[153.059278,-27.537149],[153.059201,-27.536951],[153.058944,-27.5363],[153.058796,-27.535921],[153.058621,-27.535384],[153.058505,-27.534785],[153.058466,-27.534585],[153.05838,-27.534187],[153.057668,-27.530886],[153.057581,-27.530373],[153.057567,-27.529866],[153.057534,-27.529294],[153.057465,-27.528835],[153.057343,-27.528329],[153.057343,-27.528329],[153.057335,-27.528296],[153.057165,-27.527713],[153.056796,-27.526908],[153.056528,-27.526282],[153.05642,-27.525997],[153.056261,-27.52544],[153.056079,-27.525055],[153.05605,-27.525002],[153.055795,-27.524542],[153.055326,-27.523837],[153.054942,-27.523367],[153.054636,-27.522993],[153.054059,-27.522273],[153.053953,-27.52214],[153.053321,-27.521394],[153.052155,-27.520024],[153.05119,-27.518804],[153.050619,-27.518225],[153.04988,-27.517594],[153.048964,-27.516988],[153.047694,-27.516339],[153.042954,-27.51401],[153.042391,-27.513688],[153.042078,-27.513467],[153.041781,-27.513208],[153.041662,-27.513104],[153.04126,-27.512656],[153.041139,-27.5125],[153.040993,-27.512316],[153.040665,-27.51169],[153.040391,-27.51121],[153.040134,-27.510764],[153.040134,-27.510764],[153.040107,-27.510717],[153.039768,-27.510126],[153.03962,-27.509868],[153.039267,-27.509143],[153.039169,-27.508873],[153.039082,-27.508543],[153.039019,-27.508188],[153.038984,-27.507827],[153.038988,-27.507431],[153.039021,-27.507108],[153.039088,-27.506722],[153.039275,-27.505876],[153.039534,-27.504494],[153.039656,-27.503845],[153.03995,-27.502274],[153.040104,-27.501629],[153.04017,-27.501331],[153.040224,-27.501078],[153.040275,-27.500597],[153.040276,-27.499744],[153.040226,-27.499246],[153.040175,-27.498822],[153.040124,-27.498508],[153.039898,-27.497872],[153.039736,-27.497545],[153.039534,-27.497324],[153.039502,-27.497287],[153.039277,-27.497026],[153.039241,-27.496984],[153.039241,-27.496984],[153.039215,-27.496956],[153.038361,-27.49597],[153.037925,-27.49535],[153.037273,-27.494506],[153.036466,-27.493565],[153.036094,-27.493206],[153.035906,-27.49306],[153.035378,-27.49266],[153.034814,-27.492219],[153.034413,-27.491846],[153.034355,-27.491771],[153.034023,-27.491343],[153.033813,-27.490948],[153.033557,-27.490279],[153.033296,-27.489308],[153.033118,-27.488409],[153.033019,-27.488061],[153.032933,-27.487815],[153.032772,-27.487412],[153.032597,-27.48695],[153.032546,-27.486607],[153.032557,-27.486273],[153.032609,-27.485794],[153.03256,-27.485628],[153.032463,-27.48549],[153.032367,-27.485375],[153.032242,-27.485261],[153.032027,-27.485159],[153.0318,-27.485074],[153.031463,-27.48497],[153.031078,-27.48488],[153.030593,-27.484816],[153.028621,-27.484517],[153.028229,-27.484443],[153.028229,-27.484443],[153.02817,-27.484432],[153.027998,-27.484396],[153.027855,-27.484345],[153.02719,-27.483752],[153.02683,-27.483415],[153.026479,-27.483209],[153.024295,-27.48279],[153.023935,-27.482694],[153.023665,-27.482614],[153.02336,-27.48247],[153.023018,-27.482277],[153.022797,-27.482127],[153.022645,-27.481933],[153.02249,-27.481651],[153.022425,-27.481495],[153.022385,-27.481401],[153.022222,-27.481161],[153.021896,-27.480687],[153.021896,-27.480687],[153.021892,-27.480681],[153.021817,-27.480572],[153.021325,-27.479719],[153.021272,-27.479626],[153.02108,-27.479342],[153.020391,-27.478318],[153.020223,-27.477989],[153.020076,-27.4777],[153.019975,-27.477558],[153.01906,-27.476268],[153.018768,-27.475857],[153.01843,-27.475382],[153.01797,-27.474792],[153.017755,-27.474482],[153.017709,-27.474403],[153.017705,-27.474358],[153.017709,-27.474317],[153.017743,-27.474261],[153.018187,-27.474007],[153.018267,-27.473948],[153.018618,-27.473688],[153.019442,-27.473244],[153.019442,-27.473244],[153.019464,-27.473232],[153.019898,-27.472972],[153.020147,-27.472834],[153.022404,-27.47166],[153.022574,-27.471633],[153.022598,-27.471616],[153.022614,-27.471595],[153.022616,-27.471586],[153.022611,-27.471568],[153.021906,-27.470898],[153.021901,-27.470888],[153.021904,-27.47088],[153.021938,-27.470851],[153.022396,-27.470496],[153.022794,-27.470179],[153.023257,-27.469817],[153.023257,-27.469817],[153.024482,-27.468866],[153.024928,-27.468522],[153.02524,-27.468279],[153.025348,-27.468195],[153.026039,-27.467655],[153.026039,-27.467655],[153.02617,-27.467553],[153.026226,-27.467508],[153.027009,-27.466899],[153.027153,-27.466786],[153.02786,-27.466239],[153.028473,-27.465765],[153.028691,-27.465599],[153.029545,-27.464934],[153.029914,-27.465317],[153.030318,-27.465719],[153.029811,-27.466095]]}},{"type":"Feature","properties":{"route":"M1","name":"Eight Mile Plains - City","category":"high_bus","route_type":"3","shape_id":"M10006"},"geometry":{"type":"LineString","coordinates":[[153.019191,-27.465981],[153.019361,-27.466015],[153.019855,-27.466111],[153.020457,-27.466187],[153.020793,-27.46626],[153.021026,-27.466368],[153.021589,-27.466695],[153.021722,-27.466752],[153.022326,-27.467011],[153.022336,-27.466999],[153.022348,-27.466988],[153.022359,-27.466979],[153.022371,-27.466973],[153.022382,-27.466967],[153.022397,-27.466964],[153.022416,-27.466962],[153.022435,-27.466964],[153.022453,-27.466967],[153.022471,-27.466976],[153.022484,-27.466986],[153.022495,-27.466997],[153.022505,-27.467012],[153.022511,-27.467025],[153.022514,-27.467036],[153.022514,-27.467049],[153.022513,-27.467059],[153.022511,-27.467072],[153.022507,-27.467085],[153.022501,-27.467096],[153.022719,-27.467224],[153.022923,-27.46743],[153.02311,-27.467672],[153.023211,-27.467756],[153.023548,-27.468037],[153.024193,-27.468648],[153.024193,-27.468648],[153.024351,-27.468798],[153.022576,-27.470176],[153.022396,-27.470496],[153.021938,-27.470851],[153.022619,-27.471454],[153.022706,-27.471565],[153.022656,-27.471595],[153.022574,-27.471633],[153.022404,-27.47166],[153.020147,-27.472834],[153.019898,-27.472972],[153.019451,-27.473241],[153.019109,-27.473425],[153.019109,-27.473425],[153.018618,-27.473688],[153.018267,-27.473948],[153.018187,-27.474007],[153.017743,-27.474261],[153.017709,-27.474317],[153.017705,-27.474358],[153.017709,-27.474403],[153.017755,-27.474482],[153.01797,-27.474792],[153.01843,-27.475382],[153.018768,-27.475857],[153.01906,-27.476268],[153.019975,-27.477558],[153.020076,-27.4777],[153.020223,-27.477989],[153.020391,-27.478318],[153.02108,-27.479342],[153.021272,-27.479626],[153.021325,-27.479719],[153.021817,-27.480572],[153.021892,-27.480681],[153.022149,-27.481056],[153.022149,-27.481056],[153.022222,-27.481161],[153.022385,-27.481401],[153.022425,-27.481495],[153.02249,-27.481651],[153.022645,-27.481933],[153.022797,-27.482127],[153.023018,-27.482277],[153.02336,-27.48247],[153.023665,-27.482614],[153.023935,-27.482694],[153.024295,-27.48279],[153.026479,-27.483209],[153.02683,-27.483415],[153.02719,-27.483752],[153.027855,-27.484345],[153.027998,-27.484396],[153.02817,-27.484432],[153.028378,-27.484472],[153.028378,-27.484472],[153.028621,-27.484517],[153.030593,-27.484816],[153.031078,-27.48488],[153.031463,-27.48497],[153.0318,-27.485074],[153.032027,-27.485159],[153.032242,-27.485261],[153.032367,-27.485375],[153.032463,-27.48549],[153.03256,-27.485628],[153.032609,-27.485794],[153.032557,-27.486273],[153.032546,-27.486607],[153.032597,-27.48695],[153.032772,-27.487412],[153.032933,-27.487815],[153.033019,-27.488061],[153.033118,-27.488409],[153.033296,-27.489308],[153.033557,-27.490279],[153.033813,-27.490948],[153.034023,-27.491343],[153.034355,-27.491771],[153.034413,-27.491846],[153.034814,-27.492219],[153.035378,-27.49266],[153.035906,-27.49306],[153.036094,-27.493206],[153.036466,-27.493565],[153.037273,-27.494506],[153.037925,-27.49535],[153.038361,-27.49597],[153.039215,-27.496956],[153.039277,-27.497026],[153.039468,-27.497249],[153.039468,-27.497249],[153.039502,-27.497287],[153.039534,-27.497324],[153.039736,-27.497545],[153.039898,-27.497872],[153.040124,-27.498508],[153.040175,-27.498822],[153.040226,-27.499246],[153.040276,-27.499744],[153.040275,-27.500597],[153.040224,-27.501078],[153.04017,-27.501331],[153.040104,-27.501629],[153.03995,-27.502274],[153.039656,-27.503845],[153.039534,-27.504494],[153.039275,-27.505876],[153.039088,-27.506722],[153.039021,-27.507108],[153.038988,-27.507431],[153.038984,-27.507827],[153.039019,-27.508188],[153.039082,-27.508543],[153.039169,-27.508873],[153.039267,-27.509143],[153.03962,-27.509868],[153.039768,-27.510126],[153.040107,-27.510717],[153.040332,-27.511108],[153.040332,-27.511108],[153.040391,-27.51121],[153.040665,-27.51169],[153.040993,-27.512316],[153.041139,-27.5125],[153.04126,-27.512656],[153.041662,-27.513104],[153.041781,-27.513208],[153.042078,-27.513467],[153.042391,-27.513688],[153.042954,-27.51401],[153.047694,-27.516339],[153.048964,-27.516988],[153.04988,-27.517594],[153.050619,-27.518225],[153.05119,-27.518804],[153.052155,-27.520024],[153.053321,-27.521394],[153.053953,-27.52214],[153.054059,-27.522273],[153.054636,-27.522993],[153.054942,-27.523367],[153.055326,-27.523837],[153.055795,-27.524542],[153.05605,-27.525002],[153.056079,-27.525055],[153.056261,-27.52544],[153.05642,-27.525997],[153.056528,-27.526282],[153.056796,-27.526908],[153.057165,-27.527713],[153.057335,-27.528296],[153.057445,-27.528753],[153.057445,-27.528753],[153.057465,-27.528835],[153.057534,-27.529294],[153.057567,-27.529866],[153.057581,-27.530373],[153.057668,-27.530886],[153.05838,-27.534187],[153.058466,-27.534585],[153.058505,-27.534785],[153.058621,-27.535384],[153.058796,-27.535921],[153.058944,-27.5363],[153.059201,-27.536951],[153.059278,-27.537149],[153.059425,-27.537698],[153.059533,-27.538509],[153.059653,-27.539154],[153.059935,-27.540203],[153.06031,-27.541193],[153.060645,-27.541873],[153.061329,-27.543042],[153.062025,-27.544044],[153.062842,-27.545041],[153.063231,-27.545473],[153.063571,-27.545817],[153.064191,-27.546411],[153.064615,-27.546768],[153.064615,-27.546768],[153.064637,-27.546787],[153.06496,-27.547059],[153.0654,-27.547487],[153.065594,-27.547774],[153.065668,-27.547884],[153.06595,-27.548457],[153.066127,-27.548792],[153.066495,-27.549353],[153.066793,-27.549706],[153.067186,-27.550171],[153.067812,-27.550912],[153.068442,-27.551658],[153.068629,-27.551879],[153.070156,-27.553752],[153.07321,-27.557353],[153.074472,-27.558819],[153.074617,-27.558987],[153.075426,-27.55976],[153.076841,-27.561085],[153.078435,-27.562349],[153.079493,-27.563029],[153.080495,-27.563532],[153.080978,-27.563794],[153.081259,-27.56398],[153.081342,-27.564035],[153.081709,-27.564279],[153.081709,-27.564279],[153.081748,-27.564305],[153.08178,-27.564327],[153.082664,-27.565188],[153.083846,-27.565946],[153.08592,-27.567295],[153.08668,-27.567746],[153.087605,-27.568173],[153.08914,-27.568803],[153.090274,-27.569429],[153.0914,-27.570227],[153.09256,-27.570904],[153.095729,-27.572668],[153.096119,-27.572917],[153.096419,-27.573109],[153.098728,-27.574589],[153.099544,-27.575197],[153.1,-27.575685],[153.100882,-27.577056],[153.101219,-27.577542],[153.101449,-27.577873],[153.101819,-27.578405],[153.102022,-27.578753]]}},{"type":"Feature","properties":{"route":"M1","name":"Eight Mile Plains - City","category":"high_bus","route_type":"3","shape_id":"M10007"},"geometry":{"type":"LineString","coordinates":[[153.101836,-27.578436],[153.101819,-27.578405],[153.101449,-27.577873],[153.101219,-27.577542],[153.100882,-27.577056],[153.1,-27.575685],[153.099544,-27.575197],[153.098728,-27.574589],[153.096419,-27.573109],[153.096119,-27.572917],[153.095729,-27.572668],[153.09256,-27.570904],[153.0914,-27.570227],[153.090274,-27.569429],[153.08914,-27.568803],[153.087605,-27.568173],[153.08668,-27.567746],[153.08592,-27.567295],[153.083846,-27.565946],[153.082664,-27.565188],[153.08178,-27.564327],[153.081748,-27.564305],[153.081342,-27.564035],[153.081304,-27.56401],[153.081304,-27.56401],[153.081259,-27.56398],[153.080978,-27.563794],[153.080495,-27.563532],[153.079493,-27.563029],[153.078435,-27.562349],[153.076841,-27.561085],[153.075426,-27.55976],[153.074617,-27.558987],[153.074472,-27.558819],[153.07321,-27.557353],[153.070156,-27.553752],[153.068629,-27.551879],[153.068442,-27.551658],[153.067812,-27.550912],[153.067186,-27.550171],[153.066793,-27.549706],[153.066495,-27.549353],[153.066127,-27.548792],[153.06595,-27.548457],[153.065668,-27.547884],[153.065594,-27.547774],[153.0654,-27.547487],[153.06496,-27.547059],[153.064637,-27.546787],[153.064302,-27.546504],[153.064302,-27.546504],[153.064191,-27.546411],[153.063571,-27.545817],[153.063231,-27.545473],[153.062842,-27.545041],[153.062025,-27.544044],[153.061329,-27.543042],[153.060645,-27.541873],[153.06031,-27.541193],[153.059935,-27.540203],[153.059653,-27.539154],[153.059533,-27.538509],[153.059425,-27.537698],[153.059278,-27.537149],[153.059201,-27.536951],[153.058944,-27.5363],[153.058796,-27.535921],[153.058621,-27.535384],[153.058505,-27.534785],[153.058466,-27.534585],[153.05838,-27.534187],[153.057668,-27.530886],[153.057581,-27.530373],[153.057567,-27.529866],[153.057534,-27.529294],[153.057465,-27.528835],[153.057343,-27.528329],[153.057343,-27.528329],[153.057335,-27.528296],[153.057165,-27.527713],[153.056796,-27.526908],[153.056528,-27.526282],[153.05642,-27.525997],[153.056261,-27.52544],[153.056079,-27.525055],[153.05605,-27.525002],[153.055795,-27.524542],[153.055326,-27.523837],[153.054942,-27.523367],[153.054636,-27.522993],[153.054059,-27.522273],[153.053953,-27.52214],[153.053321,-27.521394],[153.052155,-27.520024],[153.05119,-27.518804],[153.050619,-27.518225],[153.04988,-27.517594],[153.048964,-27.516988],[153.047694,-27.516339],[153.042954,-27.51401],[153.042391,-27.513688],[153.042078,-27.513467],[153.041781,-27.513208],[153.041662,-27.513104],[153.04126,-27.512656],[153.041139,-27.5125],[153.040993,-27.512316],[153.040665,-27.51169],[153.040391,-27.51121],[153.040134,-27.510764],[153.040134,-27.510764],[153.040107,-27.510717],[153.039768,-27.510126],[153.03962,-27.509868],[153.039267,-27.509143],[153.039169,-27.508873],[153.039082,-27.508543],[153.039019,-27.508188],[153.038984,-27.507827],[153.038988,-27.507431],[153.039021,-27.507108],[153.039088,-27.506722],[153.039275,-27.505876],[153.039534,-27.504494],[153.039656,-27.503845],[153.03995,-27.502274],[153.040104,-27.501629],[153.04017,-27.501331],[153.040224,-27.501078],[153.040275,-27.500597],[153.040276,-27.499744],[153.040226,-27.499246],[153.040175,-27.498822],[153.040124,-27.498508],[153.039898,-27.497872],[153.039736,-27.497545],[153.039534,-27.497324],[153.039502,-27.497287],[153.039277,-27.497026],[153.039241,-27.496984],[153.039241,-27.496984],[153.039215,-27.496956],[153.038361,-27.49597],[153.037925,-27.49535],[153.037273,-27.494506],[153.036466,-27.493565],[153.036094,-27.493206],[153.035906,-27.49306],[153.035378,-27.49266],[153.034814,-27.492219],[153.034413,-27.491846],[153.034355,-27.491771],[153.034023,-27.491343],[153.033813,-27.490948],[153.033557,-27.490279],[153.033296,-27.489308],[153.033118,-27.488409],[153.033019,-27.488061],[153.032933,-27.487815],[153.032772,-27.487412],[153.032597,-27.48695],[153.032546,-27.486607],[153.032557,-27.486273],[153.032609,-27.485794],[153.03256,-27.485628],[153.032463,-27.48549],[153.032367,-27.485375],[153.032242,-27.485261],[153.032027,-27.485159],[153.0318,-27.485074],[153.031463,-27.48497],[153.031078,-27.48488],[153.030593,-27.484816],[153.028621,-27.484517],[153.028229,-27.484443],[153.028229,-27.484443],[153.02817,-27.484432],[153.027998,-27.484396],[153.027855,-27.484345],[153.02719,-27.483752],[153.02683,-27.483415],[153.026479,-27.483209],[153.024295,-27.48279],[153.023935,-27.482694],[153.023665,-27.482614],[153.02336,-27.48247],[153.023018,-27.482277],[153.022797,-27.482127],[153.022645,-27.481933],[153.02249,-27.481651],[153.022425,-27.481495],[153.022385,-27.481401],[153.022222,-27.481161],[153.021896,-27.480687],[153.021896,-27.480687],[153.021892,-27.480681],[153.021817,-27.480572],[153.021325,-27.479719],[153.021272,-27.479626],[153.02108,-27.479342],[153.020391,-27.478318],[153.020223,-27.477989],[153.020076,-27.4777],[153.019975,-27.477558],[153.01906,-27.476268],[153.018768,-27.475857],[153.01843,-27.475382],[153.01797,-27.474792],[153.017755,-27.474482],[153.017709,-27.474403],[153.017705,-27.474358],[153.017709,-27.474317],[153.017743,-27.474261],[153.018187,-27.474007],[153.018267,-27.473948],[153.018618,-27.473688],[153.019429,-27.473252],[153.019429,-27.473252],[153.019451,-27.473241],[153.019898,-27.472972],[153.020147,-27.472834],[153.022404,-27.47166],[153.022574,-27.471633],[153.022598,-27.471616],[153.022614,-27.471595],[153.022616,-27.471586],[153.022611,-27.471568],[153.021906,-27.470898],[153.021901,-27.470888],[153.021904,-27.47088],[153.021938,-27.470851],[153.022396,-27.470496],[153.022576,-27.470176],[153.024351,-27.468798],[153.023673,-27.468154],[153.023673,-27.468154],[153.023548,-27.468037],[153.023211,-27.467756],[153.02311,-27.467672],[153.022923,-27.46743],[153.022719,-27.467224],[153.022501,-27.467096],[153.02249,-27.467107],[153.02248,-27.467116],[153.022468,-27.467124],[153.022453,-27.467131],[153.022438,-27.467134],[153.022423,-27.467137],[153.02241,-27.467137],[153.022387,-27.467135],[153.022374,-27.467131],[153.022361,-27.467125],[153.022351,-27.467117],[153.022342,-27.467107],[153.022332,-27.467094],[153.022324,-27.46708],[153.022319,-27.467066],[153.022318,-27.46705],[153.022319,-27.467033],[153.022322,-27.467022],[153.022326,-27.467011],[153.021722,-27.466752],[153.021589,-27.466695],[153.021026,-27.466368],[153.020793,-27.46626],[153.020457,-27.466187],[153.019855,-27.466111],[153.019461,-27.466034]]}},{"type":"Feature","properties":{"route":"M2","name":"RBWH - UQ Lakes via City","category":"high_bus","route_type":"3","shape_id":"M20011"},"geometry":{"type":"LineString","coordinates":[[153.02915,-27.447385],[153.029139,-27.447449],[153.028726,-27.449795],[153.028578,-27.450115],[153.028416,-27.450322],[153.028253,-27.450472],[153.027912,-27.450632],[153.027703,-27.450697],[153.027343,-27.45076],[153.027053,-27.450779],[153.026827,-27.450766],[153.026637,-27.450729],[153.026446,-27.450635],[153.02634,-27.450553],[153.026275,-27.450448],[153.026183,-27.450149],[153.026124,-27.450044],[153.026044,-27.449972],[153.025905,-27.4499],[153.025678,-27.449887],[153.025398,-27.449856],[153.02515,-27.449829],[153.024922,-27.449799],[153.024922,-27.449799],[153.024522,-27.449748],[153.024294,-27.449718],[153.023854,-27.449639],[153.023078,-27.449424],[153.022566,-27.449313],[153.022068,-27.449261],[153.021599,-27.449281],[153.021138,-27.44932],[153.020537,-27.449464],[153.019974,-27.449581],[153.0196,-27.449679],[153.019234,-27.449843],[153.018934,-27.450058],[153.018685,-27.450307],[153.018502,-27.450581],[153.018385,-27.450842],[153.018326,-27.45111],[153.018316,-27.451165],[153.018268,-27.451417],[153.018236,-27.451615],[153.018105,-27.452419],[153.018105,-27.452419],[153.018101,-27.452438],[153.017997,-27.45307],[153.017931,-27.453494],[153.017924,-27.453913],[153.017939,-27.454246],[153.017961,-27.454448],[153.018056,-27.454905],[153.018387,-27.456297],[153.018444,-27.456597],[153.018444,-27.4568],[153.018386,-27.456989],[153.018247,-27.457185],[153.018093,-27.457336],[153.017837,-27.45746],[153.017588,-27.457492],[153.017324,-27.457512],[153.017075,-27.457558],[153.016746,-27.457643],[153.016489,-27.457747],[153.016174,-27.457911],[153.016021,-27.457981],[153.015855,-27.458122],[153.015705,-27.458265],[153.015367,-27.458632],[153.015308,-27.458699],[153.015165,-27.458863],[153.014987,-27.459067],[153.014987,-27.459067],[153.01497,-27.459087],[153.014905,-27.459163],[153.01486,-27.459252],[153.01483,-27.459345],[153.014804,-27.459468],[153.014794,-27.459606],[153.014792,-27.459754],[153.014827,-27.460093],[153.014923,-27.460537],[153.015062,-27.461007],[153.015186,-27.461334],[153.015267,-27.461562],[153.015604,-27.462622],[153.015678,-27.462924],[153.015712,-27.463145],[153.015794,-27.463611],[153.015817,-27.463742],[153.015974,-27.464605],[153.016073,-27.465057],[153.016325,-27.465627],[153.016427,-27.465725],[153.016492,-27.465751],[153.016617,-27.465762],[153.016751,-27.465762],[153.01691,-27.465665],[153.016967,-27.465577],[153.017024,-27.465466],[153.017893,-27.465674],[153.018203,-27.465753],[153.01883,-27.465911],[153.019103,-27.465964],[153.019191,-27.465981],[153.019191,-27.465981],[153.019361,-27.466015],[153.019855,-27.466111],[153.020457,-27.466187],[153.020793,-27.46626],[153.021026,-27.466368],[153.021589,-27.466695],[153.021722,-27.466752],[153.022326,-27.467011],[153.022336,-27.466999],[153.022348,-27.466988],[153.022359,-27.466979],[153.022371,-27.466973],[153.022382,-27.466967],[153.022397,-27.466964],[153.022416,-27.466962],[153.022435,-27.466964],[153.022453,-27.466967],[153.022471,-27.466976],[153.022484,-27.466986],[153.022495,-27.466997],[153.022505,-27.467012],[153.022511,-27.467025],[153.022514,-27.467036],[153.022514,-27.467049],[153.022513,-27.467059],[153.022511,-27.467072],[153.022507,-27.467085],[153.022501,-27.467096],[153.022719,-27.467224],[153.022923,-27.46743],[153.02311,-27.467672],[153.023211,-27.467756],[153.023548,-27.468037],[153.024193,-27.468648],[153.024193,-27.468648],[153.024351,-27.468798],[153.022576,-27.470176],[153.022396,-27.470496],[153.021938,-27.470851],[153.022619,-27.471454],[153.022706,-27.471565],[153.022656,-27.471595],[153.022574,-27.471633],[153.022404,-27.47166],[153.020147,-27.472834],[153.019898,-27.472972],[153.019451,-27.473241],[153.019109,-27.473425],[153.019122,-27.473417],[153.018618,-27.473688],[153.018267,-27.473948],[153.018187,-27.474007],[153.017743,-27.474261],[153.017709,-27.474317],[153.017705,-27.474358],[153.017709,-27.474403],[153.017755,-27.474482],[153.01797,-27.474792],[153.01843,-27.475382],[153.018768,-27.475857],[153.01906,-27.476268],[153.019975,-27.477558],[153.020076,-27.4777],[153.020223,-27.477989],[153.020391,-27.478318],[153.02108,-27.479342],[153.021272,-27.479626],[153.021325,-27.479719],[153.021817,-27.480572],[153.021892,-27.480681],[153.022149,-27.481056],[153.022149,-27.481056],[153.022222,-27.481161],[153.022385,-27.481401],[153.022425,-27.481495],[153.02249,-27.481651],[153.022645,-27.481933],[153.022797,-27.482127],[153.023018,-27.482277],[153.02336,-27.48247],[153.023665,-27.482614],[153.023935,-27.482694],[153.024295,-27.48279],[153.026479,-27.483209],[153.02683,-27.483415],[153.02719,-27.483752],[153.027855,-27.484345],[153.027998,-27.484396],[153.02817,-27.484432],[153.028378,-27.484472],[153.028378,-27.484472],[153.028621,-27.484517],[153.030593,-27.484816],[153.031078,-27.48488],[153.031463,-27.48497],[153.0318,-27.485074],[153.032027,-27.485159],[153.032242,-27.485261],[153.032367,-27.485375],[153.032463,-27.48549],[153.03256,-27.485628],[153.032609,-27.485794],[153.032557,-27.486273],[153.032546,-27.486607],[153.032597,-27.48695],[153.032772,-27.487412],[153.032933,-27.487815],[153.033019,-27.488061],[153.033118,-27.488409],[153.033296,-27.489308],[153.033557,-27.490279],[153.033813,-27.490948],[153.034023,-27.491343],[153.034355,-27.491771],[153.034413,-27.491846],[153.034814,-27.492219],[153.035378,-27.49266],[153.035906,-27.49306],[153.036094,-27.493206],[153.036466,-27.493565],[153.037273,-27.494506],[153.037925,-27.49535],[153.037816,-27.495464],[153.037666,-27.495598],[153.036904,-27.496579],[153.036641,-27.496746],[153.036392,-27.496832],[153.036141,-27.496824],[153.035579,-27.496738],[153.035337,-27.496724],[153.035244,-27.496727],[153.035191,-27.496732],[153.035023,-27.496764],[153.034838,-27.496802],[153.034649,-27.496831],[153.034507,-27.496847],[153.034317,-27.49683],[153.033615,-27.496731],[153.033615,-27.496731],[153.033561,-27.496724],[153.032415,-27.496559],[153.032266,-27.496531],[153.032126,-27.496494],[153.031912,-27.496427],[153.03185,-27.496402],[153.031631,-27.496297],[153.031482,-27.496115],[153.031432,-27.496028],[153.031356,-27.495864],[153.031304,-27.495738],[153.031258,-27.495409],[153.031241,-27.495035],[153.031173,-27.49478],[153.031095,-27.494594],[153.03101,-27.494461],[153.030898,-27.49433],[153.030776,-27.494234],[153.030654,-27.494153],[153.030251,-27.493884],[153.03024,-27.493876],[153.030099,-27.493782],[153.029939,-27.493676],[153.029783,-27.493627],[153.029586,-27.493616],[153.029482,-27.493635],[153.029411,-27.493647],[153.029286,-27.493711],[153.029205,-27.493809],[153.029135,-27.494167],[153.028952,-27.494613],[153.02879,-27.494915],[153.028416,-27.495481],[153.028015,-27.495978],[153.027414,-27.496588],[153.026536,-27.497203],[153.025295,-27.497908],[153.02519,-27.497955],[153.024981,-27.498019],[153.024843,-27.498042],[153.024799,-27.498047],[153.024689,-27.49805],[153.024542,-27.498042],[153.024366,-27.49801],[153.024279,-27.497989],[153.023891,-27.497927],[153.023638,-27.49791],[153.019162,-27.497668],[153.018998,-27.497667],[153.018839,-27.497686],[153.018678,-27.497728],[153.018557,-27.497769],[153.018461,-27.497842],[153.018407,-27.497874],[153.018341,-27.497926],[153.018289,-27.497957],[153.018257,-27.497978],[153.018215,-27.497997],[153.018161,-27.498022],[153.018079,-27.498017]]}},{"type":"Feature","properties":{"route":"M2","name":"RBWH - UQ Lakes via City","category":"high_bus","route_type":"3","shape_id":"M20012"},"geometry":{"type":"LineString","coordinates":[[153.018231,-27.497783],[153.018265,-27.497786],[153.018379,-27.497799],[153.018459,-27.497787],[153.018557,-27.497769],[153.018678,-27.497728],[153.018839,-27.497686],[153.018998,-27.497667],[153.019162,-27.497668],[153.023638,-27.49791],[153.023891,-27.497927],[153.024279,-27.497989],[153.024366,-27.49801],[153.024542,-27.498042],[153.024689,-27.49805],[153.024799,-27.498047],[153.024843,-27.498042],[153.024981,-27.498019],[153.02519,-27.497955],[153.025295,-27.497908],[153.026536,-27.497203],[153.027414,-27.496588],[153.028015,-27.495978],[153.028416,-27.495481],[153.02879,-27.494915],[153.028952,-27.494613],[153.029135,-27.494167],[153.029205,-27.493809],[153.029286,-27.493711],[153.029411,-27.493647],[153.029482,-27.493635],[153.029586,-27.493616],[153.029783,-27.493627],[153.029939,-27.493676],[153.030099,-27.493782],[153.030564,-27.494092],[153.030551,-27.494084],[153.030654,-27.494153],[153.030776,-27.494234],[153.030898,-27.49433],[153.03101,-27.494461],[153.031095,-27.494594],[153.031173,-27.49478],[153.031241,-27.495035],[153.031258,-27.495409],[153.031304,-27.495738],[153.031356,-27.495864],[153.031432,-27.496028],[153.031482,-27.496115],[153.031631,-27.496297],[153.03185,-27.496402],[153.031912,-27.496427],[153.032126,-27.496494],[153.032266,-27.496531],[153.032415,-27.496559],[153.033561,-27.496724],[153.034188,-27.496812],[153.034188,-27.496812],[153.034317,-27.49683],[153.034507,-27.496847],[153.034649,-27.496831],[153.034838,-27.496802],[153.035023,-27.496764],[153.035191,-27.496732],[153.035244,-27.496727],[153.035337,-27.496724],[153.035579,-27.496738],[153.036141,-27.496824],[153.036392,-27.496832],[153.036641,-27.496746],[153.036904,-27.496579],[153.037666,-27.495598],[153.037816,-27.495464],[153.037925,-27.49535],[153.037273,-27.494506],[153.036466,-27.493565],[153.036094,-27.493206],[153.035906,-27.49306],[153.035378,-27.49266],[153.034814,-27.492219],[153.034413,-27.491846],[153.034355,-27.491771],[153.034023,-27.491343],[153.033813,-27.490948],[153.033557,-27.490279],[153.033296,-27.489308],[153.033118,-27.488409],[153.033019,-27.488061],[153.032933,-27.487815],[153.032772,-27.487412],[153.032597,-27.48695],[153.032546,-27.486607],[153.032557,-27.486273],[153.032609,-27.485794],[153.03256,-27.485628],[153.032463,-27.48549],[153.032367,-27.485375],[153.032242,-27.485261],[153.032027,-27.485159],[153.0318,-27.485074],[153.031463,-27.48497],[153.031078,-27.48488],[153.030593,-27.484816],[153.028621,-27.484517],[153.028229,-27.484443],[153.028229,-27.484443],[153.02817,-27.484432],[153.027998,-27.484396],[153.027855,-27.484345],[153.02719,-27.483752],[153.02683,-27.483415],[153.026479,-27.483209],[153.024295,-27.48279],[153.023935,-27.482694],[153.023665,-27.482614],[153.02336,-27.48247],[153.023018,-27.482277],[153.022797,-27.482127],[153.022645,-27.481933],[153.02249,-27.481651],[153.022425,-27.481495],[153.022385,-27.481401],[153.022222,-27.481161],[153.021896,-27.480687],[153.021896,-27.480687],[153.021892,-27.480681],[153.021817,-27.480572],[153.021325,-27.479719],[153.021272,-27.479626],[153.02108,-27.479342],[153.020391,-27.478318],[153.020223,-27.477989],[153.020076,-27.4777],[153.019975,-27.477558],[153.01906,-27.476268],[153.018768,-27.475857],[153.01843,-27.475382],[153.01797,-27.474792],[153.017755,-27.474482],[153.017709,-27.474403],[153.017705,-27.474358],[153.017709,-27.474317],[153.017743,-27.474261],[153.018187,-27.474007],[153.018267,-27.473948],[153.018618,-27.473688],[153.019442,-27.473244],[153.019429,-27.473252],[153.019451,-27.473241],[153.019898,-27.472972],[153.020147,-27.472834],[153.022404,-27.47166],[153.022574,-27.471633],[153.022598,-27.471616],[153.022614,-27.471595],[153.022616,-27.471586],[153.022611,-27.471568],[153.021906,-27.470898],[153.021901,-27.470888],[153.021904,-27.47088],[153.021938,-27.470851],[153.022396,-27.470496],[153.022576,-27.470176],[153.024351,-27.468798],[153.023673,-27.468154],[153.023673,-27.468154],[153.023548,-27.468037],[153.023211,-27.467756],[153.02311,-27.467672],[153.022923,-27.46743],[153.022719,-27.467224],[153.022501,-27.467096],[153.02249,-27.467107],[153.02248,-27.467116],[153.022468,-27.467124],[153.022453,-27.467131],[153.022438,-27.467134],[153.022423,-27.467137],[153.02241,-27.467137],[153.022387,-27.467135],[153.022374,-27.467131],[153.022361,-27.467125],[153.022351,-27.467117],[153.022342,-27.467107],[153.022332,-27.467094],[153.022324,-27.46708],[153.022319,-27.467066],[153.022318,-27.46705],[153.022319,-27.467033],[153.022322,-27.467022],[153.022326,-27.467011],[153.021722,-27.466752],[153.021589,-27.466695],[153.021026,-27.466368],[153.020793,-27.46626],[153.020457,-27.466187],[153.019855,-27.466111],[153.019389,-27.46602],[153.019389,-27.46602],[153.019388,-27.46602],[153.019361,-27.466015],[153.019103,-27.465964],[153.01883,-27.465911],[153.018203,-27.465753],[153.017893,-27.465674],[153.017024,-27.465466],[153.016967,-27.465577],[153.01691,-27.465665],[153.016751,-27.465762],[153.016617,-27.465762],[153.016492,-27.465751],[153.016427,-27.465725],[153.016325,-27.465627],[153.016073,-27.465057],[153.015974,-27.464605],[153.015817,-27.463742],[153.015794,-27.463611],[153.015712,-27.463145],[153.015678,-27.462924],[153.015604,-27.462622],[153.015267,-27.461562],[153.015186,-27.461334],[153.015062,-27.461007],[153.014923,-27.460537],[153.014827,-27.460093],[153.014792,-27.459754],[153.014794,-27.459606],[153.014804,-27.459468],[153.01483,-27.459345],[153.01486,-27.459252],[153.014905,-27.459163],[153.01497,-27.459087],[153.015142,-27.458888],[153.015142,-27.458888],[153.015165,-27.458863],[153.015308,-27.458699],[153.015367,-27.458632],[153.015705,-27.458265],[153.015855,-27.458122],[153.016021,-27.457981],[153.016174,-27.457911],[153.016489,-27.457747],[153.016746,-27.457643],[153.017075,-27.457558],[153.017324,-27.457512],[153.017588,-27.457492],[153.017837,-27.45746],[153.018093,-27.457336],[153.018247,-27.457185],[153.018386,-27.456989],[153.018444,-27.4568],[153.018444,-27.456597],[153.018387,-27.456297],[153.018056,-27.454905],[153.017961,-27.454448],[153.017939,-27.454246],[153.017924,-27.453913],[153.017931,-27.453494],[153.017997,-27.45307],[153.018101,-27.452438],[153.018195,-27.45187],[153.018195,-27.45187],[153.018236,-27.451615],[153.018268,-27.451417],[153.018316,-27.451165],[153.018326,-27.45111],[153.018385,-27.450842],[153.018502,-27.450581],[153.018685,-27.450307],[153.018934,-27.450058],[153.019234,-27.449843],[153.0196,-27.449679],[153.019974,-27.449581],[153.020537,-27.449464],[153.021138,-27.44932],[153.021599,-27.449281],[153.022068,-27.449261],[153.022566,-27.449313],[153.023078,-27.449424],[153.023854,-27.449639],[153.024294,-27.449718],[153.024522,-27.449748],[153.02515,-27.449829],[153.025322,-27.449848],[153.025322,-27.449848],[153.025398,-27.449856],[153.025678,-27.449887],[153.025905,-27.4499],[153.026044,-27.449972],[153.026124,-27.450044],[153.026183,-27.450149],[153.026275,-27.450448],[153.02634,-27.450553],[153.026446,-27.450635],[153.026637,-27.450729],[153.026827,-27.450766],[153.027053,-27.450779],[153.027343,-27.45076],[153.027703,-27.450697],[153.027912,-27.450632],[153.028253,-27.450472],[153.028416,-27.450322],[153.028578,-27.450115],[153.028726,-27.449795],[153.029139,-27.447449],[153.029218,-27.447002]]}}]}