{"type":"FeatureCollection","features":[{"type":"Feature","properties":{"route":"19","name":"Rocklea - PA Hospital StationLink","category":"intermediate_bus","route_type":"3","shape_id":"190013"},"geometry":{"type":"LineString","coordinates":[[153.033615,-27.496731],[153.033561,-27.496724],[153.032415,-27.496559],[153.032266,-27.496531],[153.032126,-27.496494],[153.031912,-27.496427],[153.03185,-27.496402],[153.031631,-27.496297],[153.031482,-27.496115],[153.031432,-27.496028],[153.031356,-27.495864],[153.031304,-27.495738],[153.031258,-27.495409],[153.031241,-27.495035],[153.031173,-27.49478],[153.031095,-27.494594],[153.03101,-27.494461],[153.030898,-27.49433],[153.030776,-27.494234],[153.030654,-27.494153],[153.030251,-27.493884],[153.030251,-27.493884],[153.030099,-27.493782],[153.029939,-27.493676],[153.029783,-27.493627],[153.029586,-27.493616],[153.029482,-27.493635],[153.029411,-27.493647],[153.029286,-27.493711],[153.029205,-27.493809],[153.029135,-27.494167],[153.028952,-27.494613],[153.02879,-27.494915],[153.028416,-27.495481],[153.028015,-27.495978],[153.027414,-27.496588],[153.026536,-27.497203],[153.025295,-27.497908],[153.025363,-27.498035],[153.025426,-27.498088],[153.025507,-27.498102],[153.025594,-27.498082],[153.025676,-27.498005],[153.025769,-27.497858],[153.025876,-27.497761],[153.025975,-27.497691],[153.026147,-27.497636],[153.026269,-27.497611],[153.026401,-27.497601],[153.02677,-27.497601],[153.02704,-27.497624],[153.027261,-27.497549],[153.027359,-27.497605],[153.027476,-27.497724],[153.027559,-27.497893],[153.027724,-27.498237],[153.027809,-27.498479],[153.027809,-27.498479],[153.02795,-27.498878],[153.028195,-27.499355],[153.028249,-27.499527],[153.028385,-27.499736],[153.028423,-27.499817],[153.02843,-27.499908],[153.028398,-27.500085],[153.02835,-27.500198],[153.028265,-27.500437],[153.028265,-27.500437],[153.028212,-27.500583],[153.028058,-27.501059],[153.027953,-27.501329],[153.02776,-27.501602],[153.027406,-27.502003],[153.027194,-27.502242],[153.027008,-27.502456],[153.027008,-27.502456],[153.026698,-27.502812],[153.025888,-27.503734],[153.025753,-27.503958],[153.025664,-27.504158],[153.025505,-27.504741],[153.025341,-27.505563],[153.025341,-27.505563],[153.025257,-27.505988],[153.024933,-27.507802],[153.024933,-27.507802],[153.024887,-27.508059],[153.024762,-27.508389],[153.024617,-27.508649],[153.024407,-27.508968],[153.024243,-27.509114],[153.023834,-27.509476],[153.023834,-27.509476],[153.023542,-27.509735],[153.02263,-27.510563],[153.022383,-27.511095],[153.022289,-27.511392],[153.022243,-27.51165],[153.022156,-27.511885],[153.022039,-27.512101],[153.021972,-27.512235],[153.021919,-27.512412],[153.021928,-27.512421],[153.021948,-27.512451],[153.021961,-27.512485],[153.021965,-27.512521],[153.021962,-27.512545],[153.021961,-27.512557],[153.021948,-27.512591],[153.021928,-27.512621],[153.021901,-27.512648],[153.021868,-27.512669],[153.021832,-27.512684],[153.021792,-27.512691],[153.021774,-27.512691],[153.021762,-27.512744],[153.021734,-27.512803],[153.021651,-27.51287],[153.020797,-27.513521],[153.020617,-27.513651],[153.020298,-27.515077],[153.019879,-27.517366],[153.01981,-27.517721],[153.01981,-27.517721],[153.019721,-27.518183],[153.01954,-27.519138],[153.019357,-27.520127],[153.019178,-27.521119],[153.018913,-27.522592],[153.018682,-27.523853],[153.017674,-27.523704],[153.017336,-27.525529],[153.016339,-27.525381],[153.014623,-27.525126],[153.014623,-27.525126],[153.014332,-27.525082],[153.014262,-27.525267],[153.014059,-27.52587],[153.013664,-27.527696],[153.013654,-27.527806],[153.013683,-27.527909],[153.013777,-27.528021],[153.013873,-27.528075],[153.013987,-27.528101],[153.01668,-27.528507],[153.017321,-27.528956],[153.018579,-27.529624],[153.018719,-27.529734],[153.018836,-27.529814],[153.018189,-27.530612],[153.017545,-27.531385],[153.016969,-27.532147],[153.016353,-27.532948],[153.015541,-27.534058],[153.015541,-27.534058],[153.015283,-27.53441],[153.015079,-27.534756],[153.014765,-27.53522],[153.014349,-27.535961],[153.014207,-27.536642],[153.014207,-27.536642],[153.013942,-27.537912],[153.013615,-27.539362],[153.013434,-27.540704],[153.013406,-27.541042],[153.013371,-27.541352],[153.013333,-27.541561],[153.013298,-27.541617],[153.013234,-27.541659],[153.013155,-27.541679],[153.012923,-27.541617],[153.012671,-27.541566],[153.012014,-27.541539],[153.011886,-27.54162],[153.011686,-27.541803],[153.011702,-27.542012],[153.011715,-27.542107],[153.011762,-27.542277],[153.011864,-27.542482],[153.011959,-27.542699],[153.012029,-27.542829],[153.012102,-27.543018],[153.012158,-27.54322],[153.012186,-27.543237],[153.012258,-27.543369],[153.012293,-27.543515],[153.012289,-27.5437],[153.012165,-27.54392],[153.012041,-27.5441],[153.011947,-27.544208],[153.011779,-27.54437],[153.011563,-27.544567],[153.011697,-27.544605],[153.01346,-27.544841]]}},{"type":"Feature","properties":{"route":"19","name":"Rocklea - PA Hospital StationLink","category":"intermediate_bus","route_type":"3","shape_id":"190015"},"geometry":{"type":"LineString","coordinates":[[153.01346,-27.544841],[153.013542,-27.544903],[153.013697,-27.545022],[153.013593,-27.545559],[153.013551,-27.545748],[153.011111,-27.545338],[153.010925,-27.545257],[153.010636,-27.545804],[153.01045,-27.546307],[153.009801,-27.546225],[153.009877,-27.545743],[153.009963,-27.545419],[153.010081,-27.545098],[153.010322,-27.544624],[153.010535,-27.544286],[153.010704,-27.544052],[153.010774,-27.543976],[153.010857,-27.543942],[153.011244,-27.542818],[153.01146,-27.541998],[153.011597,-27.541445],[153.011615,-27.541364],[153.011719,-27.541397],[153.011847,-27.541428],[153.012067,-27.541463],[153.012315,-27.541471],[153.012439,-27.54142],[153.012573,-27.541341],[153.012668,-27.541259],[153.012698,-27.541152],[153.013132,-27.54014],[153.013294,-27.539763],[153.013418,-27.539424],[153.01352,-27.538962],[153.013647,-27.538255],[153.013714,-27.537976],[153.013786,-27.537885],[153.0142,-27.535918],[153.014243,-27.535841],[153.014633,-27.535161],[153.01494,-27.534688],[153.015149,-27.534345],[153.015154,-27.534338],[153.015154,-27.534338],[153.016219,-27.532867],[153.016834,-27.532091],[153.017392,-27.531327],[153.018034,-27.530555],[153.018719,-27.529734],[153.018579,-27.529624],[153.017321,-27.528956],[153.01668,-27.528507],[153.013987,-27.528101],[153.013873,-27.528075],[153.013777,-27.528021],[153.013683,-27.527909],[153.013654,-27.527806],[153.013664,-27.527696],[153.014059,-27.52587],[153.014262,-27.525267],[153.014332,-27.525082],[153.01488,-27.525164],[153.01488,-27.525164],[153.016339,-27.525381],[153.017336,-27.525529],[153.017674,-27.523704],[153.018682,-27.523853],[153.018913,-27.522592],[153.019178,-27.521119],[153.019357,-27.520127],[153.01954,-27.519138],[153.019721,-27.518183],[153.019827,-27.517633],[153.019827,-27.517633],[153.019879,-27.517366],[153.020298,-27.515077],[153.020617,-27.513651],[153.020797,-27.513521],[153.021651,-27.51287],[153.021734,-27.512803],[153.021762,-27.512744],[153.021774,-27.512691],[153.021752,-27.512691],[153.021709,-27.512683],[153.021677,-27.512669],[153.021643,-27.512648],[153.021616,-27.512621],[153.021599,-27.512594],[153.021583,-27.512557],[153.021579,-27.512521],[153.021582,-27.512491],[153.021583,-27.512485],[153.021596,-27.512451],[153.021616,-27.512421],[153.021643,-27.512394],[153.021676,-27.512373],[153.021712,-27.512358],[153.021752,-27.512351],[153.021773,-27.512351],[153.02194,-27.51207],[153.022032,-27.511853],[153.02209,-27.511634],[153.02213,-27.511365],[153.022222,-27.511066],[153.022483,-27.51051],[153.022498,-27.510477],[153.023149,-27.509905],[153.023149,-27.509905],[153.023371,-27.50971],[153.023994,-27.509179],[153.024085,-27.50906],[153.024166,-27.508901],[153.024248,-27.508827],[153.024258,-27.508729],[153.024298,-27.50853],[153.024297,-27.508041],[153.0243,-27.507937],[153.024294,-27.50782],[153.024291,-27.507591],[153.024291,-27.507591],[153.024267,-27.506047],[153.024281,-27.505844],[153.024305,-27.505692],[153.02438,-27.5053],[153.02438,-27.5053],[153.024425,-27.505073],[153.024534,-27.504736],[153.024854,-27.504238],[153.025059,-27.504009],[153.025632,-27.503544],[153.025793,-27.503318],[153.025874,-27.503146],[153.026025,-27.502518],[153.026025,-27.502518],[153.026146,-27.502009],[153.026343,-27.500963],[153.026343,-27.500963],[153.026372,-27.500807],[153.026501,-27.500132],[153.026536,-27.500012],[153.02657,-27.49996],[153.026619,-27.499927],[153.026686,-27.499881],[153.02678,-27.49984],[153.026852,-27.499829],[153.027925,-27.499995],[153.028072,-27.499987],[153.028182,-27.499953],[153.028226,-27.49991],[153.028268,-27.499848],[153.0283,-27.49973],[153.028096,-27.49942],[153.027954,-27.499193],[153.027829,-27.49892],[153.027766,-27.498745],[153.027766,-27.498745],[153.02759,-27.498254],[153.027261,-27.497549],[153.02704,-27.497624],[153.02677,-27.497601],[153.026401,-27.497601],[153.026269,-27.497611],[153.026147,-27.497636],[153.025975,-27.497691],[153.025876,-27.497761],[153.025769,-27.497858],[153.025676,-27.498005],[153.025594,-27.498082],[153.025507,-27.498102],[153.025426,-27.498088],[153.025363,-27.498035],[153.025295,-27.497908],[153.026536,-27.497203],[153.027414,-27.496588],[153.028015,-27.495978],[153.028416,-27.495481],[153.02879,-27.494915],[153.028952,-27.494613],[153.029135,-27.494167],[153.029205,-27.493809],[153.029286,-27.493711],[153.029411,-27.493647],[153.029482,-27.493635],[153.029586,-27.493616],[153.029783,-27.493627],[153.029939,-27.493676],[153.030099,-27.493782],[153.030551,-27.494084],[153.030551,-27.494084],[153.030654,-27.494153],[153.030776,-27.494234],[153.030898,-27.49433],[153.03101,-27.494461],[153.031095,-27.494594],[153.031173,-27.49478],[153.031241,-27.495035],[153.031258,-27.495409],[153.031304,-27.495738],[153.031356,-27.495864],[153.031432,-27.496028],[153.031482,-27.496115],[153.031631,-27.496297],[153.03185,-27.496402],[153.031912,-27.496427],[153.032101,-27.496436],[153.03226,-27.49645],[153.032377,-27.496464],[153.033437,-27.496628],[153.034083,-27.496731]]}},{"type":"Feature","properties":{"route":"30","name":"Spring Hill Loop","category":"intermediate_bus","route_type":"3","shape_id":"300004"},"geometry":{"type":"LineString","coordinates":[[153.027583,-27.467826],[153.027783,-27.467671],[153.027945,-27.467546],[153.028622,-27.46702],[153.02786,-27.466239],[153.027149,-27.465513],[153.027029,-27.465112],[153.026939,-27.464934],[153.026793,-27.464777],[153.026631,-27.464714],[153.026384,-27.464702],[153.026044,-27.464697],[153.025019,-27.464836],[153.024884,-27.464451],[153.024853,-27.464371],[153.024853,-27.464371],[153.024662,-27.463855],[153.024528,-27.463472],[153.024127,-27.462656],[153.024353,-27.461495],[153.024353,-27.461495],[153.024476,-27.460862],[153.023539,-27.460713],[153.022631,-27.460578],[153.022063,-27.4605],[153.022063,-27.4605],[153.021583,-27.460433],[153.021436,-27.4604],[153.020822,-27.460309],[153.020377,-27.460249],[153.020005,-27.46019],[153.01936,-27.460089],[153.019056,-27.460045],[153.018974,-27.46],[153.018928,-27.459967],[153.018816,-27.460123],[153.018785,-27.460189],[153.018629,-27.460561],[153.018636,-27.460682],[153.01869,-27.460789],[153.018866,-27.461062],[153.018923,-27.46113],[153.0193,-27.461331],[153.019584,-27.461434],[153.019584,-27.461434],[153.020149,-27.461639],[153.020526,-27.46177],[153.020859,-27.461903],[153.021352,-27.46207],[153.021131,-27.462599],[153.020967,-27.462987],[153.020856,-27.463259],[153.020856,-27.463259],[153.020751,-27.463519],[153.0207,-27.463649],[153.020689,-27.463694],[153.02072,-27.463873],[153.020776,-27.464016],[153.020812,-27.46425],[153.020823,-27.464299],[153.020844,-27.464344],[153.020905,-27.464391],[153.020944,-27.464428],[153.02102,-27.464515],[153.021078,-27.464573],[153.021078,-27.464573],[153.021127,-27.464623],[153.021238,-27.464709],[153.021631,-27.464958],[153.022412,-27.465406],[153.022412,-27.465406],[153.022679,-27.465559],[153.022824,-27.465615],[153.022968,-27.465643],[153.023158,-27.465655],[153.023327,-27.465661],[153.023327,-27.465661],[153.023357,-27.465662],[153.023479,-27.465643],[153.023998,-27.465403],[153.024268,-27.46521],[153.024805,-27.464897],[153.025019,-27.464836],[153.024981,-27.464925],[153.024815,-27.465312],[153.024767,-27.465461],[153.024751,-27.465511],[153.024733,-27.465774],[153.024762,-27.466063],[153.025146,-27.466473],[153.025146,-27.466473],[153.025391,-27.466735],[153.025468,-27.466817],[153.02617,-27.467553],[153.026567,-27.467964],[153.026932,-27.468331],[153.027583,-27.467826]]}},{"type":"Feature","properties":{"route":"125","name":"Garden City - City/Valley via Salisbury","category":"intermediate_bus","route_type":"3","shape_id":"1250064"},"geometry":{"type":"LineString","coordinates":[[153.08545,-27.566178],[153.085061,-27.566133],[153.084914,-27.566114],[153.084794,-27.566072],[153.084667,-27.565993],[153.084423,-27.565691],[153.084261,-27.565421],[153.084227,-27.565385],[153.084209,-27.565396],[153.084185,-27.565406],[153.084159,-27.565411],[153.084133,-27.565411],[153.084118,-27.565408],[153.084055,-27.565659],[153.083846,-27.565946],[153.082664,-27.565188],[153.08178,-27.564327],[153.081748,-27.564305],[153.081342,-27.564035],[153.081304,-27.56401],[153.081304,-27.56401],[153.081259,-27.56398],[153.080978,-27.563794],[153.080495,-27.563532],[153.079493,-27.563029],[153.078435,-27.562349],[153.076841,-27.561085],[153.075426,-27.55976],[153.074617,-27.558987],[153.074472,-27.558819],[153.07321,-27.557353],[153.070156,-27.553752],[153.068629,-27.551879],[153.068442,-27.551658],[153.067812,-27.550912],[153.067186,-27.550171],[153.066793,-27.549706],[153.066495,-27.549353],[153.066127,-27.548792],[153.06595,-27.548457],[153.065668,-27.547884],[153.065594,-27.547774],[153.0654,-27.547487],[153.06496,-27.547059],[153.064637,-27.546787],[153.064191,-27.546411],[153.063571,-27.545817],[153.063692,-27.545707],[153.063837,-27.545688],[153.064076,-27.545857],[153.064109,-27.54588],[153.064128,-27.545864],[153.064138,-27.545858],[153.064156,-27.54585],[153.064174,-27.545847],[153.0642,-27.545847],[153.064219,-27.54585],[153.064252,-27.545866],[153.06427,-27.545882],[153.06428,-27.545897],[153.064287,-27.545912],[153.06429,-27.545929],[153.06429,-27.545946],[153.064287,-27.545963],[153.06428,-27.545978],[153.06427,-27.545993],[153.064252,-27.546009],[153.06423,-27.546021],[153.0642,-27.546028],[153.064168,-27.546027],[153.064156,-27.546024],[153.064139,-27.546017],[153.064118,-27.546003],[153.064109,-27.545995],[153.064102,-27.545986],[153.064091,-27.545965],[153.064088,-27.545954],[153.064087,-27.545926],[153.064091,-27.54591],[153.064096,-27.545899],[153.064109,-27.54588],[153.064076,-27.545857],[153.063837,-27.545688],[153.063692,-27.545707],[153.063571,-27.545817],[153.064191,-27.546411],[153.064615,-27.546768],[153.064615,-27.546768],[153.064637,-27.546787],[153.06496,-27.547059],[153.0654,-27.547487],[153.065594,-27.547774],[153.065668,-27.547884],[153.06595,-27.548457],[153.066127,-27.548792],[153.066495,-27.549353],[153.066758,-27.549187],[153.066856,-27.549168],[153.066936,-27.549162],[153.067069,-27.549226],[153.067159,-27.549288],[153.067277,-27.549384],[153.067344,-27.549466],[153.067556,-27.549743],[153.067636,-27.549905],[153.067769,-27.550112],[153.067494,-27.550022],[153.067076,-27.549933],[153.066886,-27.549942],[153.066645,-27.549981],[153.066424,-27.550065],[153.065918,-27.55027],[153.064992,-27.550591],[153.064709,-27.550711],[153.064641,-27.550739],[153.064641,-27.550739],[153.064395,-27.550839],[153.064148,-27.550924],[153.063786,-27.550981],[153.063538,-27.550981],[153.063212,-27.550933],[153.063204,-27.55096],[153.063191,-27.55098],[153.063174,-27.550996],[153.063153,-27.55101],[153.06313,-27.551019],[153.063105,-27.551024],[153.063079,-27.551024],[153.063067,-27.551022],[153.063054,-27.551019],[153.063031,-27.55101],[153.06301,-27.550996],[153.062993,-27.55098],[153.06298,-27.55096],[153.062973,-27.550939],[153.062971,-27.550916],[153.062974,-27.550889],[153.061903,-27.550647],[153.060443,-27.550405],[153.059367,-27.550419],[153.058668,-27.550444],[153.058259,-27.550485],[153.057976,-27.550565],[153.057806,-27.550638],[153.057811,-27.55065],[153.057813,-27.550662],[153.057813,-27.55068],[153.057808,-27.550702],[153.057795,-27.550724],[153.057775,-27.550742],[153.057761,-27.55075],[153.057736,-27.550758],[153.057709,-27.550761],[153.057433,-27.551682],[153.057322,-27.551977],[153.057221,-27.552232],[153.056997,-27.55268],[153.056985,-27.552849],[153.056779,-27.553147],[153.05649,-27.553518],[153.056108,-27.553836],[153.055711,-27.55405],[153.055716,-27.554058],[153.055725,-27.554083],[153.055728,-27.554109],[153.055725,-27.554135],[153.055716,-27.55416],[153.055701,-27.554183],[153.055681,-27.554202],[153.055658,-27.554217],[153.055631,-27.554228],[153.055602,-27.554233],[153.055572,-27.554233],[153.055543,-27.554228],[153.055516,-27.554217],[153.055493,-27.554202],[153.055473,-27.554183],[153.055464,-27.554168],[153.055319,-27.554236],[153.055067,-27.554325],[153.054784,-27.554403],[153.054639,-27.554436],[153.054372,-27.554494],[153.053987,-27.554518],[153.053536,-27.554483],[153.053536,-27.554483],[153.053391,-27.554471],[153.052816,-27.554347],[153.052244,-27.554152],[153.051702,-27.553876],[153.050879,-27.553158],[153.050491,-27.552844],[153.050099,-27.552552],[153.050084,-27.552561],[153.050067,-27.552568],[153.050037,-27.552575],[153.050006,-27.552575],[153.049964,-27.552565],[153.049929,-27.552541],[153.049768,-27.552793],[153.049737,-27.553064],[153.049804,-27.553355],[153.050407,-27.55431],[153.05068,-27.554735],[153.051131,-27.555224],[153.051544,-27.555518],[153.052045,-27.555794],[153.05243,-27.55607],[153.052652,-27.55635],[153.05274,-27.556618],[153.052778,-27.556797],[153.052761,-27.55701],[153.052606,-27.557387],[153.052326,-27.557655],[153.051827,-27.557912],[153.051138,-27.558365],[153.051022,-27.558394],[153.050773,-27.558506],[153.050713,-27.558658],[153.050693,-27.558757],[153.049903,-27.558644],[153.049903,-27.558644],[153.049348,-27.558566],[153.048641,-27.55848],[153.047463,-27.558349],[153.044848,-27.557962],[153.043873,-27.55782],[153.043602,-27.557799],[153.04337,-27.557795],[153.043107,-27.557806],[153.043091,-27.557707],[153.043063,-27.557667],[153.043015,-27.557646],[153.042899,-27.557614],[153.042616,-27.557554],[153.041148,-27.557334],[153.041148,-27.557334],[153.04064,-27.557257],[153.04089,-27.555909],[153.041063,-27.555004],[153.041063,-27.555004],[153.041221,-27.554182],[153.040532,-27.554041],[153.040532,-27.554041],[153.040117,-27.553957],[153.039194,-27.553817],[153.038863,-27.553766],[153.038863,-27.553766],[153.038215,-27.553668],[153.037203,-27.553516],[153.036348,-27.553389],[153.036347,-27.553396],[153.036337,-27.553424],[153.036321,-27.553448],[153.036299,-27.553471],[153.036273,-27.553488],[153.036242,-27.5535],[153.036209,-27.553506],[153.03617,-27.553505],[153.036144,-27.5535],[153.036115,-27.553488],[153.036087,-27.553471],[153.036065,-27.553449],[153.036049,-27.553424],[153.03604,-27.553396],[153.036035,-27.553367],[153.036039,-27.553344],[153.035796,-27.553309],[153.035796,-27.553309],[153.033978,-27.553043],[153.03308,-27.552909],[153.03308,-27.552909],[153.032329,-27.552797],[153.032322,-27.552814],[153.032306,-27.552839],[153.032285,-27.552861],[153.032257,-27.552878],[153.032227,-27.55289],[153.032195,-27.552896],[153.032155,-27.552895],[153.032009,-27.553667],[153.031887,-27.55434],[153.031887,-27.55434],[153.031845,-27.554569],[153.031633,-27.554537],[153.03003,-27.554294],[153.029627,-27.554234],[153.028198,-27.554015],[153.028198,-27.554015],[153.027815,-27.553956],[153.027411,-27.553894],[153.025992,-27.553679],[153.025202,-27.553558],[153.023933,-27.553364],[153.023933,-27.553364],[153.023604,-27.553313],[153.023007,-27.553222],[153.02234,-27.55221],[153.021998,-27.551707],[153.021953,-27.551624],[153.020803,-27.549865],[153.020321,-27.549146],[153.02011,-27.548922],[153.019927,-27.548729],[153.01988,-27.548685],[153.019844,-27.548661],[153.019808,-27.54865],[153.019766,-27.548645],[153.019687,-27.548645],[153.019599,-27.548555],[153.019493,-27.548474],[153.019337,-27.5484],[153.018509,-27.54777],[153.018435,-27.547689],[153.018412,-27.54768],[153.018399,-27.547673],[153.018379,-27.547649],[153.018374,-27.547635],[153.018373,-27.547623],[153.018374,-27.547606],[153.018379,-27.547593],[153.018399,-27.547569],[153.018427,-27.547555],[153.018443,-27.547552],[153.018459,-27.547552],[153.018475,-27.547555],[153.018499,-27.547566],[153.018488,-27.546871],[153.018491,-27.546442],[153.018666,-27.545862],[153.019609,-27.546132],[153.019676,-27.545975],[153.020027,-27.54507],[153.020135,-27.544772],[153.020144,-27.544753],[153.020144,-27.544753],[153.020409,-27.544168],[153.020618,-27.54376],[153.020777,-27.543492],[153.020822,-27.543379],[153.020892,-27.543224],[153.021159,-27.542531],[153.021271,-27.542208],[153.021271,-27.542208],[153.02143,-27.541749],[153.021587,-27.541351],[153.021821,-27.540653],[153.022008,-27.54021],[153.022088,-27.539989],[153.022088,-27.539989],[153.022178,-27.539742],[153.022319,-27.539288],[153.022497,-27.538277],[153.0224,-27.537758],[153.0224,-27.537758],[153.02231,-27.53727],[153.022346,-27.536946],[153.02253,-27.536493],[153.022758,-27.536165],[153.022758,-27.536165],[153.023073,-27.53571],[153.023443,-27.53543],[153.02433,-27.534679],[153.024426,-27.534518],[153.024575,-27.534316],[153.024575,-27.534316],[153.025012,-27.533723],[153.025019,-27.533297],[153.024768,-27.532875],[153.024606,-27.5327],[153.024197,-27.532146],[153.024197,-27.532146],[153.023953,-27.531816],[153.023837,-27.531562],[153.023669,-27.530634],[153.023533,-27.529812],[153.023375,-27.528935],[153.023375,-27.528935],[153.02336,-27.528849],[153.023183,-27.528455],[153.022801,-27.527532],[153.022756,-27.527429],[153.022756,-27.527429],[153.022663,-27.527221],[153.022644,-27.527136],[153.022644,-27.527059],[153.022663,-27.526881],[153.02281,-27.526225],[153.022853,-27.526016],[153.022853,-27.526016],[153.022929,-27.525639],[153.022978,-27.525437],[153.022975,-27.525333],[153.022967,-27.525246],[153.022937,-27.525121],[153.022913,-27.525044],[153.022924,-27.524942],[153.023438,-27.524368],[153.023924,-27.523775],[153.024057,-27.523627],[153.02431,-27.523349],[153.02431,-27.523349],[153.02471,-27.522909],[153.025243,-27.522321],[153.025243,-27.522321],[153.025485,-27.522054],[153.026268,-27.521174],[153.026591,-27.520827],[153.026591,-27.520827],[153.02827,-27.519016],[153.028907,-27.518476],[153.02918,-27.518266],[153.029317,-27.51816],[153.029493,-27.517834],[153.029695,-27.517329],[153.029802,-27.517055],[153.029901,-27.516639],[153.029901,-27.516639],[153.02997,-27.516353],[153.030205,-27.515712],[153.030382,-27.51523],[153.030468,-27.514984],[153.030468,-27.514984],[153.030855,-27.513882],[153.031102,-27.513239],[153.031306,-27.512719],[153.031306,-27.512719],[153.031346,-27.512616],[153.031414,-27.512444],[153.031785,-27.511589],[153.032027,-27.511036],[153.032027,-27.511036],[153.032165,-27.510721],[153.032518,-27.510127],[153.032704,-27.509848],[153.032873,-27.509597],[153.033785,-27.508074],[153.03404,-27.507624],[153.034186,-27.507283],[153.034242,-27.507147],[153.034378,-27.506798],[153.034378,-27.506798],[153.034489,-27.506513],[153.03456,-27.506308],[153.034574,-27.506217],[153.034572,-27.506109],[153.034525,-27.505888],[153.034398,-27.505232],[153.034332,-27.504873],[153.034332,-27.504873],[153.03428,-27.504587],[153.034247,-27.503851],[153.034215,-27.503403],[153.034267,-27.503136],[153.03439,-27.502442],[153.034408,-27.502373],[153.034452,-27.50225],[153.034723,-27.501706],[153.034911,-27.501328],[153.034911,-27.501328],[153.035014,-27.501121],[153.035054,-27.501022],[153.035298,-27.499967],[153.035405,-27.49949],[153.03547,-27.499199],[153.035471,-27.499003],[153.035471,-27.499003],[153.035472,-27.498934],[153.035445,-27.498757],[153.035337,-27.498256],[153.035204,-27.497743],[153.035204,-27.497743],[153.035067,-27.497208],[153.035006,-27.497001],[153.034976,-27.496873],[153.034934,-27.496698],[153.034761,-27.49583],[153.034599,-27.495371],[153.034445,-27.494533],[153.034409,-27.494203],[153.034399,-27.49396],[153.034402,-27.49375],[153.034463,-27.493485],[153.034534,-27.493314],[153.034639,-27.493043],[153.034846,-27.49232],[153.035166,-27.49116],[153.035274,-27.490807],[153.035274,-27.490807],[153.035557,-27.489889],[153.035642,-27.489597],[153.035797,-27.489098],[153.035859,-27.488862],[153.035864,-27.488833],[153.035864,-27.488833],[153.035914,-27.488577],[153.03593,-27.488428],[153.0359,-27.486762],[153.035884,-27.486508],[153.035886,-27.486323],[153.035601,-27.486205],[153.035298,-27.486105],[153.035155,-27.486085],[153.034659,-27.486018],[153.034659,-27.486018],[153.034537,-27.486],[153.034455,-27.485989],[153.034112,-27.486012],[153.033985,-27.486024],[153.033855,-27.486017],[153.032981,-27.48589],[153.032752,-27.485833],[153.032609,-27.485794],[153.03256,-27.485628],[153.032463,-27.48549],[153.032367,-27.485375],[153.032242,-27.485261],[153.032027,-27.485159],[153.0318,-27.485074],[153.031463,-27.48497],[153.031078,-27.48488],[153.030593,-27.484816],[153.0305,-27.485231],[153.030409,-27.485634],[153.03081,-27.485689],[153.030875,-27.485691],[153.03093,-27.485672],[153.030992,-27.48562],[153.031014,-27.485568],[153.031041,-27.48534],[153.031076,-27.485136],[153.03111,-27.485072],[153.031187,-27.484564],[153.031219,-27.484351],[153.031225,-27.484143],[153.031188,-27.483936],[153.031137,-27.483748],[153.031168,-27.48366],[153.031036,-27.483343],[153.030892,-27.483051],[153.030776,-27.482848],[153.030697,-27.482738],[153.030226,-27.482165],[153.027998,-27.479281],[153.026369,-27.477185],[153.026272,-27.47717],[153.025862,-27.476725],[153.025112,-27.475742],[153.025038,-27.475537],[153.02503,-27.475379],[153.025053,-27.475271],[153.0251,-27.47517],[153.025153,-27.475094],[153.025226,-27.475007],[153.025528,-27.474776],[153.025602,-27.474712],[153.025734,-27.474598],[153.025803,-27.474541],[153.026525,-27.474008],[153.027856,-27.472962],[153.028067,-27.472799],[153.028067,-27.472799],[153.028209,-27.472688],[153.029896,-27.471372],[153.030217,-27.471123],[153.030518,-27.47089],[153.02978,-27.470131],[153.030091,-27.469878],[153.03024,-27.469754],[153.03029,-27.469706],[153.0303,-27.469588],[153.030257,-27.469338],[153.030118,-27.468516],[153.029792,-27.468187],[153.029368,-27.467787],[153.029672,-27.467564],[153.029772,-27.467487],[153.029883,-27.467395],[153.029987,-27.467244],[153.03016,-27.466617],[153.03016,-27.466617],[153.030208,-27.466444],[153.030365,-27.465869],[153.030318,-27.465719],[153.031189,-27.464953],[153.031257,-27.464772],[153.031432,-27.464027],[153.031442,-27.463832],[153.031424,-27.46369],[153.03137,-27.463524],[153.03123,-27.463023],[153.031208,-27.46284],[153.031208,-27.462757],[153.031208,-27.462757],[153.031205,-27.462336],[153.031192,-27.461816],[153.031222,-27.461607],[153.03125,-27.461538],[153.031423,-27.461131],[153.031526,-27.460942],[153.03168,-27.460616],[153.031727,-27.460482],[153.031852,-27.459874],[153.031838,-27.459543],[153.031866,-27.459375],[153.032069,-27.459098],[153.032069,-27.459098],[153.032125,-27.459023],[153.032465,-27.458711],[153.033045,-27.458084],[153.033692,-27.457431],[153.033935,-27.457189],[153.033935,-27.457189],[153.034028,-27.457096],[153.034324,-27.456801],[153.034895,-27.456217],[153.035156,-27.456416]]}},{"type":"Feature","properties":{"route":"125","name":"Garden City - City/Valley via Salisbury","category":"intermediate_bus","route_type":"3","shape_id":"1250065"},"geometry":{"type":"LineString","coordinates":[[153.03599,-27.457052],[153.036235,-27.457239],[153.035971,-27.457506],[153.035658,-27.457825],[153.035546,-27.457938],[153.035404,-27.45808],[153.035015,-27.458477],[153.034365,-27.459116],[153.03427,-27.459217],[153.033799,-27.459679],[153.033552,-27.459927],[153.033224,-27.460257],[153.033224,-27.460257],[153.032581,-27.460906],[153.032457,-27.461044],[153.031792,-27.461724],[153.031704,-27.461829],[153.031706,-27.461849],[153.031676,-27.46196],[153.031592,-27.46211],[153.031512,-27.462221],[153.031419,-27.462367],[153.031342,-27.462544],[153.031294,-27.462699],[153.031278,-27.462823],[153.031307,-27.463004],[153.031371,-27.4633],[153.03137,-27.463524],[153.031424,-27.46369],[153.031442,-27.463832],[153.031432,-27.464027],[153.031257,-27.464772],[153.031189,-27.464953],[153.030318,-27.465719],[153.030365,-27.465869],[153.030208,-27.466444],[153.029987,-27.467244],[153.02998,-27.467269],[153.02998,-27.467269],[153.029916,-27.467519],[153.029876,-27.467645],[153.029764,-27.467966],[153.029764,-27.468085],[153.029792,-27.468187],[153.030118,-27.468516],[153.030257,-27.469338],[153.0303,-27.469588],[153.03029,-27.469706],[153.03024,-27.469754],[153.030091,-27.469878],[153.02978,-27.470131],[153.029159,-27.470615],[153.027728,-27.471729],[153.027475,-27.471928],[153.026992,-27.472305],[153.026992,-27.472305],[153.025783,-27.473248],[153.026525,-27.474008],[153.027254,-27.474755],[153.02652,-27.475278],[153.026507,-27.475328],[153.026121,-27.475688],[153.02608,-27.475709],[153.026018,-27.475811],[153.025986,-27.475878],[153.025972,-27.475929],[153.025961,-27.476001],[153.025961,-27.47609],[153.02598,-27.476201],[153.026013,-27.476295],[153.026164,-27.476578],[153.026155,-27.476664],[153.026486,-27.477143],[153.02718,-27.478065],[153.028098,-27.479249],[153.030325,-27.482122],[153.030748,-27.482642],[153.030852,-27.482774],[153.031012,-27.48303],[153.031069,-27.483115],[153.031112,-27.483126],[153.031749,-27.484068],[153.031751,-27.484134],[153.031859,-27.484296],[153.031992,-27.48442],[153.032134,-27.484606],[153.032199,-27.484707],[153.032258,-27.48484],[153.032281,-27.485006],[153.032263,-27.485165],[153.032242,-27.485261],[153.032367,-27.485375],[153.032463,-27.48549],[153.03256,-27.485628],[153.032609,-27.485794],[153.032752,-27.485833],[153.032981,-27.48589],[153.033855,-27.486017],[153.033985,-27.486024],[153.034112,-27.486012],[153.034455,-27.485989],[153.034537,-27.486],[153.035068,-27.486073],[153.035068,-27.486073],[153.035155,-27.486085],[153.035298,-27.486105],[153.035601,-27.486205],[153.035886,-27.486323],[153.036004,-27.486366],[153.036342,-27.48644],[153.03667,-27.486497],[153.036825,-27.486528],[153.03691,-27.486549],[153.036985,-27.486582],[153.037072,-27.486644],[153.037131,-27.486707],[153.037349,-27.486844],[153.037506,-27.487073],[153.037547,-27.487162],[153.037547,-27.487162],[153.037561,-27.487193],[153.037577,-27.487297],[153.037566,-27.487381],[153.037528,-27.487446],[153.037278,-27.487596],[153.037194,-27.48769],[153.037148,-27.48775],[153.037099,-27.487843],[153.037044,-27.487958],[153.036878,-27.488487],[153.036635,-27.489382],[153.036601,-27.48952],[153.036601,-27.48952],[153.036471,-27.490051],[153.035674,-27.489913],[153.035424,-27.490748],[153.035296,-27.491177],[153.035225,-27.491422],[153.035204,-27.491495],[153.035204,-27.491495],[153.035154,-27.491682],[153.034935,-27.49247],[153.034867,-27.492719],[153.034639,-27.493721],[153.034642,-27.494098],[153.034702,-27.494577],[153.034916,-27.495783],[153.035047,-27.496557],[153.035137,-27.496878],[153.035169,-27.49701],[153.035225,-27.497233],[153.035462,-27.498264],[153.035592,-27.498797],[153.03562,-27.499025],[153.035615,-27.499163],[153.035615,-27.499163],[153.035612,-27.499241],[153.035541,-27.499528],[153.035429,-27.499985],[153.035303,-27.50047],[153.035303,-27.50047],[153.035153,-27.501048],[153.035115,-27.501144],[153.034844,-27.501715],[153.034574,-27.50225],[153.034522,-27.502387],[153.034502,-27.502465],[153.034464,-27.502679],[153.034413,-27.502962],[153.034413,-27.502962],[153.034332,-27.503422],[153.034387,-27.504595],[153.034483,-27.505215],[153.034646,-27.506009],[153.034646,-27.506009],[153.034674,-27.506146],[153.034684,-27.506233],[153.034673,-27.506316],[153.034597,-27.506528],[153.034288,-27.507301],[153.034132,-27.507683],[153.033911,-27.508111],[153.033141,-27.509386],[153.033141,-27.509386],[153.032985,-27.509644],[153.032722,-27.510041],[153.032281,-27.510743],[153.031908,-27.511577],[153.031908,-27.511577],[153.031853,-27.5117],[153.03152,-27.512478],[153.03146,-27.512624],[153.031365,-27.512883],[153.031365,-27.512883],[153.031224,-27.513268],[153.030987,-27.513902],[153.03086,-27.514263],[153.03086,-27.514263],[153.03051,-27.515254],[153.030129,-27.516382],[153.029956,-27.517091],[153.029866,-27.517354],[153.02969,-27.517775],[153.02969,-27.517775],[153.029649,-27.517874],[153.029644,-27.517887],[153.029395,-27.518288],[153.028824,-27.518683],[153.028392,-27.519112],[153.027173,-27.520425],[153.027173,-27.520425],[153.026398,-27.521261],[153.02561,-27.522146],[153.024872,-27.522959],[153.024349,-27.523535],[153.024349,-27.523535],[153.024025,-27.523892],[153.023489,-27.524467],[153.02344,-27.524581],[153.023269,-27.524831],[153.02319,-27.524954],[153.023133,-27.525138],[153.023022,-27.52567],[153.022941,-27.526044],[153.022941,-27.526044],[153.022883,-27.526309],[153.022758,-27.526956],[153.022753,-27.527062],[153.022753,-27.527187],[153.022864,-27.527468],[153.023022,-27.527822],[153.023022,-27.527822],[153.023293,-27.528425],[153.023413,-27.528726],[153.023457,-27.528842],[153.023632,-27.529578],[153.023632,-27.529578],[153.023683,-27.529788],[153.023833,-27.530634],[153.023992,-27.531516],[153.024092,-27.531745],[153.024479,-27.532268],[153.024479,-27.532268],[153.024738,-27.532617],[153.024915,-27.532817],[153.02518,-27.533265],[153.025149,-27.533794],[153.024751,-27.534339],[153.024751,-27.534339],[153.024566,-27.534593],[153.024459,-27.534757],[153.024391,-27.534842],[153.023554,-27.535528],[153.023202,-27.535794],[153.022751,-27.536446],[153.022751,-27.536446],[153.022686,-27.53654],[153.022539,-27.536821],[153.022467,-27.536962],[153.022434,-27.53726],[153.022649,-27.538259],[153.022621,-27.538414],[153.022621,-27.538414],[153.022466,-27.539296],[153.0223,-27.539779],[153.022137,-27.540245],[153.022055,-27.540451],[153.022055,-27.540451],[153.02196,-27.540691],[153.021693,-27.541388],[153.021526,-27.541839],[153.021058,-27.54318],[153.020968,-27.543402],[153.020917,-27.543509],[153.020822,-27.543675],[153.020555,-27.544129],[153.020522,-27.544207],[153.020522,-27.544207],[153.020278,-27.544774],[153.019928,-27.545613],[153.019879,-27.54576],[153.019719,-27.546343],[153.019647,-27.546527],[153.019619,-27.546643],[153.019583,-27.546808],[153.019568,-27.546936],[153.019568,-27.548045],[153.019651,-27.548467],[153.019943,-27.548617],[153.019997,-27.548645],[153.020032,-27.548669],[153.020246,-27.548974],[153.020525,-27.54936],[153.020525,-27.54936],[153.020868,-27.549838],[153.021891,-27.55139],[153.021972,-27.551455],[153.022045,-27.551486],[153.022101,-27.551544],[153.02207,-27.551575],[153.022015,-27.551642],[153.021998,-27.551707],[153.02234,-27.55221],[153.023007,-27.553222],[153.023604,-27.553313],[153.023898,-27.553358],[153.023898,-27.553358],[153.025202,-27.553558],[153.025464,-27.553598],[153.025464,-27.553598],[153.025992,-27.553679],[153.027411,-27.553894],[153.027815,-27.553956],[153.02819,-27.554014],[153.02819,-27.554014],[153.029627,-27.554234],[153.03003,-27.554294],[153.031633,-27.554537],[153.031845,-27.554569],[153.032629,-27.554684],[153.032629,-27.554684],[153.03359,-27.554825],[153.03381,-27.553945],[153.033978,-27.553043],[153.036039,-27.553344],[153.036049,-27.55331],[153.036065,-27.553285],[153.036087,-27.553263],[153.036114,-27.553246],[153.036144,-27.553234],[153.036177,-27.553228],[153.036209,-27.553228],[153.036222,-27.55323],[153.036242,-27.553234],[153.036272,-27.553246],[153.036299,-27.553263],[153.036321,-27.553285],[153.036337,-27.553309],[153.036347,-27.553338],[153.036352,-27.553367],[153.036348,-27.553389],[153.036744,-27.553447],[153.036744,-27.553447],[153.037203,-27.553516],[153.038215,-27.553668],[153.038493,-27.553711],[153.038493,-27.553711],[153.039194,-27.553817],[153.040117,-27.553957],[153.040511,-27.554037],[153.040511,-27.554037],[153.041221,-27.554182],[153.041029,-27.555184],[153.041029,-27.555184],[153.04089,-27.555909],[153.04064,-27.557257],[153.040537,-27.557884],[153.04046,-27.558269],[153.04046,-27.558269],[153.040348,-27.558825],[153.040779,-27.558693],[153.041023,-27.558593],[153.041207,-27.558494],[153.041402,-27.558376],[153.041761,-27.558145],[153.041965,-27.558024],[153.042189,-27.557924],[153.042417,-27.557842],[153.042668,-27.557774],[153.042931,-27.557728],[153.043091,-27.557707],[153.043394,-27.557689],[153.043734,-27.557706],[153.043893,-27.557724],[153.044864,-27.557873],[153.046785,-27.55815],[153.047583,-27.55827],[153.048461,-27.55836],[153.049675,-27.558509],[153.050713,-27.558658],[153.050773,-27.558506],[153.051022,-27.558394],[153.051138,-27.558365],[153.051282,-27.55827],[153.051282,-27.55827],[153.051827,-27.557912],[153.052326,-27.557655],[153.052606,-27.557387],[153.052761,-27.55701],[153.052778,-27.556797],[153.05274,-27.556618],[153.052652,-27.55635],[153.05243,-27.55607],[153.052045,-27.555794],[153.051544,-27.555518],[153.051131,-27.555224],[153.05068,-27.554735],[153.050407,-27.55431],[153.049804,-27.553355],[153.049737,-27.553064],[153.049768,-27.552793],[153.049929,-27.552541],[153.049913,-27.552523],[153.049899,-27.552498],[153.049893,-27.552469],[153.049893,-27.552455],[153.049899,-27.552428],[153.049911,-27.552405],[153.049918,-27.552395],[153.049927,-27.552386],[153.049938,-27.552376],[153.049966,-27.552361],[153.050004,-27.552351],[153.050039,-27.552351],[153.050054,-27.552354],[153.050084,-27.552365],[153.050099,-27.552374],[153.050121,-27.552393],[153.050136,-27.552414],[153.050146,-27.552438],[153.050148,-27.552453],[153.050147,-27.552478],[153.050144,-27.552492],[153.050131,-27.55252],[153.050122,-27.552531],[153.050099,-27.552552],[153.050491,-27.552844],[153.050879,-27.553158],[153.051702,-27.553876],[153.052244,-27.554152],[153.052816,-27.554347],[153.053391,-27.554471],[153.053987,-27.554518],[153.054372,-27.554494],[153.054453,-27.554476],[153.054453,-27.554476],[153.054639,-27.554436],[153.054784,-27.554403],[153.055067,-27.554325],[153.055319,-27.554236],[153.055464,-27.554168],[153.055459,-27.55416],[153.055449,-27.554135],[153.055446,-27.554109],[153.055449,-27.554083],[153.055457,-27.55406],[153.055473,-27.554035],[153.055493,-27.554016],[153.055516,-27.554001],[153.055544,-27.55399],[153.055572,-27.553985],[153.055602,-27.553985],[153.055631,-27.55399],[153.055658,-27.554001],[153.055681,-27.554016],[153.055702,-27.554035],[153.055711,-27.55405],[153.056108,-27.553836],[153.05649,-27.553518],[153.056779,-27.553147],[153.056985,-27.552849],[153.056997,-27.55268],[153.057221,-27.552232],[153.057322,-27.551977],[153.057433,-27.551682],[153.057709,-27.550761],[153.057681,-27.550756],[153.057666,-27.550751],[153.057644,-27.550737],[153.057627,-27.55072],[153.057621,-27.55071],[153.057612,-27.550688],[153.057611,-27.550666],[153.057614,-27.55065],[153.057622,-27.55063],[153.057631,-27.550618],[153.057655,-27.550598],[153.057673,-27.55059],[153.05769,-27.550585],[153.057708,-27.550583],[153.057728,-27.550584],[153.057762,-27.550594],[153.057776,-27.550602],[153.057789,-27.550614],[153.057801,-27.550626],[153.057806,-27.550638],[153.057976,-27.550565],[153.058259,-27.550485],[153.058668,-27.550444],[153.059367,-27.550419],[153.060443,-27.550405],[153.061903,-27.550647],[153.062974,-27.550889],[153.06298,-27.550872],[153.062993,-27.550852],[153.06301,-27.550836],[153.063031,-27.550822],[153.063054,-27.550813],[153.063079,-27.550808],[153.063109,-27.550809],[153.063131,-27.550813],[153.063153,-27.550822],[153.063174,-27.550836],[153.063191,-27.550852],[153.063204,-27.550872],[153.063211,-27.550893],[153.063214,-27.550916],[153.063212,-27.550933],[153.063538,-27.550981],[153.063786,-27.550981],[153.064148,-27.550924],[153.064395,-27.550839],[153.064709,-27.550711],[153.064719,-27.550706],[153.064719,-27.550706],[153.064992,-27.550591],[153.065918,-27.55027],[153.066424,-27.550065],[153.066645,-27.549981],[153.066886,-27.549942],[153.067076,-27.549933],[153.067229,-27.549812],[153.067299,-27.549741],[153.067336,-27.549649],[153.067348,-27.549556],[153.067344,-27.549466],[153.067277,-27.549384],[153.067159,-27.549288],[153.067069,-27.549226],[153.066936,-27.549162],[153.066856,-27.549168],[153.066758,-27.549187],[153.066495,-27.549353],[153.066127,-27.548792],[153.06595,-27.548457],[153.065668,-27.547884],[153.065594,-27.547774],[153.0654,-27.547487],[153.06496,-27.547059],[153.064637,-27.546787],[153.064302,-27.546504],[153.064302,-27.546504],[153.064191,-27.546411],[153.063571,-27.545817],[153.063692,-27.545707],[153.063837,-27.545688],[153.064076,-27.545857],[153.064109,-27.54588],[153.064128,-27.545864],[153.064138,-27.545858],[153.064156,-27.54585],[153.064174,-27.545847],[153.0642,-27.545847],[153.064219,-27.54585],[153.064252,-27.545866],[153.06427,-27.545882],[153.06428,-27.545897],[153.064287,-27.545912],[153.06429,-27.545929],[153.06429,-27.545946],[153.064287,-27.545963],[153.06428,-27.545978],[153.06427,-27.545993],[153.064252,-27.546009],[153.06423,-27.546021],[153.0642,-27.546028],[153.064168,-27.546027],[153.064156,-27.546024],[153.064139,-27.546017],[153.064118,-27.546003],[153.064109,-27.545995],[153.064102,-27.545986],[153.064091,-27.545965],[153.064088,-27.545954],[153.064087,-27.545926],[153.064091,-27.54591],[153.064096,-27.545899],[153.064109,-27.54588],[153.064076,-27.545857],[153.063837,-27.545688],[153.063692,-27.545707],[153.063571,-27.545817],[153.064191,-27.546411],[153.064637,-27.546787],[153.06496,-27.547059],[153.0654,-27.547487],[153.065594,-27.547774],[153.065668,-27.547884],[153.06595,-27.548457],[153.066127,-27.548792],[153.066495,-27.549353],[153.066793,-27.549706],[153.067186,-27.550171],[153.067812,-27.550912],[153.068442,-27.551658],[153.068629,-27.551879],[153.070156,-27.553752],[153.07321,-27.557353],[153.074472,-27.558819],[153.074617,-27.558987],[153.075426,-27.55976],[153.076841,-27.561085],[153.078435,-27.562349],[153.079493,-27.563029],[153.080495,-27.563532],[153.080978,-27.563794],[153.081259,-27.56398],[153.081342,-27.564035],[153.081709,-27.564279],[153.081709,-27.564279],[153.081748,-27.564305],[153.08178,-27.564327],[153.082664,-27.565188],[153.083846,-27.565946],[153.084055,-27.565659],[153.084118,-27.565408],[153.084107,-27.565406],[153.084083,-27.565396],[153.084061,-27.565383],[153.084043,-27.565365],[153.08403,-27.565345],[153.084022,-27.565322],[153.084019,-27.565302],[153.084022,-27.565276],[153.08403,-27.565253],[153.084044,-27.565233],[153.084061,-27.565215],[153.084083,-27.565202],[153.084107,-27.565192],[153.084133,-27.565187],[153.084159,-27.565187],[153.084185,-27.565192],[153.084209,-27.565202],[153.084231,-27.565215],[153.084249,-27.565233],[153.084262,-27.565253],[153.084265,-27.565261],[153.08427,-27.565276],[153.084274,-27.565299],[153.084271,-27.565322],[153.084262,-27.565344],[153.084249,-27.565365],[153.084231,-27.565383],[153.084227,-27.565385],[153.084261,-27.565421],[153.084423,-27.565691],[153.084667,-27.565993],[153.084794,-27.566072],[153.084914,-27.566114],[153.085061,-27.566133],[153.085441,-27.566177]]}},{"type":"Feature","properties":{"route":"169","name":"Eight Mile Plains - UQ Lakes","category":"intermediate_bus","route_type":"3","shape_id":"1690021"},"geometry":{"type":"LineString","coordinates":[[153.101836,-27.578436],[153.101819,-27.578405],[153.101449,-27.577873],[153.101219,-27.577542],[153.100882,-27.577056],[153.1,-27.575685],[153.099544,-27.575197],[153.098728,-27.574589],[153.096419,-27.573109],[153.096119,-27.572917],[153.095729,-27.572668],[153.09256,-27.570904],[153.0914,-27.570227],[153.090274,-27.569429],[153.08914,-27.568803],[153.087605,-27.568173],[153.08668,-27.567746],[153.08592,-27.567295],[153.083846,-27.565946],[153.082664,-27.565188],[153.08178,-27.564327],[153.081748,-27.564305],[153.081342,-27.564035],[153.081304,-27.56401],[153.081304,-27.56401],[153.081259,-27.56398],[153.080978,-27.563794],[153.080495,-27.563532],[153.079493,-27.563029],[153.078435,-27.562349],[153.076841,-27.561085],[153.075426,-27.55976],[153.074617,-27.558987],[153.074472,-27.558819],[153.07321,-27.557353],[153.070156,-27.553752],[153.068629,-27.551879],[153.068442,-27.551658],[153.067812,-27.550912],[153.067186,-27.550171],[153.066793,-27.549706],[153.066495,-27.549353],[153.066127,-27.548792],[153.06595,-27.548457],[153.065668,-27.547884],[153.065594,-27.547774],[153.0654,-27.547487],[153.06496,-27.547059],[153.064637,-27.546787],[153.064302,-27.546504],[153.064302,-27.546504],[153.064191,-27.546411],[153.063571,-27.545817],[153.063231,-27.545473],[153.062842,-27.545041],[153.062025,-27.544044],[153.061329,-27.543042],[153.060645,-27.541873],[153.06031,-27.541193],[153.059935,-27.540203],[153.059653,-27.539154],[153.059533,-27.538509],[153.059425,-27.537698],[153.059278,-27.537149],[153.059201,-27.536951],[153.058944,-27.5363],[153.058796,-27.535921],[153.058621,-27.535384],[153.058505,-27.534785],[153.058466,-27.534585],[153.05838,-27.534187],[153.057668,-27.530886],[153.057581,-27.530373],[153.057567,-27.529866],[153.057534,-27.529294],[153.057465,-27.528835],[153.057343,-27.528329],[153.057343,-27.528329],[153.057335,-27.528296],[153.057165,-27.527713],[153.056796,-27.526908],[153.056528,-27.526282],[153.05642,-27.525997],[153.056261,-27.52544],[153.056079,-27.525055],[153.05605,-27.525002],[153.055795,-27.524542],[153.055326,-27.523837],[153.054942,-27.523367],[153.054636,-27.522993],[153.054059,-27.522273],[153.053953,-27.52214],[153.053321,-27.521394],[153.052155,-27.520024],[153.05119,-27.518804],[153.050619,-27.518225],[153.04988,-27.517594],[153.048964,-27.516988],[153.047694,-27.516339],[153.042954,-27.51401],[153.042391,-27.513688],[153.042078,-27.513467],[153.041781,-27.513208],[153.041662,-27.513104],[153.04126,-27.512656],[153.041139,-27.5125],[153.040993,-27.512316],[153.040665,-27.51169],[153.040391,-27.51121],[153.040134,-27.510764],[153.040134,-27.510764],[153.040107,-27.510717],[153.039768,-27.510126],[153.03962,-27.509868],[153.039267,-27.509143],[153.039169,-27.508873],[153.039082,-27.508543],[153.039019,-27.508188],[153.038984,-27.507827],[153.038988,-27.507431],[153.039021,-27.507108],[153.039088,-27.506722],[153.039275,-27.505876],[153.039534,-27.504494],[153.039656,-27.503845],[153.03995,-27.502274],[153.040104,-27.501629],[153.04017,-27.501331],[153.040224,-27.501078],[153.040275,-27.500597],[153.040276,-27.499744],[153.040226,-27.499246],[153.040175,-27.498822],[153.040124,-27.498508],[153.039898,-27.497872],[153.039736,-27.497545],[153.039534,-27.497324],[153.039502,-27.497287],[153.039277,-27.497026],[153.039241,-27.496984],[153.039241,-27.496984],[153.039215,-27.496956],[153.038361,-27.49597],[153.037925,-27.49535],[153.037816,-27.495464],[153.037666,-27.495598],[153.036904,-27.496579],[153.036641,-27.496746],[153.036392,-27.496832],[153.036141,-27.496824],[153.035579,-27.496738],[153.035337,-27.496724],[153.035244,-27.496727],[153.035191,-27.496732],[153.035023,-27.496764],[153.034838,-27.496802],[153.034649,-27.496831],[153.034507,-27.496847],[153.034317,-27.49683],[153.033615,-27.496731],[153.033615,-27.496731],[153.033561,-27.496724],[153.032415,-27.496559],[153.032266,-27.496531],[153.032126,-27.496494],[153.031912,-27.496427],[153.03185,-27.496402],[153.031631,-27.496297],[153.031482,-27.496115],[153.031432,-27.496028],[153.031356,-27.495864],[153.031304,-27.495738],[153.031258,-27.495409],[153.031241,-27.495035],[153.031173,-27.49478],[153.031095,-27.494594],[153.03101,-27.494461],[153.030898,-27.49433],[153.030776,-27.494234],[153.030654,-27.494153],[153.030251,-27.493884],[153.030251,-27.493884],[153.030099,-27.493782],[153.029939,-27.493676],[153.029783,-27.493627],[153.029586,-27.493616],[153.029482,-27.493635],[153.029411,-27.493647],[153.029286,-27.493711],[153.029205,-27.493809],[153.029135,-27.494167],[153.028952,-27.494613],[153.02879,-27.494915],[153.028416,-27.495481],[153.028015,-27.495978],[153.027414,-27.496588],[153.026536,-27.497203],[153.025295,-27.497908],[153.02519,-27.497955],[153.024981,-27.498019],[153.024843,-27.498042],[153.024799,-27.498047],[153.024689,-27.49805],[153.024542,-27.498042],[153.024498,-27.498034],[153.024498,-27.498034],[153.024366,-27.49801],[153.024279,-27.497989],[153.023891,-27.497927],[153.023638,-27.49791],[153.019162,-27.497668],[153.018998,-27.497667],[153.018839,-27.497686],[153.018678,-27.497728],[153.018557,-27.497769],[153.018461,-27.497842],[153.018407,-27.497874],[153.018341,-27.497926],[153.018289,-27.497957],[153.018257,-27.497978],[153.018215,-27.497997],[153.018161,-27.498022],[153.018079,-27.498017]]}},{"type":"Feature","properties":{"route":"169","name":"Eight Mile Plains - UQ Lakes","category":"intermediate_bus","route_type":"3","shape_id":"1690022"},"geometry":{"type":"LineString","coordinates":[[153.017692,-27.497995],[153.017664,-27.497994],[153.017578,-27.497956],[153.017537,-27.497915],[153.017528,-27.49788],[153.017535,-27.497833],[153.01755,-27.497789],[153.017582,-27.497759],[153.017653,-27.497742],[153.017763,-27.497748],[153.018265,-27.497786],[153.018379,-27.497799],[153.018459,-27.497787],[153.018557,-27.497769],[153.018678,-27.497728],[153.018839,-27.497686],[153.018998,-27.497667],[153.019162,-27.497668],[153.023638,-27.49791],[153.023891,-27.497927],[153.024279,-27.497989],[153.024366,-27.49801],[153.024542,-27.498042],[153.024689,-27.49805],[153.02478,-27.498048],[153.02478,-27.498048],[153.024799,-27.498047],[153.024843,-27.498042],[153.024981,-27.498019],[153.02519,-27.497955],[153.025295,-27.497908],[153.026536,-27.497203],[153.027414,-27.496588],[153.028015,-27.495978],[153.028416,-27.495481],[153.02879,-27.494915],[153.028952,-27.494613],[153.029135,-27.494167],[153.029205,-27.493809],[153.029286,-27.493711],[153.029411,-27.493647],[153.029482,-27.493635],[153.029586,-27.493616],[153.029783,-27.493627],[153.029939,-27.493676],[153.030099,-27.493782],[153.030551,-27.494084],[153.030551,-27.494084],[153.030654,-27.494153],[153.030776,-27.494234],[153.030898,-27.49433],[153.03101,-27.494461],[153.031095,-27.494594],[153.031173,-27.49478],[153.031241,-27.495035],[153.031258,-27.495409],[153.031304,-27.495738],[153.031356,-27.495864],[153.031432,-27.496028],[153.031482,-27.496115],[153.031631,-27.496297],[153.03185,-27.496402],[153.031912,-27.496427],[153.032126,-27.496494],[153.032266,-27.496531],[153.032415,-27.496559],[153.033561,-27.496724],[153.034188,-27.496812],[153.034188,-27.496812],[153.034317,-27.49683],[153.034507,-27.496847],[153.034649,-27.496831],[153.034838,-27.496802],[153.035023,-27.496764],[153.035191,-27.496732],[153.035244,-27.496727],[153.035337,-27.496724],[153.035579,-27.496738],[153.036141,-27.496824],[153.036392,-27.496832],[153.036641,-27.496746],[153.036904,-27.496579],[153.037666,-27.495598],[153.037816,-27.495464],[153.037925,-27.49535],[153.038361,-27.49597],[153.039215,-27.496956],[153.039277,-27.497026],[153.039468,-27.497249],[153.039468,-27.497249],[153.039502,-27.497287],[153.039534,-27.497324],[153.039736,-27.497545],[153.039898,-27.497872],[153.040124,-27.498508],[153.040175,-27.498822],[153.040226,-27.499246],[153.040276,-27.499744],[153.040275,-27.500597],[153.040224,-27.501078],[153.04017,-27.501331],[153.040104,-27.501629],[153.03995,-27.502274],[153.039656,-27.503845],[153.039534,-27.504494],[153.039275,-27.505876],[153.039088,-27.506722],[153.039021,-27.507108],[153.038988,-27.507431],[153.038984,-27.507827],[153.039019,-27.508188],[153.039082,-27.508543],[153.039169,-27.508873],[153.039267,-27.509143],[153.03962,-27.509868],[153.039768,-27.510126],[153.040107,-27.510717],[153.040332,-27.511108],[153.040332,-27.511108],[153.040391,-27.51121],[153.040665,-27.51169],[153.040993,-27.512316],[153.041139,-27.5125],[153.04126,-27.512656],[153.041662,-27.513104],[153.041781,-27.513208],[153.042078,-27.513467],[153.042391,-27.513688],[153.042954,-27.51401],[153.047694,-27.516339],[153.048964,-27.516988],[153.04988,-27.517594],[153.050619,-27.518225],[153.05119,-27.518804],[153.052155,-27.520024],[153.053321,-27.521394],[153.053953,-27.52214],[153.054059,-27.522273],[153.054636,-27.522993],[153.054942,-27.523367],[153.055326,-27.523837],[153.055795,-27.524542],[153.05605,-27.525002],[153.056079,-27.525055],[153.056261,-27.52544],[153.05642,-27.525997],[153.056528,-27.526282],[153.056796,-27.526908],[153.057165,-27.527713],[153.057335,-27.528296],[153.057445,-27.528753],[153.057445,-27.528753],[153.057465,-27.528835],[153.057534,-27.529294],[153.057567,-27.529866],[153.057581,-27.530373],[153.057668,-27.530886],[153.05838,-27.534187],[153.058466,-27.534585],[153.058505,-27.534785],[153.058621,-27.535384],[153.058796,-27.535921],[153.058944,-27.5363],[153.059201,-27.536951],[153.059278,-27.537149],[153.059425,-27.537698],[153.059533,-27.538509],[153.059653,-27.539154],[153.059935,-27.540203],[153.06031,-27.541193],[153.060645,-27.541873],[153.061329,-27.543042],[153.062025,-27.544044],[153.062842,-27.545041],[153.063231,-27.545473],[153.063571,-27.545817],[153.064191,-27.546411],[153.064615,-27.546768],[153.064615,-27.546768],[153.064637,-27.546787],[153.06496,-27.547059],[153.0654,-27.547487],[153.065594,-27.547774],[153.065668,-27.547884],[153.06595,-27.548457],[153.066127,-27.548792],[153.066495,-27.549353],[153.066793,-27.549706],[153.067186,-27.550171],[153.067812,-27.550912],[153.068442,-27.551658],[153.068629,-27.551879],[153.070156,-27.553752],[153.07321,-27.557353],[153.074472,-27.558819],[153.074617,-27.558987],[153.075426,-27.55976],[153.076841,-27.561085],[153.078435,-27.562349],[153.079493,-27.563029],[153.080495,-27.563532],[153.080978,-27.563794],[153.081259,-27.56398],[153.081342,-27.564035],[153.081709,-27.564279],[153.081709,-27.564279],[153.081748,-27.564305],[153.08178,-27.564327],[153.082664,-27.565188],[153.083846,-27.565946],[153.08592,-27.567295],[153.08668,-27.567746],[153.087605,-27.568173],[153.08914,-27.568803],[153.090274,-27.569429],[153.0914,-27.570227],[153.09256,-27.570904],[153.095729,-27.572668],[153.096119,-27.572917],[153.096419,-27.573109],[153.098728,-27.574589],[153.099544,-27.575197],[153.1,-27.575685],[153.100882,-27.577056],[153.101219,-27.577542],[153.101449,-27.577873],[153.101819,-27.578405],[153.102008,-27.578731]]}},{"type":"Feature","properties":{"route":"175","name":"Garden City - City via Logan Rd","category":"intermediate_bus","route_type":"3","shape_id":"1750045"},"geometry":{"type":"LineString","coordinates":[[153.080692,-27.563388],[153.081366,-27.563812],[153.081374,-27.563858],[153.08134,-27.563926],[153.081329,-27.563949],[153.081261,-27.564065],[153.081192,-27.564184],[153.081939,-27.564616],[153.082576,-27.565004],[153.083401,-27.565258],[153.08379,-27.565307],[153.084019,-27.565302],[153.084022,-27.565276],[153.08403,-27.565253],[153.084044,-27.565233],[153.084061,-27.565215],[153.084083,-27.565202],[153.084107,-27.565192],[153.084133,-27.565187],[153.084159,-27.565187],[153.084185,-27.565192],[153.084209,-27.565202],[153.084231,-27.565215],[153.084249,-27.565233],[153.084262,-27.565253],[153.084265,-27.565261],[153.08445,-27.56525],[153.084555,-27.565255],[153.08489,-27.565302],[153.085,-27.565306],[153.085089,-27.565299],[153.085154,-27.565276],[153.085269,-27.565202],[153.08599,-27.564383],[153.086131,-27.564275],[153.086218,-27.564234],[153.086841,-27.564052],[153.086712,-27.563849],[153.08652,-27.563633],[153.086308,-27.563458],[153.085818,-27.563095],[153.085818,-27.563095],[153.085477,-27.562843],[153.085094,-27.562559],[153.084967,-27.562474],[153.083773,-27.561883],[153.083537,-27.561766],[153.083537,-27.561766],[153.083114,-27.561556],[153.082923,-27.561453],[153.082763,-27.561352],[153.082492,-27.561142],[153.082006,-27.560734],[153.081322,-27.560171],[153.081224,-27.560084],[153.081135,-27.559992],[153.081063,-27.559907],[153.080924,-27.559641],[153.08064,-27.558976],[153.08064,-27.558976],[153.080235,-27.558028],[153.080157,-27.557807],[153.080132,-27.557598],[153.080022,-27.556371],[153.079994,-27.556038],[153.079994,-27.556038],[153.079973,-27.555797],[153.0799,-27.554714],[153.079835,-27.55396],[153.079835,-27.55396],[153.079828,-27.553876],[153.07975,-27.55298],[153.079745,-27.55289],[153.079724,-27.552566],[153.079686,-27.55212],[153.079686,-27.55212],[153.079596,-27.55107],[153.079543,-27.550285],[153.079554,-27.55003],[153.079612,-27.549805],[153.079673,-27.549632],[153.07975,-27.549473],[153.079956,-27.549108],[153.080264,-27.548691],[153.080452,-27.548404],[153.080452,-27.548404],[153.080798,-27.547877],[153.081384,-27.547036],[153.081478,-27.546862],[153.081536,-27.546691],[153.081572,-27.546464],[153.081572,-27.546171],[153.081557,-27.545664],[153.081558,-27.545368],[153.081558,-27.545368],[153.081561,-27.544832],[153.081529,-27.542463],[153.081528,-27.541953],[153.081523,-27.541606],[153.081523,-27.541606],[153.08152,-27.541356],[153.081515,-27.541242],[153.081471,-27.54111],[153.081392,-27.540965],[153.081267,-27.540794],[153.08081,-27.540215],[153.07998,-27.539226],[153.079578,-27.53874],[153.07869,-27.537608],[153.07869,-27.537608],[153.078239,-27.537032],[153.078022,-27.536782],[153.077625,-27.536356],[153.076973,-27.535651],[153.076631,-27.535287],[153.076631,-27.535287],[153.076299,-27.534935],[153.074988,-27.53354],[153.074847,-27.533393],[153.074847,-27.533393],[153.074559,-27.533092],[153.074434,-27.53295],[153.074368,-27.532877],[153.073694,-27.53205],[153.073335,-27.53163],[153.07285,-27.531025],[153.07285,-27.531025],[153.072652,-27.530776],[153.072004,-27.529927],[153.071746,-27.529615],[153.071621,-27.529466],[153.071555,-27.529387],[153.071026,-27.528699],[153.070738,-27.528342],[153.070738,-27.528342],[153.070389,-27.52791],[153.070155,-27.527625],[153.07003,-27.52748],[153.06978,-27.527213],[153.069353,-27.526767],[153.069151,-27.526543],[153.069151,-27.526543],[153.068975,-27.526349],[153.068708,-27.526072],[153.068031,-27.525382],[153.067477,-27.524807],[153.067477,-27.524807],[153.067367,-27.524692],[153.066902,-27.52421],[153.066698,-27.523983],[153.066143,-27.52337],[153.065898,-27.523115],[153.065428,-27.522608],[153.065428,-27.522608],[153.065229,-27.522393],[153.065028,-27.522196],[153.064786,-27.521991],[153.064253,-27.52157],[153.063658,-27.521138],[153.063449,-27.52097],[153.063358,-27.520893],[153.063067,-27.520657],[153.063067,-27.520657],[153.062149,-27.519913],[153.061764,-27.519616],[153.061764,-27.519616],[153.061329,-27.519282],[153.060579,-27.518658],[153.060499,-27.518592],[153.059835,-27.518059],[153.059835,-27.518059],[153.059794,-27.518026],[153.059484,-27.517783],[153.059007,-27.517406],[153.058785,-27.517224],[153.058785,-27.517224],[153.058554,-27.517035],[153.057117,-27.515916],[153.0567,-27.515594],[153.056275,-27.515263],[153.055817,-27.5149],[153.055817,-27.5149],[153.054467,-27.513833],[153.053719,-27.513213],[153.053503,-27.512941],[153.053343,-27.512696],[153.053343,-27.512696],[153.053219,-27.512507],[153.053149,-27.512396],[153.052964,-27.512116],[153.052944,-27.511753],[153.052944,-27.511582],[153.052933,-27.510807],[153.052933,-27.510797],[153.052933,-27.510797],[153.052938,-27.510652],[153.052973,-27.510372],[153.052978,-27.510221],[153.052968,-27.510079],[153.052933,-27.509968],[153.052848,-27.509808],[153.052718,-27.509688],[153.051961,-27.508848],[153.05166,-27.508525],[153.05166,-27.508525],[153.051324,-27.508164],[153.050669,-27.507564],[153.050338,-27.507237],[153.05016,-27.507032],[153.050058,-27.506865],[153.050058,-27.506865],[153.049795,-27.506428],[153.049595,-27.506177],[153.049076,-27.505755],[153.048845,-27.505554],[153.048404,-27.505145],[153.048404,-27.505145],[153.048212,-27.504966],[153.047348,-27.504086],[153.047226,-27.503936],[153.04719,-27.503854],[153.047152,-27.503758],[153.04707,-27.503506],[153.04707,-27.503506],[153.046865,-27.502875],[153.046823,-27.502692],[153.046755,-27.502372],[153.046698,-27.502191],[153.046619,-27.501968],[153.046619,-27.501968],[153.0466,-27.501916],[153.046476,-27.501627],[153.046416,-27.501419],[153.04639,-27.501305],[153.046376,-27.501187],[153.046283,-27.501179],[153.046209,-27.501164],[153.046133,-27.501093],[153.04579,-27.500601],[153.045564,-27.500258],[153.045564,-27.500258],[153.045122,-27.499586],[153.044617,-27.49867],[153.043698,-27.498409],[153.043698,-27.498409],[153.043262,-27.498286],[153.042357,-27.498036],[153.042328,-27.498048],[153.042299,-27.498053],[153.042269,-27.498053],[153.04224,-27.498048],[153.042213,-27.498037],[153.042188,-27.498021],[153.042173,-27.498007],[153.042153,-27.497979],[153.042145,-27.497953],[153.042141,-27.497927],[153.042144,-27.497903],[153.042153,-27.497875],[153.042168,-27.497852],[153.042191,-27.497831],[153.042155,-27.497757],[153.042062,-27.497619],[153.041856,-27.497357],[153.041856,-27.497357],[153.041686,-27.497143],[153.041604,-27.497041],[153.041587,-27.49702],[153.04139,-27.496744],[153.041291,-27.496544],[153.041254,-27.496373],[153.041241,-27.496076],[153.041249,-27.495874],[153.041273,-27.495509],[153.04128,-27.495437],[153.04128,-27.495437],[153.041306,-27.495157],[153.041336,-27.494617],[153.041341,-27.494475],[153.041339,-27.494412],[153.041325,-27.494311],[153.041295,-27.494128],[153.041221,-27.493776],[153.041221,-27.493776],[153.041135,-27.493375],[153.041034,-27.492922],[153.040881,-27.492311],[153.040851,-27.492198],[153.040813,-27.492101],[153.040749,-27.491982],[153.040749,-27.491982],[153.040715,-27.491918],[153.040611,-27.491713],[153.040429,-27.491392],[153.040318,-27.49118],[153.040206,-27.490994],[153.040133,-27.4909],[153.039935,-27.490739],[153.039763,-27.490584],[153.039141,-27.490054],[153.038768,-27.489793],[153.038478,-27.489555],[153.038478,-27.489555],[153.038415,-27.489502],[153.038358,-27.4894],[153.037767,-27.4883],[153.037653,-27.488102],[153.037549,-27.487938],[153.037413,-27.487755],[153.037278,-27.487596],[153.0374,-27.487461],[153.037444,-27.487393],[153.037485,-27.487309],[153.037455,-27.48714],[153.03738,-27.487023],[153.03738,-27.487023],[153.037319,-27.486926],[153.037131,-27.486707],[153.036256,-27.486564],[153.036006,-27.486525],[153.035884,-27.486508],[153.035886,-27.486323],[153.035601,-27.486205],[153.035298,-27.486105],[153.035155,-27.486085],[153.034659,-27.486018],[153.034659,-27.486018],[153.034537,-27.486],[153.034455,-27.485989],[153.034112,-27.486012],[153.033985,-27.486024],[153.033855,-27.486017],[153.032981,-27.48589],[153.032752,-27.485833],[153.032609,-27.485794],[153.03256,-27.485628],[153.032463,-27.48549],[153.032367,-27.485375],[153.032242,-27.485261],[153.032027,-27.485159],[153.0318,-27.485074],[153.031463,-27.48497],[153.031078,-27.48488],[153.030593,-27.484816],[153.0305,-27.485231],[153.030409,-27.485634],[153.03081,-27.485689],[153.030875,-27.485691],[153.03093,-27.485672],[153.030992,-27.48562],[153.031014,-27.485568],[153.031041,-27.48534],[153.031076,-27.485136],[153.03111,-27.485072],[153.031187,-27.484564],[153.031219,-27.484351],[153.031225,-27.484143],[153.031188,-27.483936],[153.031137,-27.483748],[153.031168,-27.48366],[153.031036,-27.483343],[153.030892,-27.483051],[153.030776,-27.482848],[153.030697,-27.482738],[153.030226,-27.482165],[153.027998,-27.479281],[153.026369,-27.477185],[153.026272,-27.47717],[153.025862,-27.476725],[153.025112,-27.475742],[153.025038,-27.475537],[153.02503,-27.475379],[153.025053,-27.475271],[153.0251,-27.47517],[153.025153,-27.475094],[153.025226,-27.475007],[153.025528,-27.474776],[153.025602,-27.474712],[153.025734,-27.474598],[153.025803,-27.474541],[153.026525,-27.474008],[153.027856,-27.472962],[153.028067,-27.472799],[153.028067,-27.472799],[153.028209,-27.472688],[153.029896,-27.471372],[153.030217,-27.471123],[153.030518,-27.47089],[153.02978,-27.470131],[153.030091,-27.469878],[153.03024,-27.469754],[153.03029,-27.469706],[153.0303,-27.469588],[153.030257,-27.469338],[153.030118,-27.468516],[153.029792,-27.468187],[153.029368,-27.467787],[153.029672,-27.467564],[153.029772,-27.467487],[153.029883,-27.467395],[153.029987,-27.467244],[153.03016,-27.466617],[153.03016,-27.466617],[153.030208,-27.466444],[153.030365,-27.465869],[153.030318,-27.465719],[153.031189,-27.464953],[153.031257,-27.464772],[153.031432,-27.464027],[153.031442,-27.463832],[153.031424,-27.46369],[153.03137,-27.463524],[153.03123,-27.463023],[153.031208,-27.46284],[153.031208,-27.462757],[153.031208,-27.462757],[153.031205,-27.462336],[153.031192,-27.461816],[153.031222,-27.461607],[153.03125,-27.461538],[153.031423,-27.461131],[153.031526,-27.460942],[153.03168,-27.460616],[153.031727,-27.460482],[153.031852,-27.459874],[153.031838,-27.459543],[153.031866,-27.459375],[153.032069,-27.459098],[153.032069,-27.459098],[153.032125,-27.459023],[153.032465,-27.458711],[153.033045,-27.458084],[153.033692,-27.457431],[153.034028,-27.457096],[153.034324,-27.456801],[153.034641,-27.457022],[153.03489,-27.457218]]}},{"type":"Feature","properties":{"route":"175","name":"Garden City - City via Logan Rd","category":"intermediate_bus","route_type":"3","shape_id":"1750046"},"geometry":{"type":"LineString","coordinates":[[153.035128,-27.457407],[153.035658,-27.457825],[153.035546,-27.457938],[153.035404,-27.45808],[153.035015,-27.458477],[153.034365,-27.459116],[153.03427,-27.459217],[153.033799,-27.459679],[153.033552,-27.459927],[153.033224,-27.460257],[153.033224,-27.460257],[153.032581,-27.460906],[153.032457,-27.461044],[153.031792,-27.461724],[153.031704,-27.461829],[153.031706,-27.461849],[153.031676,-27.46196],[153.031592,-27.46211],[153.031512,-27.462221],[153.031419,-27.462367],[153.031342,-27.462544],[153.031294,-27.462699],[153.031278,-27.462823],[153.031307,-27.463004],[153.031371,-27.4633],[153.03137,-27.463524],[153.031424,-27.46369],[153.031442,-27.463832],[153.031432,-27.464027],[153.031257,-27.464772],[153.031189,-27.464953],[153.030318,-27.465719],[153.030365,-27.465869],[153.030208,-27.466444],[153.029987,-27.467244],[153.02998,-27.467269],[153.02998,-27.467269],[153.029916,-27.467519],[153.029876,-27.467645],[153.029764,-27.467966],[153.029764,-27.468085],[153.029792,-27.468187],[153.030118,-27.468516],[153.030257,-27.469338],[153.0303,-27.469588],[153.03029,-27.469706],[153.03024,-27.469754],[153.030091,-27.469878],[153.02978,-27.470131],[153.029159,-27.470615],[153.027728,-27.471729],[153.027475,-27.471928],[153.026992,-27.472305],[153.026992,-27.472305],[153.025783,-27.473248],[153.026525,-27.474008],[153.027254,-27.474755],[153.02652,-27.475278],[153.026507,-27.475328],[153.026121,-27.475688],[153.02608,-27.475709],[153.026018,-27.475811],[153.025986,-27.475878],[153.025972,-27.475929],[153.025961,-27.476001],[153.025961,-27.47609],[153.02598,-27.476201],[153.026013,-27.476295],[153.026164,-27.476578],[153.026155,-27.476664],[153.026486,-27.477143],[153.02718,-27.478065],[153.028098,-27.479249],[153.030325,-27.482122],[153.030748,-27.482642],[153.030852,-27.482774],[153.031012,-27.48303],[153.031069,-27.483115],[153.031112,-27.483126],[153.031749,-27.484068],[153.031751,-27.484134],[153.031859,-27.484296],[153.031992,-27.48442],[153.032134,-27.484606],[153.032199,-27.484707],[153.032258,-27.48484],[153.032281,-27.485006],[153.032263,-27.485165],[153.032242,-27.485261],[153.032367,-27.485375],[153.032463,-27.48549],[153.03256,-27.485628],[153.032609,-27.485794],[153.032752,-27.485833],[153.032981,-27.48589],[153.033855,-27.486017],[153.033985,-27.486024],[153.034112,-27.486012],[153.034455,-27.485989],[153.034537,-27.486],[153.035068,-27.486073],[153.035068,-27.486073],[153.035155,-27.486085],[153.035298,-27.486105],[153.035601,-27.486205],[153.035886,-27.486323],[153.036004,-27.486366],[153.036342,-27.48644],[153.03667,-27.486497],[153.036825,-27.486528],[153.03691,-27.486549],[153.036985,-27.486582],[153.037072,-27.486644],[153.037131,-27.486707],[153.037349,-27.486844],[153.037506,-27.487073],[153.037547,-27.487162],[153.037547,-27.487162],[153.037561,-27.487193],[153.037577,-27.487297],[153.037566,-27.487381],[153.037528,-27.487446],[153.037278,-27.487596],[153.037413,-27.487755],[153.037549,-27.487938],[153.037653,-27.488102],[153.037767,-27.4883],[153.038315,-27.489319],[153.038315,-27.489319],[153.038358,-27.4894],[153.038502,-27.489449],[153.03873,-27.48962],[153.03891,-27.489748],[153.039245,-27.489975],[153.039861,-27.490514],[153.040149,-27.490772],[153.040261,-27.490881],[153.040367,-27.49103],[153.04047,-27.491206],[153.040726,-27.491674],[153.040973,-27.49213],[153.041019,-27.49227],[153.041106,-27.492678],[153.041106,-27.492678],[153.041252,-27.493363],[153.041412,-27.494096],[153.04144,-27.494294],[153.041455,-27.494444],[153.04145,-27.494632],[153.041431,-27.495019],[153.041431,-27.495019],[153.041423,-27.495174],[153.041382,-27.495893],[153.041355,-27.496182],[153.041358,-27.496315],[153.041382,-27.496457],[153.041458,-27.496628],[153.041534,-27.496768],[153.041674,-27.496965],[153.041695,-27.496987],[153.041793,-27.497098],[153.042121,-27.497501],[153.042121,-27.497501],[153.042184,-27.497578],[153.042271,-27.497723],[153.042316,-27.497804],[153.042328,-27.497806],[153.042355,-27.497817],[153.04238,-27.497833],[153.0424,-27.497852],[153.042415,-27.497875],[153.042424,-27.497901],[153.042427,-27.49793],[153.042498,-27.49797],[153.042599,-27.498016],[153.042683,-27.49805],[153.04308,-27.498165],[153.043268,-27.498212],[153.043458,-27.498264],[153.04454,-27.498551],[153.044617,-27.49867],[153.045122,-27.499586],[153.045322,-27.49989],[153.045322,-27.49989],[153.04579,-27.500601],[153.046133,-27.501093],[153.046209,-27.501164],[153.046283,-27.501179],[153.046376,-27.501187],[153.046497,-27.501186],[153.046506,-27.501291],[153.046523,-27.501384],[153.046551,-27.501524],[153.04661,-27.501727],[153.046712,-27.501923],[153.046771,-27.502047],[153.046771,-27.502047],[153.046823,-27.502155],[153.046892,-27.502348],[153.047041,-27.502903],[153.047088,-27.503065],[153.047158,-27.503286],[153.047158,-27.503286],[153.047296,-27.503724],[153.047334,-27.503816],[153.047378,-27.503898],[153.04747,-27.504011],[153.048318,-27.504874],[153.048736,-27.50525],[153.048736,-27.50525],[153.049395,-27.505844],[153.049754,-27.506164],[153.049932,-27.506412],[153.0502,-27.50685],[153.0502,-27.50685],[153.050264,-27.506955],[153.050474,-27.507207],[153.050733,-27.507466],[153.051205,-27.507866],[153.051404,-27.508042],[153.051475,-27.50811],[153.051597,-27.508245],[153.051946,-27.508608],[153.051946,-27.508608],[153.052092,-27.508762],[153.052833,-27.509608],[153.052928,-27.509715],[153.053022,-27.509848],[153.053087,-27.510003],[153.053107,-27.510212],[153.053107,-27.510212],[153.053112,-27.510261],[153.053073,-27.510652],[153.05306,-27.51081],[153.053102,-27.511579],[153.053103,-27.511746],[153.053123,-27.512077],[153.053309,-27.51236],[153.053459,-27.512598],[153.053459,-27.512598],[153.053534,-27.512716],[153.053622,-27.512855],[153.053848,-27.513146],[153.054369,-27.513565],[153.054369,-27.513565],[153.054577,-27.513732],[153.056375,-27.51517],[153.056635,-27.51536],[153.056635,-27.51536],[153.056805,-27.515485],[153.05702,-27.515649],[153.057237,-27.515822],[153.058637,-27.516982],[153.058947,-27.51723],[153.058947,-27.51723],[153.059094,-27.517348],[153.059572,-27.517727],[153.059756,-27.51787],[153.059756,-27.51787],[153.059882,-27.517968],[153.060581,-27.51853],[153.060668,-27.518598],[153.061435,-27.519212],[153.061798,-27.519504],[153.061798,-27.519504],[153.062241,-27.519858],[153.063133,-27.520567],[153.063133,-27.520567],[153.063463,-27.520828],[153.063557,-27.520902],[153.064286,-27.521473],[153.06476,-27.521851],[153.06476,-27.521851],[153.065117,-27.522136],[153.066007,-27.523061],[153.066796,-27.523925],[153.067403,-27.524577],[153.067403,-27.524577],[153.067454,-27.524632],[153.068118,-27.525325],[153.06867,-27.525869],[153.069193,-27.526414],[153.069193,-27.526414],[153.069475,-27.526709],[153.070118,-27.527426],[153.070487,-27.527857],[153.071186,-27.528691],[153.071486,-27.52906],[153.071686,-27.529304],[153.071749,-27.529386],[153.071869,-27.529528],[153.072043,-27.529758],[153.07222,-27.529975],[153.07222,-27.529975],[153.072358,-27.530144],[153.072608,-27.53046],[153.07322,-27.531247],[153.073822,-27.532011],[153.074177,-27.532417],[153.074177,-27.532417],[153.074455,-27.532735],[153.074512,-27.532803],[153.07512,-27.533452],[153.077104,-27.535569],[153.077505,-27.536002],[153.077505,-27.536002],[153.077756,-27.536273],[153.078151,-27.536701],[153.078367,-27.536953],[153.079258,-27.538088],[153.079495,-27.53839],[153.079495,-27.53839],[153.079708,-27.538662],[153.079845,-27.53883],[153.080066,-27.539101],[153.080135,-27.539186],[153.080285,-27.539366],[153.080704,-27.539875],[153.080924,-27.540145],[153.081201,-27.540555],[153.081441,-27.540872],[153.081563,-27.541052],[153.081612,-27.541158],[153.081653,-27.541344],[153.081653,-27.541361],[153.081653,-27.541361],[153.081659,-27.541953],[153.081685,-27.542461],[153.081714,-27.544393],[153.081714,-27.544393],[153.081716,-27.54456],[153.08172,-27.544831],[153.081718,-27.545667],[153.081719,-27.545823],[153.08173,-27.546077],[153.081731,-27.546201],[153.081731,-27.546201],[153.081734,-27.546469],[153.081695,-27.546716],[153.081632,-27.546908],[153.081519,-27.547094],[153.08093,-27.547941],[153.080551,-27.548505],[153.080551,-27.548505],[153.080367,-27.548779],[153.080081,-27.549158],[153.079956,-27.549371],[153.079867,-27.549535],[153.079766,-27.549738],[153.079709,-27.549914],[153.079673,-27.550129],[153.079673,-27.550394],[153.07972,-27.551064],[153.079772,-27.551729],[153.079772,-27.551729],[153.079794,-27.552025],[153.07988,-27.552914],[153.079888,-27.552997],[153.079968,-27.553848],[153.08003,-27.554716],[153.080058,-27.555069],[153.080058,-27.555069],[153.080095,-27.555529],[153.080161,-27.556364],[153.080201,-27.556903],[153.080201,-27.556903],[153.080246,-27.557496],[153.080296,-27.557847],[153.080675,-27.558736],[153.080675,-27.558736],[153.080989,-27.559473],[153.081094,-27.559663],[153.081215,-27.559847],[153.081284,-27.559929],[153.081482,-27.560087],[153.082608,-27.56105],[153.082855,-27.56125],[153.083025,-27.561347],[153.083573,-27.561622],[153.083573,-27.561622],[153.08406,-27.561867],[153.084692,-27.562184],[153.085039,-27.562389],[153.085561,-27.562758],[153.08648,-27.563444],[153.08666,-27.5636],[153.086796,-27.56376],[153.086892,-27.563906],[153.086952,-27.564017],[153.086841,-27.564052],[153.086218,-27.564234],[153.086131,-27.564275],[153.08599,-27.564383],[153.085669,-27.564748],[153.085669,-27.564748],[153.085269,-27.565202],[153.085154,-27.565276],[153.085089,-27.565299],[153.085,-27.565306],[153.08489,-27.565302],[153.084555,-27.565255],[153.08445,-27.56525],[153.084265,-27.565261],[153.08427,-27.565276],[153.084274,-27.565299],[153.084271,-27.565322],[153.084262,-27.565344],[153.084249,-27.565365],[153.084231,-27.565383],[153.084227,-27.565385],[153.084209,-27.565396],[153.084185,-27.565406],[153.084159,-27.565411],[153.084133,-27.565411],[153.084118,-27.565408],[153.084107,-27.565406],[153.084083,-27.565396],[153.084061,-27.565383],[153.084043,-27.565365],[153.08403,-27.565345],[153.084022,-27.565322],[153.084019,-27.565302],[153.08379,-27.565307],[153.083401,-27.565258],[153.082576,-27.565004],[153.081939,-27.564616],[153.081192,-27.564184],[153.081108,-27.564136],[153.079869,-27.563282],[153.079972,-27.563249],[153.080077,-27.563228],[153.080201,-27.563216],[153.080233,-27.563215]]}},{"type":"Feature","properties":{"route":"185","name":"Garden City - City/Valley","category":"intermediate_bus","route_type":"3","shape_id":"1850018"},"geometry":{"type":"LineString","coordinates":[[153.035128,-27.457407],[153.035658,-27.457825],[153.035546,-27.457938],[153.035404,-27.45808],[153.035015,-27.458477],[153.034365,-27.459116],[153.03427,-27.459217],[153.033799,-27.459679],[153.033552,-27.459927],[153.033224,-27.460257],[153.033224,-27.460257],[153.032581,-27.460906],[153.032457,-27.461044],[153.031792,-27.461724],[153.031704,-27.461829],[153.031706,-27.461849],[153.031676,-27.46196],[153.031592,-27.46211],[153.031512,-27.462221],[153.031419,-27.462367],[153.031342,-27.462544],[153.031294,-27.462699],[153.031278,-27.462823],[153.031307,-27.463004],[153.031371,-27.4633],[153.03137,-27.463524],[153.031424,-27.46369],[153.031442,-27.463832],[153.031432,-27.464027],[153.031257,-27.464772],[153.031189,-27.464953],[153.030318,-27.465719],[153.030365,-27.465869],[153.030208,-27.466444],[153.029987,-27.467244],[153.02998,-27.467269],[153.02998,-27.467269],[153.029916,-27.467519],[153.029876,-27.467645],[153.029764,-27.467966],[153.029764,-27.468085],[153.029792,-27.468187],[153.030118,-27.468516],[153.030257,-27.469338],[153.0303,-27.469588],[153.03029,-27.469706],[153.03024,-27.469754],[153.030091,-27.469878],[153.02978,-27.470131],[153.029159,-27.470615],[153.027728,-27.471729],[153.027475,-27.471928],[153.026992,-27.472305],[153.026992,-27.472305],[153.025783,-27.473248],[153.026525,-27.474008],[153.027254,-27.474755],[153.02652,-27.475278],[153.026507,-27.475328],[153.026121,-27.475688],[153.02608,-27.475709],[153.026018,-27.475811],[153.025986,-27.475878],[153.025972,-27.475929],[153.025961,-27.476001],[153.025961,-27.47609],[153.02598,-27.476201],[153.026013,-27.476295],[153.026164,-27.476578],[153.026155,-27.476664],[153.026486,-27.477143],[153.02718,-27.478065],[153.028098,-27.479249],[153.030325,-27.482122],[153.030748,-27.482642],[153.030852,-27.482774],[153.031012,-27.48303],[153.031069,-27.483115],[153.031112,-27.483126],[153.031749,-27.484068],[153.031751,-27.484134],[153.031859,-27.484296],[153.031992,-27.48442],[153.032134,-27.484606],[153.032199,-27.484707],[153.032258,-27.48484],[153.032281,-27.485006],[153.032263,-27.485165],[153.032242,-27.485261],[153.032367,-27.485375],[153.032463,-27.48549],[153.03256,-27.485628],[153.032609,-27.485794],[153.032752,-27.485833],[153.032981,-27.48589],[153.033855,-27.486017],[153.033985,-27.486024],[153.034112,-27.486012],[153.034455,-27.485989],[153.034537,-27.486],[153.035068,-27.486073],[153.035068,-27.486073],[153.035155,-27.486085],[153.035298,-27.486105],[153.035601,-27.486205],[153.035886,-27.486323],[153.036004,-27.486366],[153.036342,-27.48644],[153.03667,-27.486497],[153.036825,-27.486528],[153.03691,-27.486549],[153.037278,-27.486605],[153.039417,-27.486967],[153.039654,-27.486987],[153.039654,-27.486987],[153.039754,-27.486996],[153.039824,-27.486998],[153.04017,-27.485183],[153.041033,-27.485306],[153.041234,-27.485345],[153.041434,-27.485372],[153.041434,-27.485372],[153.041866,-27.485431],[153.042311,-27.485497],[153.042596,-27.485538],[153.043013,-27.485602],[153.04364,-27.485701],[153.043762,-27.485718],[153.044125,-27.485772],[153.044125,-27.485772],[153.044782,-27.485869],[153.045307,-27.485947],[153.0458,-27.486023],[153.046462,-27.486128],[153.046462,-27.486128],[153.046789,-27.48618],[153.047791,-27.486337],[153.048922,-27.486513],[153.048922,-27.486513],[153.049195,-27.486557],[153.049779,-27.486649],[153.049863,-27.48672],[153.050012,-27.486863],[153.050126,-27.487111],[153.050054,-27.487598],[153.050078,-27.48766],[153.050112,-27.487701],[153.05014,-27.487729],[153.050196,-27.487745],[153.050263,-27.487758],[153.050723,-27.487667],[153.051151,-27.487656],[153.051748,-27.487753],[153.05228,-27.48781],[153.052775,-27.487841],[153.053035,-27.487763],[153.054004,-27.487382],[153.054058,-27.487064],[153.05409,-27.486981],[153.05409,-27.486981],[153.054121,-27.4869],[153.054163,-27.48684],[153.054411,-27.487213],[153.054477,-27.487306],[153.054637,-27.487526],[153.055045,-27.488184],[153.055436,-27.488769],[153.055728,-27.489174],[153.056047,-27.489678],[153.056192,-27.4899],[153.056192,-27.4899],[153.056618,-27.490553],[153.057136,-27.491337],[153.057471,-27.491859],[153.057653,-27.49212],[153.057872,-27.492447],[153.057872,-27.492447],[153.058,-27.492636],[153.058174,-27.492906],[153.058608,-27.493556],[153.058691,-27.493693],[153.058987,-27.49413],[153.058987,-27.49413],[153.059204,-27.49445],[153.059286,-27.494574],[153.059591,-27.49499],[153.060195,-27.49596],[153.060501,-27.496466],[153.060501,-27.496466],[153.060609,-27.496645],[153.060674,-27.496754],[153.061142,-27.497554],[153.061335,-27.497814],[153.061488,-27.498055],[153.061607,-27.498243],[153.06207,-27.49896],[153.062206,-27.499172],[153.062279,-27.499316],[153.062279,-27.499316],[153.062288,-27.499334],[153.06232,-27.499431],[153.062331,-27.499542],[153.062326,-27.49966],[153.062304,-27.499768],[153.062065,-27.500792],[153.061949,-27.501449],[153.061949,-27.501449],[153.061877,-27.501856],[153.061749,-27.502725],[153.061693,-27.503151],[153.061693,-27.503151],[153.061675,-27.50329],[153.061437,-27.504873],[153.061437,-27.504873],[153.061403,-27.505097],[153.061414,-27.505322],[153.061455,-27.505404],[153.061577,-27.505534],[153.061722,-27.50564],[153.062994,-27.506613],[153.063561,-27.506989],[153.063653,-27.507049],[153.063722,-27.507117],[153.063779,-27.507199],[153.063839,-27.507378],[153.063846,-27.507426],[153.063846,-27.507426],[153.063874,-27.507614],[153.063942,-27.508524],[153.064002,-27.509353],[153.064002,-27.509353],[153.064011,-27.509473],[153.064065,-27.510031],[153.064102,-27.510389],[153.06416,-27.510464],[153.064176,-27.510602],[153.064192,-27.510667],[153.064231,-27.510754],[153.064304,-27.510833],[153.064432,-27.51092],[153.064472,-27.510976],[153.066303,-27.51177],[153.066303,-27.51177],[153.066656,-27.511923],[153.067566,-27.512277],[153.06796,-27.512433],[153.06796,-27.512433],[153.068811,-27.512768],[153.068985,-27.512816],[153.069458,-27.512825],[153.069986,-27.512825],[153.069986,-27.512825],[153.070231,-27.512826],[153.070993,-27.51284],[153.072122,-27.513323],[153.072122,-27.513323],[153.072531,-27.513498],[153.072581,-27.513595],[153.072761,-27.515036],[153.072824,-27.515475],[153.072824,-27.515475],[153.072972,-27.51652],[153.073044,-27.516713],[153.073515,-27.517151],[153.073515,-27.517151],[153.073693,-27.517316],[153.074232,-27.517731],[153.074692,-27.517904],[153.074692,-27.517904],[153.075151,-27.518076],[153.076157,-27.518298],[153.076376,-27.518347],[153.078143,-27.518771],[153.078497,-27.518868],[153.078497,-27.518868],[153.078805,-27.518952],[153.080585,-27.518968],[153.080811,-27.518991],[153.081141,-27.519065],[153.081483,-27.519174],[153.081748,-27.519309],[153.082229,-27.519749],[153.0823,-27.51982],[153.0823,-27.51982],[153.08367,-27.521198],[153.08367,-27.521198],[153.083778,-27.521306],[153.083868,-27.521404],[153.08394,-27.521501],[153.086707,-27.52354],[153.086707,-27.52354],[153.087284,-27.523965],[153.087839,-27.524374],[153.088238,-27.524668],[153.088685,-27.525225],[153.088685,-27.525225],[153.08953,-27.526276],[153.090272,-27.527201],[153.090425,-27.527393],[153.090425,-27.527393],[153.090494,-27.527479],[153.092128,-27.529532],[153.092553,-27.530074],[153.092553,-27.530074],[153.09262,-27.53016],[153.09276,-27.530327],[153.092884,-27.530392],[153.093289,-27.530872],[153.093556,-27.531199],[153.093556,-27.531199],[153.093877,-27.531588],[153.09402,-27.531753],[153.094118,-27.531865],[153.094186,-27.531946],[153.094254,-27.532041],[153.094333,-27.532164],[153.094406,-27.532299],[153.094488,-27.532612],[153.09449,-27.532687],[153.094474,-27.532781],[153.094406,-27.533008],[153.094325,-27.533097],[153.094233,-27.533563],[153.094156,-27.534002],[153.094156,-27.534002],[153.094067,-27.534518],[153.094077,-27.53465],[153.093952,-27.535321],[153.093873,-27.535474],[153.093734,-27.536194],[153.093513,-27.537437],[153.093499,-27.537513],[153.093499,-27.537513],[153.093227,-27.538988],[153.093106,-27.539636],[153.093106,-27.539636],[153.093075,-27.539795],[153.092844,-27.541049],[153.092757,-27.541506],[153.092716,-27.541723],[153.092716,-27.541723],[153.092607,-27.542301],[153.092557,-27.542664],[153.092573,-27.542833],[153.092487,-27.543375],[153.092464,-27.543539],[153.092451,-27.543619],[153.092415,-27.54381],[153.09232,-27.544307],[153.092249,-27.544463],[153.092081,-27.545368],[153.091915,-27.546338],[153.091917,-27.546398],[153.091917,-27.546398],[153.09192,-27.546497],[153.091825,-27.546945],[153.091773,-27.547184],[153.091515,-27.548571],[153.091446,-27.54868],[153.091338,-27.549247],[153.091338,-27.549247],[153.091324,-27.549323],[153.090963,-27.551307],[153.090847,-27.551917],[153.090847,-27.551917],[153.090529,-27.553584],[153.090492,-27.553823],[153.090492,-27.553823],[153.09042,-27.554282],[153.090439,-27.554361],[153.090419,-27.554504],[153.090413,-27.554556],[153.090331,-27.555123],[153.090317,-27.55532],[153.09032,-27.555482],[153.090315,-27.555729],[153.090311,-27.555851],[153.090252,-27.556143],[153.090045,-27.556705],[153.08998,-27.556915],[153.089893,-27.557059],[153.089783,-27.557552],[153.089708,-27.557947],[153.089708,-27.557947],[153.089526,-27.558918],[153.08943,-27.55947],[153.089381,-27.559633],[153.089255,-27.560333],[153.089255,-27.560333],[153.089128,-27.561038],[153.088941,-27.562031],[153.088688,-27.563379],[153.088325,-27.563452],[153.087741,-27.563728],[153.086952,-27.564017],[153.086841,-27.564052],[153.086218,-27.564234],[153.086131,-27.564275],[153.08599,-27.564383],[153.085669,-27.564748],[153.085669,-27.564748],[153.085269,-27.565202],[153.085154,-27.565276],[153.085089,-27.565299],[153.085,-27.565306],[153.08489,-27.565302],[153.084555,-27.565255],[153.08445,-27.56525],[153.084265,-27.565261],[153.08427,-27.565276],[153.084274,-27.565299],[153.084271,-27.565322],[153.084262,-27.565344],[153.084249,-27.565365],[153.084231,-27.565383],[153.084227,-27.565385],[153.084209,-27.565396],[153.084185,-27.565406],[153.084159,-27.565411],[153.084133,-27.565411],[153.084118,-27.565408],[153.084107,-27.565406],[153.084083,-27.565396],[153.084061,-27.565383],[153.084043,-27.565365],[153.08403,-27.565345],[153.084022,-27.565322],[153.084019,-27.565302],[153.08379,-27.565307],[153.083401,-27.565258],[153.082576,-27.565004],[153.081939,-27.564616],[153.081192,-27.564184],[153.081108,-27.564136],[153.079869,-27.563282],[153.079972,-27.563249],[153.080077,-27.563228],[153.080201,-27.563216],[153.080233,-27.563215]]}},{"type":"Feature","properties":{"route":"185","name":"Garden City - City/Valley","category":"intermediate_bus","route_type":"3","shape_id":"1850019"},"geometry":{"type":"LineString","coordinates":[[153.080616,-27.563486],[153.081329,-27.563949],[153.081261,-27.564065],[153.081192,-27.564184],[153.081939,-27.564616],[153.082576,-27.565004],[153.083401,-27.565258],[153.08379,-27.565307],[153.084019,-27.565302],[153.084022,-27.565276],[153.08403,-27.565253],[153.084044,-27.565233],[153.084061,-27.565215],[153.084083,-27.565202],[153.084107,-27.565192],[153.084133,-27.565187],[153.084159,-27.565187],[153.084185,-27.565192],[153.084209,-27.565202],[153.084231,-27.565215],[153.084249,-27.565233],[153.084262,-27.565253],[153.084265,-27.565261],[153.08445,-27.56525],[153.084555,-27.565255],[153.08489,-27.565302],[153.085,-27.565306],[153.085089,-27.565299],[153.085154,-27.565276],[153.085269,-27.565202],[153.08599,-27.564383],[153.086131,-27.564275],[153.086218,-27.564234],[153.086841,-27.564052],[153.086952,-27.564017],[153.087741,-27.563728],[153.088325,-27.563452],[153.088688,-27.563379],[153.088941,-27.562031],[153.089041,-27.561498],[153.089041,-27.561498],[153.089128,-27.561038],[153.089316,-27.55999],[153.089316,-27.55999],[153.089381,-27.559633],[153.08943,-27.55947],[153.089526,-27.558918],[153.089783,-27.557552],[153.089851,-27.557248],[153.089851,-27.557248],[153.089893,-27.557059],[153.089898,-27.556898],[153.090007,-27.556483],[153.090087,-27.556228],[153.090175,-27.555921],[153.090182,-27.555802],[153.090227,-27.555275],[153.090277,-27.554932],[153.090277,-27.554932],[153.090335,-27.554545],[153.090343,-27.554495],[153.090369,-27.554346],[153.09042,-27.554282],[153.090529,-27.553584],[153.09084,-27.551956],[153.09084,-27.551956],[153.090963,-27.551307],[153.091304,-27.549435],[153.091304,-27.549435],[153.091324,-27.549323],[153.091446,-27.54868],[153.091431,-27.548559],[153.091675,-27.547172],[153.091738,-27.546844],[153.091831,-27.546485],[153.091896,-27.546372],[153.091896,-27.546372],[153.091915,-27.546338],[153.092081,-27.545368],[153.092249,-27.544463],[153.092247,-27.544297],[153.092315,-27.543849],[153.092315,-27.543849],[153.092352,-27.543608],[153.092366,-27.543528],[153.092489,-27.542823],[153.092557,-27.542664],[153.092607,-27.542301],[153.092695,-27.541833],[153.092695,-27.541833],[153.092757,-27.541506],[153.092844,-27.541049],[153.093075,-27.539795],[153.093174,-27.539271],[153.093174,-27.539271],[153.093227,-27.538988],[153.093513,-27.537437],[153.093564,-27.53715],[153.093564,-27.53715],[153.093734,-27.536194],[153.093873,-27.535474],[153.093876,-27.535311],[153.094001,-27.534641],[153.094067,-27.534518],[153.094177,-27.53388],[153.094177,-27.53388],[153.094233,-27.533563],[153.094325,-27.533097],[153.094316,-27.532981],[153.094368,-27.532653],[153.094354,-27.532565],[153.094315,-27.532408],[153.094244,-27.532227],[153.0942,-27.53216],[153.094135,-27.532071],[153.094016,-27.531931],[153.093921,-27.531814],[153.093809,-27.531682],[153.093596,-27.531418],[153.093596,-27.531418],[153.093199,-27.530927],[153.092805,-27.530438],[153.09276,-27.530327],[153.09262,-27.53016],[153.092432,-27.52992],[153.092432,-27.52992],[153.092128,-27.529532],[153.090494,-27.527479],[153.090272,-27.527201],[153.090013,-27.526878],[153.090013,-27.526878],[153.08953,-27.526276],[153.088843,-27.525419],[153.088843,-27.525419],[153.088238,-27.524668],[153.087839,-27.524374],[153.087284,-27.523965],[153.086759,-27.523578],[153.086759,-27.523578],[153.08394,-27.521501],[153.083868,-27.521404],[153.083778,-27.521306],[153.083632,-27.52116],[153.083632,-27.52116],[153.082516,-27.520037],[153.082516,-27.520037],[153.082229,-27.519749],[153.081748,-27.519309],[153.081483,-27.519174],[153.081141,-27.519065],[153.080811,-27.518991],[153.080585,-27.518968],[153.079369,-27.518957],[153.079369,-27.518957],[153.078805,-27.518952],[153.078143,-27.518771],[153.076722,-27.51843],[153.076722,-27.51843],[153.076376,-27.518347],[153.076157,-27.518298],[153.075151,-27.518076],[153.074455,-27.517815],[153.074455,-27.517815],[153.074232,-27.517731],[153.073693,-27.517316],[153.073304,-27.516954],[153.073304,-27.516954],[153.073044,-27.516713],[153.072972,-27.51652],[153.072761,-27.515036],[153.072669,-27.514306],[153.072669,-27.514306],[153.072581,-27.513595],[153.072531,-27.513498],[153.071965,-27.513256],[153.071965,-27.513256],[153.070993,-27.51284],[153.070231,-27.512826],[153.069764,-27.512826],[153.069764,-27.512826],[153.069458,-27.512825],[153.068985,-27.512816],[153.068811,-27.512768],[153.067566,-27.512277],[153.067033,-27.512069],[153.067033,-27.512069],[153.066656,-27.511923],[153.064472,-27.510976],[153.064391,-27.510969],[153.064236,-27.510889],[153.064179,-27.510831],[153.064138,-27.510759],[153.064105,-27.510677],[153.064084,-27.510512],[153.064084,-27.510467],[153.064102,-27.510389],[153.064065,-27.510031],[153.064011,-27.509473],[153.063991,-27.509192],[153.063991,-27.509192],[153.063942,-27.508524],[153.063874,-27.507614],[153.063839,-27.507378],[153.063779,-27.507199],[153.063722,-27.507117],[153.063653,-27.507049],[153.063561,-27.506989],[153.063102,-27.506685],[153.063102,-27.506685],[153.062994,-27.506613],[153.061722,-27.50564],[153.061577,-27.505534],[153.061455,-27.505404],[153.061414,-27.505322],[153.061403,-27.505097],[153.061526,-27.504285],[153.061526,-27.504285],[153.061675,-27.50329],[153.061749,-27.502725],[153.061877,-27.501856],[153.061915,-27.501645],[153.061915,-27.501645],[153.062065,-27.500792],[153.062304,-27.499768],[153.062326,-27.49966],[153.062331,-27.499542],[153.06232,-27.499431],[153.062288,-27.499334],[153.062206,-27.499172],[153.06207,-27.49896],[153.061801,-27.498542],[153.061801,-27.498542],[153.061607,-27.498243],[153.061488,-27.498055],[153.061335,-27.497814],[153.061142,-27.497554],[153.060724,-27.496839],[153.060724,-27.496839],[153.060674,-27.496754],[153.060609,-27.496645],[153.060195,-27.49596],[153.059669,-27.495116],[153.059669,-27.495116],[153.059591,-27.49499],[153.059286,-27.494574],[153.059204,-27.49445],[153.058691,-27.493693],[153.058608,-27.493556],[153.058174,-27.492906],[153.058,-27.492636],[153.057858,-27.492425],[153.057858,-27.492425],[153.057653,-27.49212],[153.057471,-27.491859],[153.057136,-27.491337],[153.056618,-27.490553],[153.056229,-27.489957],[153.056229,-27.489957],[153.056047,-27.489678],[153.055728,-27.489174],[153.055436,-27.488769],[153.055045,-27.488184],[153.054908,-27.487964],[153.054908,-27.487964],[153.054637,-27.487526],[153.054452,-27.487475],[153.054309,-27.487447],[153.054109,-27.487453],[153.053473,-27.487712],[153.053222,-27.487805],[153.05306,-27.48785],[153.052775,-27.487841],[153.05228,-27.48781],[153.051748,-27.487753],[153.051151,-27.487656],[153.050723,-27.487667],[153.050263,-27.487758],[153.05,-27.48783],[153.049402,-27.488001],[153.049125,-27.488072],[153.049125,-27.488072],[153.048887,-27.488133],[153.04831,-27.488301],[153.048076,-27.488341],[153.04791,-27.488346],[153.047413,-27.488282],[153.04714,-27.488237],[153.04714,-27.488237],[153.046411,-27.48812],[153.04618,-27.488096],[153.045738,-27.488074],[153.04542,-27.488031],[153.044601,-27.487895],[153.044601,-27.487895],[153.044419,-27.487865],[153.043894,-27.48778],[153.043268,-27.487678],[153.04286,-27.487607],[153.04286,-27.487607],[153.042638,-27.487568],[153.041986,-27.487466],[153.040839,-27.487282],[153.040143,-27.487182],[153.040143,-27.487182],[153.039798,-27.487133],[153.037131,-27.486707],[153.036256,-27.486564],[153.036006,-27.486525],[153.035884,-27.486508],[153.035886,-27.486323],[153.035601,-27.486205],[153.035298,-27.486105],[153.035155,-27.486085],[153.034659,-27.486018],[153.034659,-27.486018],[153.034537,-27.486],[153.034455,-27.485989],[153.034112,-27.486012],[153.033985,-27.486024],[153.033855,-27.486017],[153.032981,-27.48589],[153.032752,-27.485833],[153.032609,-27.485794],[153.03256,-27.485628],[153.032463,-27.48549],[153.032367,-27.485375],[153.032242,-27.485261],[153.032027,-27.485159],[153.0318,-27.485074],[153.031463,-27.48497],[153.031078,-27.48488],[153.030593,-27.484816],[153.0305,-27.485231],[153.030409,-27.485634],[153.03081,-27.485689],[153.030875,-27.485691],[153.03093,-27.485672],[153.030992,-27.48562],[153.031014,-27.485568],[153.031041,-27.48534],[153.031076,-27.485136],[153.03111,-27.485072],[153.031187,-27.484564],[153.031219,-27.484351],[153.031225,-27.484143],[153.031188,-27.483936],[153.031137,-27.483748],[153.031168,-27.48366],[153.031036,-27.483343],[153.030892,-27.483051],[153.030776,-27.482848],[153.030697,-27.482738],[153.030226,-27.482165],[153.027998,-27.479281],[153.026369,-27.477185],[153.026272,-27.47717],[153.025862,-27.476725],[153.025112,-27.475742],[153.025038,-27.475537],[153.02503,-27.475379],[153.025053,-27.475271],[153.0251,-27.47517],[153.025153,-27.475094],[153.025226,-27.475007],[153.025528,-27.474776],[153.025602,-27.474712],[153.025734,-27.474598],[153.025803,-27.474541],[153.026525,-27.474008],[153.027856,-27.472962],[153.028067,-27.472799],[153.028067,-27.472799],[153.028209,-27.472688],[153.029896,-27.471372],[153.030217,-27.471123],[153.030518,-27.47089],[153.02978,-27.470131],[153.030091,-27.469878],[153.03024,-27.469754],[153.03029,-27.469706],[153.0303,-27.469588],[153.030257,-27.469338],[153.030118,-27.468516],[153.029792,-27.468187],[153.029368,-27.467787],[153.029672,-27.467564],[153.029772,-27.467487],[153.029883,-27.467395],[153.029987,-27.467244],[153.03016,-27.466617],[153.03016,-27.466617],[153.030208,-27.466444],[153.030365,-27.465869],[153.030318,-27.465719],[153.031189,-27.464953],[153.031257,-27.464772],[153.031432,-27.464027],[153.031442,-27.463832],[153.031424,-27.46369],[153.03137,-27.463524],[153.03123,-27.463023],[153.031208,-27.46284],[153.031208,-27.462757],[153.031208,-27.462757],[153.031205,-27.462336],[153.031192,-27.461816],[153.031222,-27.461607],[153.03125,-27.461538],[153.031423,-27.461131],[153.031526,-27.460942],[153.03168,-27.460616],[153.031727,-27.460482],[153.031852,-27.459874],[153.031838,-27.459543],[153.031866,-27.459375],[153.032069,-27.459098],[153.032069,-27.459098],[153.032125,-27.459023],[153.032465,-27.458711],[153.033045,-27.458084],[153.033692,-27.457431],[153.034028,-27.457096],[153.034324,-27.456801],[153.034641,-27.457022],[153.03489,-27.457218]]}},{"type":"Feature","properties":{"route":"204","name":"Carindale - City/Valley","category":"intermediate_bus","route_type":"3","shape_id":"2040642"},"geometry":{"type":"LineString","coordinates":[[153.035128,-27.457407],[153.035658,-27.457825],[153.035546,-27.457938],[153.035404,-27.45808],[153.035015,-27.458477],[153.034365,-27.459116],[153.03427,-27.459217],[153.033799,-27.459679],[153.033552,-27.459927],[153.033224,-27.460257],[153.033224,-27.460257],[153.032581,-27.460906],[153.032457,-27.461044],[153.031792,-27.461724],[153.031704,-27.461829],[153.031706,-27.461849],[153.031676,-27.46196],[153.031592,-27.46211],[153.031512,-27.462221],[153.031419,-27.462367],[153.031342,-27.462544],[153.031294,-27.462699],[153.031278,-27.462823],[153.031307,-27.463004],[153.031371,-27.4633],[153.03137,-27.463524],[153.031424,-27.46369],[153.031442,-27.463832],[153.031432,-27.464027],[153.031257,-27.464772],[153.031189,-27.464953],[153.030318,-27.465719],[153.030365,-27.465869],[153.030208,-27.466444],[153.029987,-27.467244],[153.02998,-27.467269],[153.02998,-27.467269],[153.029916,-27.467519],[153.029876,-27.467645],[153.029764,-27.467966],[153.029764,-27.468085],[153.029792,-27.468187],[153.030118,-27.468516],[153.030257,-27.469338],[153.0303,-27.469588],[153.03029,-27.469706],[153.03024,-27.469754],[153.030091,-27.469878],[153.02978,-27.470131],[153.029159,-27.470615],[153.027728,-27.471729],[153.027475,-27.471928],[153.026992,-27.472305],[153.026992,-27.472305],[153.025783,-27.473248],[153.026525,-27.474008],[153.027254,-27.474755],[153.02652,-27.475278],[153.026507,-27.475328],[153.026121,-27.475688],[153.02608,-27.475709],[153.026018,-27.475811],[153.025986,-27.475878],[153.025972,-27.475929],[153.025961,-27.476001],[153.025961,-27.47609],[153.02598,-27.476201],[153.026013,-27.476295],[153.026164,-27.476578],[153.026155,-27.476664],[153.026486,-27.477143],[153.02718,-27.478065],[153.028098,-27.479249],[153.030325,-27.482122],[153.030748,-27.482642],[153.030852,-27.482774],[153.031012,-27.48303],[153.031069,-27.483115],[153.031112,-27.483126],[153.031749,-27.484068],[153.031751,-27.484134],[153.031859,-27.484296],[153.031992,-27.48442],[153.032134,-27.484606],[153.032199,-27.484707],[153.032258,-27.48484],[153.032281,-27.485006],[153.032263,-27.485165],[153.032242,-27.485261],[153.032367,-27.485375],[153.032463,-27.48549],[153.03256,-27.485628],[153.032609,-27.485794],[153.032752,-27.485833],[153.032981,-27.48589],[153.033855,-27.486017],[153.033985,-27.486024],[153.034112,-27.486012],[153.034455,-27.485989],[153.034537,-27.486],[153.035068,-27.486073],[153.035068,-27.486073],[153.035155,-27.486085],[153.035298,-27.486105],[153.035601,-27.486205],[153.035886,-27.486323],[153.036004,-27.486366],[153.036342,-27.48644],[153.03667,-27.486497],[153.036825,-27.486528],[153.03691,-27.486549],[153.036985,-27.486582],[153.037072,-27.486644],[153.037131,-27.486707],[153.037349,-27.486844],[153.037506,-27.487073],[153.037547,-27.487162],[153.037547,-27.487162],[153.037561,-27.487193],[153.037577,-27.487297],[153.037566,-27.487381],[153.037528,-27.487446],[153.037278,-27.487596],[153.037413,-27.487755],[153.037549,-27.487938],[153.037653,-27.488102],[153.037767,-27.4883],[153.038315,-27.489319],[153.038315,-27.489319],[153.038358,-27.4894],[153.038502,-27.489449],[153.03873,-27.48962],[153.03891,-27.489748],[153.039245,-27.489975],[153.039861,-27.490514],[153.040149,-27.490772],[153.040261,-27.490881],[153.040367,-27.49103],[153.04047,-27.491206],[153.040726,-27.491674],[153.040973,-27.49213],[153.041019,-27.49227],[153.041106,-27.492678],[153.041106,-27.492678],[153.041252,-27.493363],[153.041412,-27.494096],[153.04144,-27.494294],[153.041455,-27.494444],[153.04145,-27.494632],[153.041431,-27.495019],[153.041431,-27.495019],[153.041423,-27.495174],[153.041382,-27.495893],[153.041355,-27.496182],[153.041358,-27.496315],[153.041382,-27.496457],[153.041458,-27.496628],[153.041534,-27.496768],[153.041674,-27.496965],[153.041695,-27.496987],[153.041793,-27.497098],[153.042121,-27.497501],[153.042121,-27.497501],[153.042184,-27.497578],[153.042271,-27.497723],[153.042316,-27.497804],[153.042328,-27.497806],[153.042355,-27.497817],[153.04238,-27.497833],[153.0424,-27.497852],[153.042415,-27.497875],[153.042424,-27.497901],[153.042427,-27.49793],[153.042498,-27.49797],[153.042599,-27.498016],[153.042683,-27.49805],[153.04308,-27.498165],[153.043268,-27.498212],[153.043458,-27.498264],[153.043754,-27.498343],[153.043754,-27.498343],[153.04454,-27.498551],[153.044792,-27.498583],[153.045343,-27.498615],[153.045343,-27.498615],[153.04549,-27.498623],[153.046648,-27.498667],[153.046727,-27.498667],[153.046806,-27.498667],[153.047608,-27.4987],[153.04829,-27.498753],[153.048462,-27.498765],[153.048462,-27.498765],[153.049682,-27.498855],[153.050158,-27.498833],[153.050686,-27.498794],[153.05078,-27.498799],[153.050981,-27.498802],[153.051343,-27.498768],[153.051669,-27.498703],[153.052111,-27.498594],[153.052111,-27.498594],[153.05233,-27.49854],[153.052468,-27.498487],[153.052597,-27.498422],[153.052683,-27.498405],[153.053127,-27.497993],[153.05385,-27.497455],[153.053952,-27.497398],[153.054741,-27.496859],[153.055041,-27.496732],[153.055041,-27.496732],[153.055704,-27.496452],[153.056545,-27.496121],[153.056545,-27.496121],[153.056768,-27.496033],[153.057162,-27.495814],[153.05755,-27.495511],[153.057701,-27.495388],[153.057863,-27.495212],[153.058349,-27.494903],[153.058607,-27.494766],[153.058607,-27.494766],[153.059204,-27.49445],[153.060685,-27.493639],[153.060685,-27.493639],[153.060994,-27.493471],[153.062444,-27.49266],[153.062674,-27.492544],[153.062945,-27.492461],[153.063313,-27.492356],[153.063775,-27.492228],[153.063775,-27.492228],[153.064004,-27.492165],[153.064172,-27.49212],[153.064357,-27.492084],[153.064442,-27.492069],[153.065481,-27.491931],[153.065991,-27.491869],[153.065991,-27.491869],[153.066361,-27.491825],[153.067621,-27.491646],[153.068028,-27.491516],[153.068036,-27.491514],[153.068036,-27.491514],[153.068485,-27.491386],[153.068944,-27.491239],[153.06926,-27.491164],[153.06952,-27.491123],[153.069702,-27.491133],[153.070282,-27.491253],[153.070511,-27.491307],[153.070511,-27.491307],[153.070668,-27.491344],[153.071069,-27.491457],[153.071465,-27.491605],[153.071726,-27.491704],[153.072029,-27.491846],[153.072225,-27.491977],[153.072225,-27.491977],[153.072548,-27.492191],[153.072889,-27.492418],[153.073039,-27.492481],[153.073226,-27.492509],[153.07353,-27.492529],[153.073813,-27.492539],[153.074349,-27.492551],[153.074575,-27.492573],[153.074592,-27.492577],[153.074592,-27.492577],[153.074823,-27.492634],[153.075409,-27.492812],[153.075676,-27.49286],[153.077226,-27.493049],[153.077324,-27.493059],[153.078239,-27.493025],[153.07927,-27.493031],[153.079633,-27.493026],[153.079633,-27.493026],[153.080082,-27.493019],[153.081148,-27.493011],[153.082163,-27.493009],[153.083416,-27.493015],[153.083656,-27.493019],[153.08406,-27.493091],[153.084063,-27.493092],[153.084063,-27.493092],[153.084368,-27.493208],[153.084563,-27.493306],[153.08477,-27.493464],[153.085048,-27.493798],[153.085425,-27.494285],[153.085494,-27.494382],[153.085863,-27.494886],[153.085863,-27.494886],[153.086107,-27.495219],[153.086221,-27.49535],[153.086516,-27.495597],[153.086687,-27.495708],[153.086951,-27.495807],[153.087196,-27.495844],[153.088305,-27.495692],[153.088305,-27.495692],[153.088672,-27.495641],[153.089397,-27.495537],[153.090789,-27.495314],[153.091085,-27.495283],[153.091588,-27.495326],[153.091611,-27.495328],[153.091611,-27.495328],[153.092062,-27.495374],[153.092997,-27.495491],[153.093192,-27.495513],[153.09411,-27.495636],[153.094411,-27.495687],[153.094384,-27.495823],[153.094243,-27.496585],[153.094243,-27.496585],[153.094207,-27.496783],[153.094054,-27.497583],[153.093997,-27.497897],[153.093923,-27.498285],[153.093923,-27.498285],[153.093453,-27.500768],[153.093405,-27.501018],[153.093405,-27.501018],[153.093011,-27.503095],[153.093011,-27.503095],[153.092996,-27.503176],[153.092981,-27.503278],[153.092827,-27.504087],[153.092841,-27.504089],[153.092861,-27.504097],[153.092878,-27.504108],[153.092893,-27.504122],[153.092903,-27.504138],[153.092909,-27.504156],[153.092911,-27.504175],[153.092909,-27.50419],[153.093637,-27.504299],[153.093637,-27.504299],[153.093819,-27.504326],[153.093825,-27.504304],[153.093836,-27.504288],[153.09385,-27.504274],[153.093867,-27.504263],[153.093887,-27.504255],[153.093907,-27.504252],[153.093935,-27.504253],[153.093949,-27.504255],[153.093969,-27.504263],[153.093986,-27.504274],[153.094,-27.504288],[153.094011,-27.504304],[153.094017,-27.504322],[153.094019,-27.504341],[153.094017,-27.504356],[153.094924,-27.50449],[153.095255,-27.504538],[153.095255,-27.504538],[153.09593,-27.504636],[153.096723,-27.504753],[153.09709,-27.504808],[153.09709,-27.504808],[153.098549,-27.505026],[153.099055,-27.505105],[153.099163,-27.505091],[153.099322,-27.505108],[153.099538,-27.505136],[153.099728,-27.505164],[153.099897,-27.505181],[153.100738,-27.505303],[153.100738,-27.505303],[153.101586,-27.505424],[153.101664,-27.505444],[153.101682,-27.505431],[153.101698,-27.505425],[153.101716,-27.505422],[153.101733,-27.505422],[153.101752,-27.505425],[153.101768,-27.505431],[153.101783,-27.505441],[153.101795,-27.505453],[153.101804,-27.505467],[153.10181,-27.505482],[153.101812,-27.505498],[153.10181,-27.505514],[153.101804,-27.505531],[153.101989,-27.505612],[153.102205,-27.505694],[153.102367,-27.505731],[153.102483,-27.505732],[153.102485,-27.505714],[153.102491,-27.505697],[153.102501,-27.505682],[153.102514,-27.505669],[153.10253,-27.505658],[153.102548,-27.505651],[153.102564,-27.505648],[153.102561,-27.505567],[153.102653,-27.505393],[153.102974,-27.504842],[153.103032,-27.504667],[153.103128,-27.504175],[153.10327,-27.503446],[153.103275,-27.503421],[153.103275,-27.503421],[153.103404,-27.502763],[153.103414,-27.502713],[153.103395,-27.502659],[153.103405,-27.502606],[153.10342,-27.502513],[153.1035,-27.502045],[153.103505,-27.501894],[153.10348,-27.501884],[153.103454,-27.501867],[153.103432,-27.501846],[153.103416,-27.501822],[153.103406,-27.501794],[153.103403,-27.501766],[153.103405,-27.501749],[153.103319,-27.50169],[153.103242,-27.501597],[153.103191,-27.501499],[153.103144,-27.501344],[153.103084,-27.501242],[153.102976,-27.501146],[153.102912,-27.501121],[153.102795,-27.50109],[153.102297,-27.501002],[153.102283,-27.501017],[153.102262,-27.50103],[153.102238,-27.50104],[153.102212,-27.501045],[153.102186,-27.501045],[153.10216,-27.50104],[153.102149,-27.501036],[153.102137,-27.50103],[153.102115,-27.501017],[153.102098,-27.500999],[153.102085,-27.500979],[153.102076,-27.500957],[153.102076,-27.500952],[153.102074,-27.500934],[153.102076,-27.500911],[153.102085,-27.500889],[153.102096,-27.500872],[153.102115,-27.500851],[153.102136,-27.500838],[153.10216,-27.500828],[153.102186,-27.500823],[153.102212,-27.500823],[153.102236,-27.500828],[153.10239,-27.500485],[153.102523,-27.500171],[153.102695,-27.499821],[153.102859,-27.499542],[153.102999,-27.499371],[153.10319,-27.499201],[153.103372,-27.499054],[153.103537,-27.498936],[153.103688,-27.498895],[153.103831,-27.498878],[153.10383,-27.498866],[153.103832,-27.498847],[153.103838,-27.498829],[153.10385,-27.498813],[153.103863,-27.498799],[153.10388,-27.498788],[153.1039,-27.49878],[153.10392,-27.498777],[153.103942,-27.498777],[153.103962,-27.49878],[153.103973,-27.498785],[153.104036,-27.498664],[153.104134,-27.498602],[153.105218,-27.498153],[153.105568,-27.498022],[153.105841,-27.497898],[153.105863,-27.497885],[153.105863,-27.497885],[153.106022,-27.497795],[153.106739,-27.497371],[153.10728,-27.497047],[153.107356,-27.496799],[153.107454,-27.496331],[153.107514,-27.496065],[153.107727,-27.496102],[153.108178,-27.496168],[153.108178,-27.496168],[153.108362,-27.496195],[153.109163,-27.49632],[153.10952,-27.496354],[153.109679,-27.496342],[153.109852,-27.496304],[153.110618,-27.495865],[153.110785,-27.495799],[153.111162,-27.495799],[153.111942,-27.495909],[153.111942,-27.495909],[153.113083,-27.496071],[153.113392,-27.496111],[153.113392,-27.496111],[153.113963,-27.496185],[153.114094,-27.495477],[153.114267,-27.494806],[153.114389,-27.494326],[153.114389,-27.494326],[153.114444,-27.494112],[153.114704,-27.493294],[153.11443,-27.493307],[153.112172,-27.492979],[153.112061,-27.492963],[153.112061,-27.492963],[153.110761,-27.492775],[153.109071,-27.492525],[153.109071,-27.492525],[153.108238,-27.492402],[153.107189,-27.492246],[153.107189,-27.492246],[153.106095,-27.492083],[153.105346,-27.491977],[153.104208,-27.491814],[153.10366,-27.491717],[153.10366,-27.491717],[153.102829,-27.49157],[153.102545,-27.49152],[153.102396,-27.491497],[153.102224,-27.49148],[153.101989,-27.491489],[153.101907,-27.491446],[153.101818,-27.491387],[153.10177,-27.491252],[153.101713,-27.491119],[153.101363,-27.490468],[153.101129,-27.490049],[153.100348,-27.489922],[153.100214,-27.489863],[153.100052,-27.48984],[153.100052,-27.48984],[153.098922,-27.489678],[153.098216,-27.48958],[153.097437,-27.489469],[153.097437,-27.489469],[153.097349,-27.489456],[153.096345,-27.489314],[153.096199,-27.490077],[153.096199,-27.490077],[153.095771,-27.49231],[153.096367,-27.492397],[153.096881,-27.492471]]}},{"type":"Feature","properties":{"route":"204","name":"Carindale - City/Valley","category":"intermediate_bus","route_type":"3","shape_id":"2040643"},"geometry":{"type":"LineString","coordinates":[[153.096881,-27.492471],[153.097155,-27.492512],[153.099755,-27.492889],[153.100464,-27.492992],[153.100676,-27.493024],[153.100676,-27.493024],[153.101617,-27.49316],[153.101704,-27.492575],[153.101793,-27.492004],[153.10185,-27.491908],[153.101891,-27.491745],[153.101897,-27.491522],[153.101904,-27.491491],[153.101986,-27.49141],[153.102069,-27.491398],[153.102164,-27.491396],[153.102374,-27.49141],[153.102629,-27.491457],[153.102629,-27.491457],[153.103729,-27.49166],[153.104224,-27.491742],[153.104742,-27.491817],[153.105355,-27.491906],[153.106101,-27.492017],[153.107154,-27.492169],[153.107154,-27.492169],[153.107381,-27.492203],[153.107946,-27.492285],[153.108246,-27.492329],[153.108633,-27.492386],[153.10874,-27.492402],[153.109479,-27.492511],[153.109731,-27.492548],[153.11,-27.492588],[153.11,-27.492588],[153.110769,-27.492702],[153.112204,-27.492911],[153.112204,-27.492911],[153.112519,-27.492957],[153.11443,-27.493233],[153.114704,-27.493294],[153.114444,-27.494112],[153.114356,-27.494455],[153.114356,-27.494455],[153.114267,-27.494806],[153.114094,-27.495477],[153.113963,-27.496185],[153.113477,-27.496122],[153.113477,-27.496122],[153.113083,-27.496071],[153.111491,-27.495846],[153.111491,-27.495846],[153.111162,-27.495799],[153.110785,-27.495799],[153.110618,-27.495865],[153.109852,-27.496304],[153.109679,-27.496342],[153.10952,-27.496354],[153.109163,-27.49632],[153.108362,-27.496195],[153.107914,-27.496129],[153.107914,-27.496129],[153.107727,-27.496102],[153.107514,-27.496065],[153.107454,-27.496331],[153.107356,-27.496799],[153.10728,-27.497047],[153.106739,-27.497371],[153.106022,-27.497795],[153.105841,-27.497898],[153.105822,-27.497907],[153.105822,-27.497907],[153.105568,-27.498022],[153.105218,-27.498153],[153.104134,-27.498602],[153.104036,-27.498664],[153.103973,-27.498785],[153.103982,-27.498788],[153.103999,-27.498799],[153.104014,-27.498813],[153.104024,-27.498829],[153.10403,-27.498847],[153.104032,-27.498866],[153.10403,-27.498885],[153.104024,-27.498903],[153.104009,-27.498923],[153.103999,-27.498933],[153.103982,-27.498944],[153.103962,-27.498952],[153.103942,-27.498955],[153.103921,-27.498955],[153.1039,-27.498952],[153.10388,-27.498944],[153.103863,-27.498933],[153.103849,-27.498919],[153.103838,-27.498903],[153.103831,-27.498878],[153.103688,-27.498895],[153.103537,-27.498936],[153.103372,-27.499054],[153.10319,-27.499201],[153.102999,-27.499371],[153.102859,-27.499542],[153.102695,-27.499821],[153.102523,-27.500171],[153.10239,-27.500485],[153.102236,-27.500828],[153.102262,-27.500838],[153.102283,-27.500851],[153.1023,-27.500869],[153.102314,-27.500889],[153.10232,-27.500905],[153.102845,-27.501],[153.102956,-27.501042],[153.10302,-27.50107],[153.103099,-27.501127],[153.10316,-27.501211],[153.103217,-27.50131],[153.103245,-27.501408],[153.10328,-27.501501],[153.103363,-27.501583],[153.103466,-27.501657],[153.10348,-27.501648],[153.103509,-27.501636],[153.103541,-27.50163],[153.103573,-27.50163],[153.103585,-27.501632],[153.103605,-27.501636],[153.103634,-27.501648],[153.10366,-27.501665],[153.103682,-27.501686],[153.103698,-27.50171],[153.103708,-27.501738],[153.103712,-27.501766],[153.103709,-27.501794],[153.103698,-27.501822],[153.103682,-27.501845],[153.10366,-27.501867],[153.103634,-27.501884],[153.103608,-27.501895],[153.1035,-27.502507],[153.103455,-27.502673],[153.103414,-27.502713],[153.103404,-27.502763],[153.10327,-27.503446],[153.103128,-27.504175],[153.102463,-27.504045],[153.102633,-27.503321],[153.102679,-27.503124],[153.102679,-27.503124],[153.102788,-27.502657],[153.103404,-27.502763],[153.10327,-27.503446],[153.103128,-27.504175],[153.103032,-27.504667],[153.102974,-27.504842],[153.102653,-27.505393],[153.102561,-27.505567],[153.102564,-27.505648],[153.102607,-27.505651],[153.102624,-27.505658],[153.102653,-27.505682],[153.102663,-27.505697],[153.102669,-27.505714],[153.102671,-27.505731],[153.102663,-27.505765],[153.10264,-27.505793],[153.102615,-27.505807],[153.102606,-27.505811],[153.102587,-27.505814],[153.102567,-27.505814],[153.102548,-27.505811],[153.10253,-27.505804],[153.102515,-27.505793],[153.102501,-27.50578],[153.102491,-27.505765],[153.102485,-27.505748],[153.102483,-27.505732],[153.102367,-27.505731],[153.102205,-27.505694],[153.101989,-27.505612],[153.101804,-27.505531],[153.101795,-27.505543],[153.101783,-27.505555],[153.101768,-27.505565],[153.101752,-27.505571],[153.101734,-27.505574],[153.101716,-27.505574],[153.101698,-27.505571],[153.101682,-27.505565],[153.101667,-27.505555],[153.101655,-27.505543],[153.101646,-27.505529],[153.10164,-27.505514],[153.101639,-27.505504],[153.10145,-27.505474],[153.100953,-27.505403],[153.100953,-27.505403],[153.100046,-27.505274],[153.099712,-27.505233],[153.099528,-27.505207],[153.099157,-27.50515],[153.099055,-27.505105],[153.098549,-27.505026],[153.096927,-27.504783],[153.096927,-27.504783],[153.096723,-27.504753],[153.09593,-27.504636],[153.094924,-27.50449],[153.094017,-27.504356],[153.094012,-27.504378],[153.094,-27.504394],[153.093986,-27.504408],[153.093969,-27.504419],[153.093949,-27.504427],[153.093929,-27.50443],[153.093901,-27.504429],[153.093887,-27.504427],[153.093867,-27.504419],[153.09385,-27.504408],[153.093836,-27.504394],[153.093825,-27.504378],[153.093819,-27.50436],[153.093817,-27.504341],[153.093819,-27.504326],[153.093121,-27.504222],[153.093121,-27.504222],[153.092909,-27.50419],[153.092903,-27.504212],[153.092892,-27.504228],[153.092878,-27.504242],[153.092861,-27.504253],[153.092841,-27.504261],[153.092821,-27.504264],[153.092793,-27.504263],[153.092779,-27.504261],[153.092759,-27.504253],[153.092742,-27.504242],[153.092728,-27.504228],[153.092717,-27.504212],[153.092711,-27.504194],[153.092709,-27.504175],[153.092711,-27.50416],[153.092717,-27.504138],[153.092729,-27.504122],[153.092742,-27.504108],[153.092759,-27.504097],[153.092779,-27.504089],[153.092799,-27.504086],[153.092827,-27.504087],[153.092981,-27.503278],[153.092996,-27.503176],[153.093066,-27.50281],[153.093066,-27.50281],[153.093453,-27.500768],[153.093516,-27.500434],[153.093516,-27.500434],[153.093997,-27.497897],[153.094054,-27.497583],[153.094111,-27.497285],[153.094111,-27.497285],[153.094207,-27.496783],[153.094384,-27.495823],[153.093349,-27.495714],[153.093349,-27.495714],[153.093149,-27.495692],[153.092974,-27.495667],[153.092066,-27.495552],[153.091851,-27.495529],[153.091851,-27.495529],[153.091559,-27.495496],[153.091071,-27.49547],[153.090469,-27.495525],[153.089419,-27.495673],[153.089271,-27.495696],[153.089271,-27.495696],[153.088695,-27.495791],[153.087167,-27.496019],[153.086871,-27.495976],[153.086596,-27.495868],[153.086334,-27.495688],[153.086095,-27.495443],[153.085982,-27.495299],[153.085634,-27.494846],[153.085634,-27.494846],[153.085366,-27.494496],[153.08528,-27.494382],[153.084883,-27.493882],[153.084643,-27.493663],[153.084394,-27.49347],[153.084167,-27.493338],[153.0838,-27.49321],[153.0838,-27.49321],[153.083644,-27.493156],[153.083414,-27.493136],[153.082159,-27.49315],[153.080615,-27.493158],[153.080291,-27.493161],[153.080291,-27.493161],[153.080082,-27.493163],[153.079563,-27.493163],[153.078231,-27.493167],[153.077305,-27.493165],[153.077196,-27.493161],[153.076516,-27.49307],[153.075514,-27.492923],[153.074836,-27.492741],[153.074836,-27.492741],[153.074547,-27.492664],[153.07414,-27.492634],[153.073501,-27.49261],[153.073226,-27.492596],[153.073069,-27.49258],[153.072928,-27.492521],[153.072798,-27.492452],[153.072525,-27.492276],[153.072336,-27.492146],[153.071978,-27.491924],[153.071978,-27.491924],[153.071932,-27.491895],[153.071594,-27.491756],[153.071473,-27.491715],[153.071069,-27.491565],[153.070634,-27.491447],[153.070259,-27.491356],[153.069697,-27.491225],[153.069426,-27.491217],[153.06924,-27.491257],[153.068971,-27.491347],[153.068518,-27.491488],[153.068466,-27.491508],[153.068466,-27.491508],[153.068351,-27.491552],[153.068302,-27.491567],[153.067725,-27.491741],[153.067569,-27.491784],[153.066376,-27.491936],[153.065314,-27.492062],[153.065314,-27.492062],[153.065119,-27.492085],[153.064398,-27.492181],[153.063368,-27.492447],[153.063311,-27.492463],[153.063311,-27.492463],[153.062992,-27.492552],[153.06272,-27.492638],[153.062467,-27.49277],[153.061756,-27.493192],[153.061756,-27.493192],[153.061072,-27.493597],[153.059286,-27.494574],[153.058778,-27.494824],[153.058778,-27.494824],[153.058401,-27.49501],[153.057701,-27.495388],[153.05755,-27.495511],[153.057162,-27.495814],[153.057097,-27.49585],[153.057097,-27.49585],[153.056768,-27.496033],[153.055704,-27.496452],[153.055292,-27.496626],[153.055292,-27.496626],[153.054741,-27.496859],[153.053952,-27.497398],[153.05385,-27.497455],[153.053255,-27.497898],[153.053255,-27.497898],[153.053127,-27.497993],[153.052683,-27.498405],[153.052645,-27.498479],[153.05255,-27.498548],[153.052436,-27.498597],[153.051963,-27.498741],[153.05158,-27.498852],[153.051395,-27.498896],[153.051169,-27.498922],[153.050846,-27.498932],[153.05075,-27.498929],[153.050133,-27.498951],[153.049883,-27.498956],[153.049789,-27.498953],[153.049789,-27.498953],[153.04969,-27.498949],[153.048185,-27.498835],[153.048185,-27.498835],[153.047934,-27.498816],[153.047608,-27.498797],[153.047192,-27.49879],[153.046763,-27.49877],[153.04667,-27.498768],[153.04654,-27.498766],[153.04552,-27.498722],[153.04532,-27.498708],[153.044617,-27.49867],[153.043698,-27.498409],[153.043698,-27.498409],[153.043262,-27.498286],[153.042357,-27.498036],[153.042328,-27.498048],[153.042299,-27.498053],[153.042269,-27.498053],[153.04224,-27.498048],[153.042213,-27.498037],[153.042188,-27.498021],[153.042173,-27.498007],[153.042153,-27.497979],[153.042145,-27.497953],[153.042141,-27.497927],[153.042144,-27.497903],[153.042153,-27.497875],[153.042168,-27.497852],[153.042191,-27.497831],[153.042155,-27.497757],[153.042062,-27.497619],[153.041856,-27.497357],[153.041856,-27.497357],[153.041686,-27.497143],[153.041604,-27.497041],[153.041587,-27.49702],[153.04139,-27.496744],[153.041291,-27.496544],[153.041254,-27.496373],[153.041241,-27.496076],[153.041249,-27.495874],[153.041273,-27.495509],[153.04128,-27.495437],[153.04128,-27.495437],[153.041306,-27.495157],[153.041336,-27.494617],[153.041341,-27.494475],[153.041339,-27.494412],[153.041325,-27.494311],[153.041295,-27.494128],[153.041221,-27.493776],[153.041221,-27.493776],[153.041135,-27.493375],[153.041034,-27.492922],[153.040881,-27.492311],[153.040851,-27.492198],[153.040813,-27.492101],[153.040749,-27.491982],[153.040749,-27.491982],[153.040715,-27.491918],[153.040611,-27.491713],[153.040429,-27.491392],[153.040318,-27.49118],[153.040206,-27.490994],[153.040133,-27.4909],[153.039935,-27.490739],[153.039763,-27.490584],[153.039141,-27.490054],[153.038768,-27.489793],[153.038478,-27.489555],[153.038478,-27.489555],[153.038415,-27.489502],[153.038358,-27.4894],[153.037767,-27.4883],[153.037653,-27.488102],[153.037549,-27.487938],[153.037413,-27.487755],[153.037278,-27.487596],[153.0374,-27.487461],[153.037444,-27.487393],[153.037485,-27.487309],[153.037455,-27.48714],[153.03738,-27.487023],[153.03738,-27.487023],[153.037319,-27.486926],[153.037131,-27.486707],[153.036256,-27.486564],[153.036006,-27.486525],[153.035884,-27.486508],[153.035886,-27.486323],[153.035601,-27.486205],[153.035298,-27.486105],[153.035155,-27.486085],[153.034659,-27.486018],[153.034659,-27.486018],[153.034537,-27.486],[153.034455,-27.485989],[153.034112,-27.486012],[153.033985,-27.486024],[153.033855,-27.486017],[153.032981,-27.48589],[153.032752,-27.485833],[153.032609,-27.485794],[153.03256,-27.485628],[153.032463,-27.48549],[153.032367,-27.485375],[153.032242,-27.485261],[153.032027,-27.485159],[153.0318,-27.485074],[153.031463,-27.48497],[153.031078,-27.48488],[153.030593,-27.484816],[153.0305,-27.485231],[153.030409,-27.485634],[153.03081,-27.485689],[153.030875,-27.485691],[153.03093,-27.485672],[153.030992,-27.48562],[153.031014,-27.485568],[153.031041,-27.48534],[153.031076,-27.485136],[153.03111,-27.485072],[153.031187,-27.484564],[153.031219,-27.484351],[153.031225,-27.484143],[153.031188,-27.483936],[153.031137,-27.483748],[153.031168,-27.48366],[153.031036,-27.483343],[153.030892,-27.483051],[153.030776,-27.482848],[153.030697,-27.482738],[153.030226,-27.482165],[153.027998,-27.479281],[153.026369,-27.477185],[153.026272,-27.47717],[153.025862,-27.476725],[153.025112,-27.475742],[153.025038,-27.475537],[153.02503,-27.475379],[153.025053,-27.475271],[153.0251,-27.47517],[153.025153,-27.475094],[153.025226,-27.475007],[153.025528,-27.474776],[153.025602,-27.474712],[153.025734,-27.474598],[153.025803,-27.474541],[153.026525,-27.474008],[153.027856,-27.472962],[153.028067,-27.472799],[153.028067,-27.472799],[153.028209,-27.472688],[153.029896,-27.471372],[153.030217,-27.471123],[153.030518,-27.47089],[153.02978,-27.470131],[153.030091,-27.469878],[153.03024,-27.469754],[153.03029,-27.469706],[153.0303,-27.469588],[153.030257,-27.469338],[153.030118,-27.468516],[153.029792,-27.468187],[153.029368,-27.467787],[153.029672,-27.467564],[153.029772,-27.467487],[153.029883,-27.467395],[153.029987,-27.467244],[153.03016,-27.466617],[153.03016,-27.466617],[153.030208,-27.466444],[153.030365,-27.465869],[153.030318,-27.465719],[153.031189,-27.464953],[153.031257,-27.464772],[153.031432,-27.464027],[153.031442,-27.463832],[153.031424,-27.46369],[153.03137,-27.463524],[153.03123,-27.463023],[153.031208,-27.46284],[153.031208,-27.462757],[153.031208,-27.462757],[153.031205,-27.462336],[153.031192,-27.461816],[153.031222,-27.461607],[153.03125,-27.461538],[153.031423,-27.461131],[153.031526,-27.460942],[153.03168,-27.460616],[153.031727,-27.460482],[153.031852,-27.459874],[153.031838,-27.459543],[153.031866,-27.459375],[153.032069,-27.459098],[153.032069,-27.459098],[153.032125,-27.459023],[153.032465,-27.458711],[153.033045,-27.458084],[153.033692,-27.457431],[153.034028,-27.457096],[153.034324,-27.456801],[153.034641,-27.457022],[153.03489,-27.457218]]}},{"type":"Feature","properties":{"route":"300","name":"Toombul - City via Hamilton","category":"intermediate_bus","route_type":"3","shape_id":"3000040"},"geometry":{"type":"LineString","coordinates":[[153.060228,-27.408018],[153.060229,-27.408009],[153.060226,-27.407961],[153.06021,-27.407933],[153.060192,-27.4079],[153.060137,-27.407872],[153.060249,-27.407803],[153.060292,-27.40779],[153.060602,-27.407843],[153.060633,-27.407658],[153.060696,-27.407546],[153.060774,-27.407502],[153.060907,-27.407514],[153.060928,-27.407378],[153.060358,-27.407309],[153.06025,-27.407336],[153.060208,-27.4074],[153.060146,-27.407549],[153.060051,-27.407654],[153.059906,-27.407646],[153.059693,-27.408825],[153.059521,-27.409735],[153.059322,-27.410829],[153.059217,-27.411295],[153.059126,-27.411665],[153.058991,-27.412368],[153.058949,-27.412516],[153.058949,-27.412516],[153.058927,-27.41259],[153.0589,-27.412737],[153.05991,-27.412872],[153.05991,-27.412872],[153.060966,-27.413013],[153.062185,-27.413176],[153.062185,-27.413176],[153.063029,-27.413289],[153.062845,-27.414367],[153.062807,-27.4146],[153.062807,-27.4146],[153.062694,-27.415283],[153.062723,-27.415288],[153.06275,-27.415299],[153.062774,-27.415314],[153.062794,-27.415334],[153.06281,-27.415357],[153.062818,-27.415382],[153.062821,-27.415408],[153.062818,-27.415434],[153.062815,-27.415443],[153.062874,-27.415465],[153.063606,-27.415558],[153.063606,-27.415558],[153.06457,-27.415681],[153.064448,-27.416425],[153.064448,-27.416425],[153.064391,-27.416777],[153.0642,-27.417952],[153.064152,-27.418258],[153.06404,-27.418945],[153.06404,-27.418945],[153.064029,-27.419016],[153.063971,-27.419371],[153.063839,-27.420191],[153.063737,-27.420803],[153.063737,-27.420803],[153.063595,-27.421656],[153.063545,-27.42195],[153.063487,-27.422206],[153.063487,-27.422206],[153.063367,-27.422744],[153.063317,-27.423204],[153.063255,-27.423628],[153.062368,-27.42351],[153.062368,-27.42351],[153.062281,-27.423498],[153.061284,-27.42336],[153.060244,-27.423215],[153.059481,-27.423109],[153.059481,-27.423109],[153.059246,-27.423077],[153.059219,-27.423221],[153.059076,-27.42405],[153.058893,-27.425158],[153.058873,-27.425289],[153.05874,-27.426066],[153.058713,-27.426253],[153.058713,-27.426253],[153.058645,-27.426719],[153.058605,-27.426831],[153.0586,-27.426892],[153.05857,-27.427071],[153.05857,-27.427071],[153.05851,-27.427426],[153.058536,-27.427431],[153.058561,-27.42744],[153.058596,-27.427463],[153.05861,-27.427477],[153.058632,-27.42751],[153.058638,-27.427529],[153.058641,-27.427549],[153.05864,-27.42758],[153.058636,-27.427598],[153.058618,-27.427632],[153.058607,-27.427646],[153.058587,-27.427663],[153.058568,-27.427675],[153.058548,-27.427684],[153.058502,-27.427693],[153.058479,-27.427693],[153.058464,-27.427691],[153.058335,-27.428446],[153.05825,-27.428947],[153.05825,-27.428947],[153.058055,-27.430105],[153.058077,-27.430109],[153.058104,-27.430119],[153.058123,-27.430131],[153.058142,-27.430146],[153.058158,-27.430165],[153.058169,-27.430184],[153.058177,-27.430206],[153.058181,-27.430228],[153.058181,-27.430242],[153.058701,-27.430259],[153.05907,-27.430299],[153.059762,-27.430397],[153.059762,-27.430397],[153.060074,-27.430441],[153.061089,-27.430575],[153.061829,-27.430672],[153.061829,-27.430672],[153.062094,-27.430707],[153.06269,-27.430786],[153.063111,-27.430842],[153.063654,-27.430912],[153.06391,-27.430943],[153.06391,-27.430943],[153.064625,-27.431027],[153.064878,-27.431066],[153.065602,-27.431159],[153.065329,-27.432864],[153.065329,-27.432864],[153.065255,-27.43332],[153.065107,-27.434242],[153.06497,-27.435144],[153.064888,-27.435685],[153.064888,-27.435685],[153.064878,-27.435752],[153.064852,-27.43604],[153.064691,-27.436934],[153.064524,-27.437975],[153.064524,-27.437975],[153.064508,-27.438077],[153.064489,-27.438199],[153.064299,-27.439294],[153.063585,-27.439484],[153.063585,-27.439484],[153.062916,-27.439662],[153.062009,-27.439834],[153.061565,-27.439871],[153.060278,-27.439812],[153.05986,-27.439816],[153.059514,-27.439825],[153.059174,-27.439799],[153.058867,-27.439766],[153.058467,-27.439676],[153.057977,-27.439526],[153.057341,-27.439285],[153.057061,-27.439232],[153.056772,-27.439202],[153.056219,-27.439171],[153.055871,-27.43918],[153.055519,-27.439211],[153.055519,-27.439211],[153.055399,-27.439221],[153.054226,-27.439369],[153.05367,-27.4394],[153.053146,-27.439414],[153.052661,-27.439438],[153.052284,-27.439542],[153.051914,-27.439661],[153.051508,-27.439778],[153.05094,-27.439906],[153.050691,-27.439929],[153.05034,-27.439923],[153.050035,-27.439923],[153.049941,-27.439925],[153.049941,-27.439925],[153.04976,-27.43993],[153.049599,-27.439955],[153.049474,-27.439988],[153.049271,-27.440066],[153.049129,-27.440181],[153.049007,-27.440296],[153.048841,-27.440464],[153.048481,-27.440779],[153.048154,-27.441059],[153.047966,-27.441252],[153.047837,-27.441334],[153.047661,-27.441415],[153.047401,-27.441499],[153.0472,-27.44151],[153.04694,-27.441494],[153.046284,-27.441389],[153.046027,-27.441368],[153.045935,-27.441389],[153.045844,-27.441443],[153.045036,-27.442179],[153.044829,-27.442302],[153.044687,-27.442425],[153.044517,-27.442616],[153.044414,-27.442754],[153.044223,-27.443079],[153.044084,-27.443294],[153.044084,-27.443294],[153.043898,-27.443583],[153.043589,-27.44412],[153.043163,-27.444769],[153.042773,-27.445401],[153.04271,-27.445807],[153.042613,-27.446429],[153.042613,-27.446429],[153.042539,-27.446904],[153.042699,-27.448703],[153.04266,-27.448962],[153.042605,-27.449107],[153.042605,-27.449107],[153.042572,-27.449189],[153.042361,-27.449455],[153.041862,-27.449898],[153.041322,-27.450461],[153.041265,-27.450546],[153.041167,-27.450777],[153.040949,-27.451509],[153.040778,-27.452122],[153.040537,-27.452722],[153.040288,-27.453081],[153.040145,-27.453243],[153.040145,-27.453243],[153.03994,-27.453476],[153.039052,-27.454378],[153.03888,-27.454552],[153.0386,-27.454837],[153.0386,-27.454837],[153.038533,-27.454904],[153.038067,-27.455376],[153.037858,-27.455588],[153.037644,-27.455806],[153.037644,-27.455806],[153.037543,-27.45591],[153.037243,-27.456215],[153.036965,-27.45649],[153.03684,-27.456639],[153.036235,-27.457239],[153.035971,-27.457506],[153.035658,-27.457825],[153.035546,-27.457938],[153.035404,-27.45808],[153.035015,-27.458477],[153.034365,-27.459116],[153.034206,-27.459166],[153.033911,-27.459457],[153.033911,-27.459457],[153.033815,-27.459552],[153.033799,-27.459679],[153.033552,-27.459927],[153.032581,-27.460906],[153.032457,-27.461044],[153.031792,-27.461724],[153.031704,-27.461829],[153.031706,-27.461849],[153.031676,-27.46196],[153.031592,-27.46211],[153.031512,-27.462221],[153.031419,-27.462367],[153.031342,-27.462544],[153.031294,-27.462699],[153.031278,-27.462823],[153.031307,-27.463004],[153.031371,-27.4633],[153.03137,-27.463524],[153.031166,-27.463684],[153.030321,-27.464336],[153.030321,-27.464336],[153.029545,-27.464934],[153.028691,-27.465599],[153.028473,-27.465765],[153.028108,-27.466046],[153.028108,-27.466046],[153.02786,-27.466239],[153.027153,-27.466786],[153.027009,-27.466899],[153.026226,-27.467508],[153.02617,-27.467553],[153.025501,-27.468076],[153.025501,-27.468076],[153.025348,-27.468195],[153.02524,-27.468279],[153.024928,-27.468522],[153.024482,-27.468866],[153.023294,-27.469789],[153.023294,-27.469789],[153.022794,-27.470179],[153.022396,-27.470496],[153.021938,-27.470851],[153.022619,-27.471454],[153.022706,-27.471565],[153.022656,-27.471595],[153.022574,-27.471633],[153.022404,-27.47166],[153.020147,-27.472834],[153.019898,-27.472972],[153.019464,-27.473232],[153.018618,-27.473688],[153.018267,-27.473948],[153.018187,-27.474007],[153.017887,-27.474178],[153.017887,-27.474178],[153.017743,-27.474261],[153.017407,-27.474441],[153.016583,-27.474885],[153.016475,-27.474998],[153.015518,-27.475534],[153.015261,-27.475164],[153.014521,-27.474105],[153.014358,-27.473845],[153.013697,-27.472901],[153.013529,-27.472707],[153.013179,-27.472416],[153.013147,-27.472342],[153.013427,-27.472057],[153.013657,-27.471859],[153.013774,-27.471773],[153.013947,-27.471661],[153.014116,-27.471602],[153.014671,-27.472404]]}},{"type":"Feature","properties":{"route":"300","name":"Toombul - City via Hamilton","category":"intermediate_bus","route_type":"3","shape_id":"3000041"},"geometry":{"type":"LineString","coordinates":[[153.014671,-27.472404],[153.015303,-27.473317],[153.016229,-27.474652],[153.016475,-27.474998],[153.016583,-27.474885],[153.017407,-27.474441],[153.017743,-27.474261],[153.018187,-27.474007],[153.018267,-27.473948],[153.018618,-27.473688],[153.019442,-27.473244],[153.019442,-27.473244],[153.019464,-27.473232],[153.019898,-27.472972],[153.020147,-27.472834],[153.022404,-27.47166],[153.022574,-27.471633],[153.022598,-27.471616],[153.022614,-27.471595],[153.022616,-27.471586],[153.022611,-27.471568],[153.021906,-27.470898],[153.021901,-27.470888],[153.021904,-27.47088],[153.021938,-27.470851],[153.022396,-27.470496],[153.022794,-27.470179],[153.023257,-27.469817],[153.023257,-27.469817],[153.024482,-27.468866],[153.024928,-27.468522],[153.02524,-27.468279],[153.025348,-27.468195],[153.026039,-27.467655],[153.026039,-27.467655],[153.02617,-27.467553],[153.026226,-27.467508],[153.027009,-27.466899],[153.027153,-27.466786],[153.02786,-27.466239],[153.028473,-27.465765],[153.028691,-27.465599],[153.029545,-27.464934],[153.029812,-27.464728],[153.029812,-27.464728],[153.031166,-27.463684],[153.03137,-27.463524],[153.03123,-27.463023],[153.031208,-27.46284],[153.031208,-27.462757],[153.031208,-27.462757],[153.031205,-27.462336],[153.031192,-27.461816],[153.031222,-27.461607],[153.03125,-27.461538],[153.031423,-27.461131],[153.031526,-27.460942],[153.03168,-27.460616],[153.031727,-27.460482],[153.031779,-27.46023],[153.031779,-27.46023],[153.031852,-27.459874],[153.031838,-27.459543],[153.031866,-27.459375],[153.032125,-27.459023],[153.032465,-27.458711],[153.033045,-27.458084],[153.033692,-27.457431],[153.034028,-27.457096],[153.034322,-27.456803],[153.034322,-27.456803],[153.034324,-27.456801],[153.034895,-27.456217],[153.035651,-27.455454],[153.035935,-27.455168],[153.035935,-27.455168],[153.036224,-27.454876],[153.036582,-27.454501],[153.036757,-27.454338],[153.036951,-27.454174],[153.036951,-27.454174],[153.036985,-27.454146],[153.037331,-27.453954],[153.037834,-27.453423],[153.038919,-27.452319],[153.038919,-27.452319],[153.039272,-27.451958],[153.039539,-27.451685],[153.040015,-27.451225],[153.040015,-27.451225],[153.04023,-27.451016],[153.041559,-27.449827],[153.042243,-27.449371],[153.042471,-27.449116],[153.042532,-27.448938],[153.042556,-27.448719],[153.042487,-27.448087],[153.042487,-27.448087],[153.042408,-27.447359],[153.042377,-27.4469],[153.042379,-27.446887],[153.04245,-27.446413],[153.04245,-27.446413],[153.042544,-27.445782],[153.042619,-27.445369],[153.042624,-27.445344],[153.04264,-27.445318],[153.042991,-27.444745],[153.043448,-27.444051],[153.043528,-27.443908],[153.043528,-27.443908],[153.043741,-27.443538],[153.044051,-27.443053],[153.044371,-27.44252],[153.044485,-27.442404],[153.044577,-27.442316],[153.044714,-27.442207],[153.044935,-27.44207],[153.045187,-27.441845],[153.045508,-27.441539],[153.045714,-27.441334],[153.045851,-27.441205],[153.045976,-27.441098],[153.046082,-27.441072],[153.04626,-27.441093],[153.046467,-27.441141],[153.046851,-27.441241],[153.046958,-27.441256],[153.047236,-27.441283],[153.047623,-27.441266],[153.047814,-27.441163],[153.048073,-27.440932],[153.04831,-27.440706],[153.048725,-27.440366],[153.049042,-27.440059],[153.049195,-27.439964],[153.049445,-27.439855],[153.049628,-27.439816],[153.04992,-27.439802],[153.049972,-27.439802],[153.049972,-27.439802],[153.050338,-27.439804],[153.050685,-27.439806],[153.050951,-27.439786],[153.051258,-27.43972],[153.051697,-27.439598],[153.05218,-27.439445],[153.052525,-27.439342],[153.052875,-27.439288],[153.053316,-27.439283],[153.053853,-27.439267],[153.054628,-27.439185],[153.055384,-27.439113],[153.055829,-27.439085],[153.05622,-27.439081],[153.05622,-27.439081],[153.056235,-27.439081],[153.056788,-27.439114],[153.057103,-27.439151],[153.057388,-27.439199],[153.05789,-27.439392],[153.058355,-27.43955],[153.058913,-27.439672],[153.059458,-27.439733],[153.060278,-27.439721],[153.060575,-27.439739],[153.061203,-27.439783],[153.06169,-27.439779],[153.062096,-27.439739],[153.062487,-27.439662],[153.063142,-27.439529],[153.063142,-27.439529],[153.064299,-27.439294],[153.064438,-27.438497],[153.064438,-27.438497],[153.064489,-27.438199],[153.064508,-27.438077],[153.064691,-27.436934],[153.064777,-27.436455],[153.064777,-27.436455],[153.064852,-27.43604],[153.064878,-27.435752],[153.06497,-27.435144],[153.065107,-27.434242],[153.065207,-27.433621],[153.065207,-27.433621],[153.065255,-27.43332],[153.065602,-27.431159],[153.064878,-27.431066],[153.064625,-27.431027],[153.063966,-27.430949],[153.063966,-27.430949],[153.063654,-27.430912],[153.063111,-27.430842],[153.06269,-27.430786],[153.062094,-27.430707],[153.061616,-27.430644],[153.061616,-27.430644],[153.061089,-27.430575],[153.060074,-27.430441],[153.059182,-27.430315],[153.059182,-27.430315],[153.05907,-27.430299],[153.058701,-27.430259],[153.058181,-27.430242],[153.058178,-27.430266],[153.05817,-27.430287],[153.05816,-27.430305],[153.058149,-27.43032],[153.058132,-27.430337],[153.05809,-27.430361],[153.058044,-27.430371],[153.058026,-27.430372],[153.058011,-27.43037],[153.057988,-27.430366],[153.057964,-27.430358],[153.057944,-27.430348],[153.057927,-27.430336],[153.05791,-27.43032],[153.057896,-27.430301],[153.057888,-27.430282],[153.057881,-27.430261],[153.057879,-27.430241],[153.057879,-27.43022],[153.057889,-27.430189],[153.0579,-27.430167],[153.05792,-27.430145],[153.057938,-27.430129],[153.057959,-27.430118],[153.057984,-27.430109],[153.058012,-27.430104],[153.05803,-27.430103],[153.058055,-27.430105],[153.058257,-27.428907],[153.058257,-27.428907],[153.058335,-27.428446],[153.058464,-27.427691],[153.058438,-27.427685],[153.058419,-27.427677],[153.058398,-27.427665],[153.058382,-27.427653],[153.058365,-27.427634],[153.058353,-27.427615],[153.058339,-27.427574],[153.058341,-27.42754],[153.058345,-27.427521],[153.058353,-27.427501],[153.058365,-27.427484],[153.058383,-27.427465],[153.058403,-27.42745],[153.058426,-27.427438],[153.058453,-27.427429],[153.058485,-27.427425],[153.05851,-27.427426],[153.058577,-27.42703],[153.058577,-27.42703],[153.0586,-27.426892],[153.058605,-27.426831],[153.058645,-27.426719],[153.05874,-27.426066],[153.058851,-27.425417],[153.058851,-27.425417],[153.058873,-27.425289],[153.058893,-27.425158],[153.059076,-27.42405],[153.059188,-27.423403],[153.059188,-27.423403],[153.059219,-27.423221],[153.059246,-27.423077],[153.060244,-27.423215],[153.061284,-27.42336],[153.062281,-27.423498],[153.062614,-27.423542],[153.062614,-27.423542],[153.063255,-27.423628],[153.063317,-27.423204],[153.063367,-27.422744],[153.063485,-27.422217],[153.063485,-27.422217],[153.063545,-27.42195],[153.063595,-27.421656],[153.063792,-27.420476],[153.063792,-27.420476],[153.063839,-27.420191],[153.063971,-27.419371],[153.064029,-27.419016],[153.064097,-27.41859],[153.064097,-27.41859],[153.064152,-27.418258],[153.0642,-27.417952],[153.064391,-27.416777],[153.06457,-27.415681],[153.06426,-27.415642],[153.06426,-27.415642],[153.062874,-27.415465],[153.062815,-27.415443],[153.062809,-27.415459],[153.062794,-27.415482],[153.062774,-27.415502],[153.06275,-27.415517],[153.062723,-27.415528],[153.062694,-27.415533],[153.062664,-27.415533],[153.062635,-27.415528],[153.062609,-27.415517],[153.062584,-27.415502],[153.062564,-27.415482],[153.062549,-27.415459],[153.06254,-27.415434],[153.062537,-27.415411],[153.06254,-27.415382],[153.06255,-27.415357],[153.062564,-27.415334],[153.062584,-27.415314],[153.062608,-27.415299],[153.062635,-27.415288],[153.062664,-27.415283],[153.062694,-27.415283],[153.0628,-27.414639],[153.0628,-27.414639],[153.062845,-27.414367],[153.063029,-27.413289],[153.063136,-27.412672],[153.063136,-27.412672],[153.063214,-27.412213],[153.063256,-27.412055],[153.063396,-27.411163],[153.063431,-27.410937],[153.063465,-27.410745],[153.063521,-27.410471],[153.063645,-27.409694],[153.063645,-27.409694],[153.063764,-27.408946],[153.063792,-27.408788],[153.062586,-27.408617],[153.062439,-27.40856],[153.062411,-27.408422],[153.062491,-27.407981],[153.062491,-27.407981],[153.062563,-27.407578],[153.060928,-27.407378],[153.060358,-27.407309],[153.06025,-27.407336],[153.060208,-27.4074],[153.060146,-27.407549],[153.060051,-27.407654],[153.059906,-27.407646],[153.059693,-27.408825],[153.060118,-27.408883],[153.060181,-27.408818],[153.060214,-27.40878],[153.060231,-27.408718],[153.060196,-27.408614],[153.060138,-27.408548],[153.060184,-27.408274]]}},{"type":"Feature","properties":{"route":"338","name":"City - Chermside","category":"intermediate_bus","route_type":"3","shape_id":"3380054"},"geometry":{"type":"LineString","coordinates":[[153.031293,-27.385511],[153.031229,-27.385502],[153.031198,-27.385501],[153.031163,-27.385515],[153.031134,-27.38555],[153.031123,-27.385594],[153.031127,-27.385622],[153.031139,-27.385657],[153.031158,-27.38568],[153.031166,-27.38569],[153.031206,-27.385712],[153.031779,-27.385796],[153.031833,-27.385796],[153.031861,-27.385791],[153.031904,-27.385752],[153.031927,-27.385691],[153.031918,-27.38565],[153.031887,-27.385613],[153.031865,-27.385601],[153.031811,-27.385589],[153.031697,-27.385567],[153.031516,-27.385542],[153.031458,-27.385475],[153.031439,-27.385435],[153.031424,-27.38539],[153.031409,-27.385284],[153.031386,-27.385198],[153.031309,-27.385129],[153.03129,-27.385009],[153.031264,-27.384781],[153.031232,-27.384563],[153.031052,-27.384518],[153.03088,-27.384495],[153.030727,-27.384495],[153.030522,-27.384531],[153.030912,-27.385591],[153.030981,-27.385825],[153.031005,-27.385931],[153.031072,-27.386369],[153.031072,-27.386369],[153.031196,-27.387173],[153.031229,-27.387588],[153.031262,-27.388551],[153.031283,-27.388767],[153.031499,-27.389839],[153.031511,-27.389976],[153.031524,-27.390227],[153.031526,-27.390317],[153.031526,-27.390317],[153.031527,-27.39038],[153.031518,-27.390507],[153.031506,-27.39063],[153.031368,-27.391683],[153.031242,-27.392586],[153.031035,-27.393452],[153.030963,-27.393991],[153.030963,-27.393991],[153.030938,-27.394182],[153.030921,-27.394387],[153.030918,-27.394593],[153.030937,-27.394786],[153.030984,-27.39511],[153.031185,-27.396462],[153.031384,-27.397774],[153.031458,-27.398308],[153.031594,-27.399197],[153.031656,-27.399612],[153.031662,-27.399719],[153.031662,-27.399719],[153.031672,-27.399894],[153.031663,-27.400052],[153.031561,-27.400797],[153.031553,-27.40093],[153.031557,-27.40123],[153.031596,-27.401844],[153.031638,-27.402523],[153.031658,-27.402716],[153.031679,-27.402947],[153.031723,-27.403198],[153.031802,-27.403565],[153.031802,-27.403565],[153.031827,-27.403681],[153.031877,-27.403877],[153.032064,-27.404824],[153.032275,-27.405814],[153.032512,-27.40688],[153.032552,-27.407104],[153.032559,-27.407328],[153.032557,-27.407417],[153.032557,-27.407417],[153.032554,-27.407525],[153.032533,-27.40769],[153.032428,-27.40815],[153.032395,-27.408363],[153.032387,-27.408601],[153.03245,-27.408889],[153.032599,-27.409394],[153.03265,-27.409549],[153.032743,-27.409732],[153.033058,-27.410236],[153.033207,-27.410432],[153.033579,-27.410791],[153.033706,-27.41094],[153.033746,-27.410995],[153.033819,-27.411138],[153.033875,-27.411284],[153.033908,-27.411433],[153.033928,-27.411709],[153.033975,-27.412112],[153.033975,-27.412112],[153.033991,-27.412238],[153.03413,-27.412523],[153.034328,-27.4128],[153.034532,-27.413005],[153.034864,-27.41336],[153.035267,-27.413766],[153.035889,-27.414392],[153.036224,-27.414729],[153.036322,-27.414835],[153.036434,-27.414989],[153.036518,-27.415155],[153.036585,-27.415316],[153.036612,-27.415399],[153.036636,-27.415522],[153.036654,-27.41571],[153.036645,-27.415943],[153.036561,-27.416427],[153.0365,-27.416798],[153.0365,-27.416798],[153.036498,-27.416812],[153.036381,-27.41715],[153.036288,-27.417359],[153.036165,-27.417611],[153.036037,-27.417788],[153.035853,-27.418053],[153.03543,-27.418684],[153.03543,-27.418684],[153.035339,-27.418819],[153.034768,-27.419641],[153.034603,-27.419876],[153.034243,-27.420388],[153.0342,-27.420474],[153.034051,-27.421379],[153.03393,-27.42204],[153.03393,-27.42204],[153.033773,-27.42289],[153.033737,-27.423108],[153.033659,-27.423574],[153.033659,-27.423574],[153.033642,-27.423679],[153.03355,-27.424287],[153.033504,-27.424552],[153.033455,-27.424775],[153.033324,-27.425477],[153.033157,-27.425897],[153.03311,-27.42603],[153.033066,-27.426397],[153.032966,-27.4267],[153.032953,-27.426823],[153.032953,-27.426823],[153.032933,-27.427018],[153.032906,-27.427283],[153.032899,-27.42746],[153.032854,-27.427719],[153.032829,-27.427917],[153.032794,-27.428031],[153.032842,-27.42834],[153.032842,-27.428453],[153.03283,-27.428738],[153.032814,-27.428898],[153.032762,-27.429105],[153.032656,-27.429459],[153.032524,-27.430033],[153.032455,-27.43043],[153.032455,-27.43043],[153.0321,-27.432503],[153.032058,-27.432608],[153.032003,-27.432681],[153.031946,-27.433006],[153.031946,-27.433006],[153.031895,-27.433306],[153.031722,-27.434222],[153.031536,-27.435277],[153.031471,-27.435601],[153.031471,-27.435601],[153.031334,-27.436295],[153.031367,-27.436481],[153.031185,-27.437494],[153.031067,-27.438096],[153.031007,-27.438471],[153.031007,-27.438471],[153.030975,-27.438667],[153.030881,-27.439721],[153.031147,-27.439932],[153.031233,-27.440059],[153.031252,-27.440108],[153.031272,-27.440201],[153.031268,-27.44029],[153.031208,-27.440476],[153.031178,-27.440618],[153.031181,-27.440765],[153.031196,-27.441015],[153.03121,-27.441236],[153.03121,-27.441236],[153.03122,-27.441399],[153.031227,-27.441524],[153.031199,-27.441772],[153.031131,-27.442008],[153.031034,-27.442199],[153.030935,-27.442349],[153.030778,-27.442525],[153.030629,-27.442652],[153.030483,-27.442753],[153.03003,-27.44298],[153.029862,-27.443081],[153.029718,-27.443198],[153.029582,-27.443349],[153.029439,-27.443579],[153.029372,-27.443775],[153.029339,-27.44402],[153.029314,-27.444209],[153.02924,-27.445331],[153.029216,-27.445511],[153.029214,-27.446107],[153.029259,-27.446419],[153.029258,-27.446695],[153.029235,-27.446905],[153.02915,-27.447385],[153.02915,-27.447385],[153.029139,-27.447449],[153.028726,-27.449795],[153.028578,-27.450115],[153.028416,-27.450322],[153.028253,-27.450472],[153.027912,-27.450632],[153.028091,-27.451027],[153.028157,-27.451101],[153.028203,-27.451151],[153.028391,-27.451262],[153.028709,-27.451319],[153.028791,-27.451319],[153.028857,-27.451693],[153.029006,-27.452292],[153.029006,-27.452292],[153.029016,-27.452331],[153.029072,-27.452607],[153.029161,-27.452894],[153.029368,-27.453629],[153.029425,-27.453813],[153.029425,-27.453813],[153.029453,-27.453907],[153.029528,-27.454078],[153.029618,-27.454194],[153.029787,-27.454365],[153.030471,-27.454902],[153.031274,-27.455536],[153.031464,-27.455754],[153.031636,-27.455987],[153.03179,-27.456018],[153.03202,-27.456121],[153.032179,-27.456243],[153.032179,-27.456243],[153.032481,-27.456475],[153.033539,-27.45731],[153.033539,-27.45731],[153.033692,-27.457431],[153.034028,-27.457096],[153.034324,-27.456801],[153.034641,-27.457022],[153.035658,-27.457825],[153.035546,-27.457938],[153.035404,-27.45808],[153.035015,-27.458477],[153.034365,-27.459116],[153.03427,-27.459217],[153.033799,-27.459679],[153.033552,-27.459927],[153.033037,-27.460446],[153.033037,-27.460446],[153.032581,-27.460906],[153.032457,-27.461044],[153.031792,-27.461724],[153.031704,-27.461829],[153.031205,-27.462336],[153.030479,-27.462919],[153.029429,-27.463734],[153.02911,-27.463964],[153.02911,-27.463964],[153.028793,-27.464193],[153.027997,-27.464844],[153.027759,-27.465029],[153.027149,-27.465513],[153.02707,-27.465574],[153.026325,-27.466153],[153.025956,-27.46644],[153.025956,-27.46644],[153.025468,-27.466817],[153.02617,-27.467553],[153.026567,-27.467964],[153.026932,-27.468331],[153.027783,-27.467671],[153.027945,-27.467546],[153.028316,-27.467257]]}},{"type":"Feature","properties":{"route":"338","name":"City - Chermside","category":"intermediate_bus","route_type":"3","shape_id":"3380055"},"geometry":{"type":"LineString","coordinates":[[153.028316,-27.467257],[153.028622,-27.46702],[153.029732,-27.466154],[153.030318,-27.465719],[153.031189,-27.464953],[153.031257,-27.464772],[153.031432,-27.464027],[153.031438,-27.463916],[153.031438,-27.463916],[153.031442,-27.463832],[153.031424,-27.46369],[153.03137,-27.463524],[153.03123,-27.463023],[153.031208,-27.46284],[153.031205,-27.462336],[153.031192,-27.461816],[153.031222,-27.461607],[153.03125,-27.461538],[153.031423,-27.461131],[153.031526,-27.460942],[153.03168,-27.460616],[153.031727,-27.460482],[153.031779,-27.46023],[153.031779,-27.46023],[153.031852,-27.459874],[153.031838,-27.459543],[153.031866,-27.459375],[153.032125,-27.459023],[153.032465,-27.458711],[153.033045,-27.458084],[153.033692,-27.457431],[153.033166,-27.457016],[153.033166,-27.457016],[153.032481,-27.456475],[153.03202,-27.456121],[153.03179,-27.456018],[153.031636,-27.455987],[153.031464,-27.455754],[153.031274,-27.455536],[153.031244,-27.455513],[153.031244,-27.455513],[153.030471,-27.454902],[153.029946,-27.454489],[153.029946,-27.454489],[153.029787,-27.454365],[153.029618,-27.454194],[153.029528,-27.454078],[153.029453,-27.453907],[153.029368,-27.453629],[153.029161,-27.452894],[153.029072,-27.452607],[153.028922,-27.45235],[153.028867,-27.452121],[153.028867,-27.452121],[153.028767,-27.451701],[153.028709,-27.451319],[153.028391,-27.451262],[153.028203,-27.451151],[153.028157,-27.451101],[153.028091,-27.451027],[153.027912,-27.450632],[153.028253,-27.450472],[153.028416,-27.450322],[153.028578,-27.450115],[153.028726,-27.449795],[153.029139,-27.447449],[153.029218,-27.447002],[153.029218,-27.447002],[153.029235,-27.446905],[153.029258,-27.446695],[153.029259,-27.446419],[153.029214,-27.446107],[153.029216,-27.445511],[153.02924,-27.445331],[153.029314,-27.444209],[153.029339,-27.44402],[153.029372,-27.443775],[153.029439,-27.443579],[153.029582,-27.443349],[153.029718,-27.443198],[153.029862,-27.443081],[153.03003,-27.44298],[153.030483,-27.442753],[153.030629,-27.442652],[153.030778,-27.442525],[153.030935,-27.442349],[153.031034,-27.442199],[153.031131,-27.442008],[153.031199,-27.441772],[153.031227,-27.441524],[153.03122,-27.441399],[153.031202,-27.441107],[153.031202,-27.441107],[153.031196,-27.441015],[153.031181,-27.440765],[153.031178,-27.440618],[153.031208,-27.440476],[153.031268,-27.44029],[153.031272,-27.440201],[153.031252,-27.440108],[153.031233,-27.440059],[153.031147,-27.439932],[153.030881,-27.439721],[153.030708,-27.439667],[153.030788,-27.439188],[153.030788,-27.439188],[153.030971,-27.438082],[153.031074,-27.437477],[153.0311,-27.437322],[153.0311,-27.437322],[153.03124,-27.436494],[153.031334,-27.436295],[153.031536,-27.435277],[153.031625,-27.434774],[153.031625,-27.434774],[153.031722,-27.434222],[153.031895,-27.433306],[153.032003,-27.432681],[153.032015,-27.432607],[153.032004,-27.432479],[153.031996,-27.432349],[153.03197,-27.432096],[153.031871,-27.431485],[153.031852,-27.431264],[153.031854,-27.431172],[153.031854,-27.431172],[153.03186,-27.430966],[153.031856,-27.430774],[153.031876,-27.430271],[153.031909,-27.43006],[153.031969,-27.429918],[153.03205,-27.429825],[153.032254,-27.429662],[153.03236,-27.429529],[153.032471,-27.429383],[153.032481,-27.429365],[153.032481,-27.429365],[153.032556,-27.429237],[153.032603,-27.429091],[153.032656,-27.428874],[153.032682,-27.428719],[153.032714,-27.428413],[153.032673,-27.42809],[153.032576,-27.427886],[153.032456,-27.427648],[153.032456,-27.427648],[153.032394,-27.427524],[153.03228,-27.427285],[153.032223,-27.427147],[153.032191,-27.427002],[153.032181,-27.426832],[153.032202,-27.426712],[153.032445,-27.426025],[153.032528,-27.425855],[153.032629,-27.425715],[153.032924,-27.425378],[153.03335,-27.424827],[153.033401,-27.42471],[153.033436,-27.42454],[153.033477,-27.424281],[153.033522,-27.423848],[153.033543,-27.423668],[153.03357,-27.423512],[153.03357,-27.423512],[153.033645,-27.423094],[153.033681,-27.422874],[153.03371,-27.422715],[153.033879,-27.421791],[153.033879,-27.421791],[153.033956,-27.421369],[153.034092,-27.42046],[153.034134,-27.420372],[153.034535,-27.419794],[153.034659,-27.419617],[153.035214,-27.418804],[153.035503,-27.418391],[153.035503,-27.418391],[153.035762,-27.418023],[153.035935,-27.417757],[153.036031,-27.417581],[153.036164,-27.417316],[153.036224,-27.41716],[153.036329,-27.41679],[153.036396,-27.416427],[153.036458,-27.416036],[153.036462,-27.415684],[153.036427,-27.415468],[153.036365,-27.415259],[153.036309,-27.415111],[153.036195,-27.414906],[153.036036,-27.414682],[153.035923,-27.41455],[153.035818,-27.41445],[153.03517,-27.413829],[153.034772,-27.413447],[153.034289,-27.412999],[153.034149,-27.412875],[153.033964,-27.412764],[153.033763,-27.412653],[153.033676,-27.412545],[153.033597,-27.412436],[153.033508,-27.412296],[153.033464,-27.412132],[153.033453,-27.411988],[153.033453,-27.411962],[153.033453,-27.411962],[153.033453,-27.41184],[153.033458,-27.411673],[153.033467,-27.41148],[153.033461,-27.411376],[153.033448,-27.411301],[153.033413,-27.411177],[153.033169,-27.410787],[153.033095,-27.410679],[153.032534,-27.409793],[153.032458,-27.409662],[153.032382,-27.40947],[153.032351,-27.409354],[153.032292,-27.408907],[153.032257,-27.408492],[153.032264,-27.408345],[153.032286,-27.408138],[153.032379,-27.407708],[153.032404,-27.407569],[153.032414,-27.407336],[153.0324,-27.40711],[153.032362,-27.406876],[153.032196,-27.406101],[153.032144,-27.40584],[153.031979,-27.405101],[153.031979,-27.405101],[153.031922,-27.404844],[153.031714,-27.403915],[153.031616,-27.403468],[153.031606,-27.403419],[153.031606,-27.403419],[153.03156,-27.403188],[153.03152,-27.402949],[153.031505,-27.402807],[153.031498,-27.402701],[153.031491,-27.402506],[153.031444,-27.401852],[153.031402,-27.401322],[153.031399,-27.400939],[153.031419,-27.400697],[153.031427,-27.400633],[153.031427,-27.400633],[153.031509,-27.39999],[153.031509,-27.399811],[153.031499,-27.399603],[153.03144,-27.399194],[153.031306,-27.39832],[153.031232,-27.397805],[153.031029,-27.39647],[153.030832,-27.395116],[153.030773,-27.394712],[153.03076,-27.394485],[153.030802,-27.394051],[153.030883,-27.393433],[153.030981,-27.39303],[153.030981,-27.39303],[153.031094,-27.392566],[153.031123,-27.392393],[153.031292,-27.391109],[153.031356,-27.390618],[153.03137,-27.390481],[153.031369,-27.390392],[153.031369,-27.390392],[153.031368,-27.390203],[153.031351,-27.389917],[153.031335,-27.389797],[153.031148,-27.388868],[153.031117,-27.388678],[153.031108,-27.38855],[153.031078,-27.38758],[153.031046,-27.387206],[153.030993,-27.386808],[153.030854,-27.386099],[153.030809,-27.385929],[153.030786,-27.385829],[153.030981,-27.385825],[153.031234,-27.385849],[153.032051,-27.385969],[153.032059,-27.385777],[153.032056,-27.385718],[153.032011,-27.38569],[153.031981,-27.385665],[153.031945,-27.38564],[153.031916,-27.385624],[153.031887,-27.385613],[153.031865,-27.385601],[153.031811,-27.385589],[153.031697,-27.385567],[153.031656,-27.385562]]}},{"type":"Feature","properties":{"route":"348","name":"Stafford - City via Gordon Park","category":"intermediate_bus","route_type":"3","shape_id":"3480003"},"geometry":{"type":"LineString","coordinates":[[153.0134,-27.412442],[153.013388,-27.4124],[153.01335,-27.412356],[153.013381,-27.412328],[153.013397,-27.412298],[153.013404,-27.412234],[153.013561,-27.41131],[153.013547,-27.411057],[153.0136,-27.410784],[153.013673,-27.410346],[153.013715,-27.410105],[153.013765,-27.410015],[153.014307,-27.410089],[153.015057,-27.410186],[153.015057,-27.410186],[153.015373,-27.410226],[153.0159,-27.410301],[153.016566,-27.410389],[153.016844,-27.410428],[153.016947,-27.410442],[153.017337,-27.410487],[153.018001,-27.410579],[153.018001,-27.410579],[153.018343,-27.410627],[153.018707,-27.410712],[153.01965,-27.410835],[153.020455,-27.410942],[153.021048,-27.411038],[153.021702,-27.411115],[153.022478,-27.411208],[153.022478,-27.411208],[153.022661,-27.41123],[153.022806,-27.411249],[153.023864,-27.411388],[153.024435,-27.411481],[153.024763,-27.411522],[153.024763,-27.411522],[153.026086,-27.411687],[153.02642,-27.411689],[153.027107,-27.411781],[153.027423,-27.411825],[153.027406,-27.41192],[153.027261,-27.41279],[153.027199,-27.41316],[153.027199,-27.41316],[153.026931,-27.414758],[153.026931,-27.414758],[153.0269,-27.414944],[153.02663,-27.416554],[153.02663,-27.416554],[153.026604,-27.416709],[153.026502,-27.417315],[153.026371,-27.418089],[153.026371,-27.418089],[153.026347,-27.418235],[153.026196,-27.419127],[153.026918,-27.419233],[153.026918,-27.419233],[153.026952,-27.419238],[153.027195,-27.419419],[153.028183,-27.419559],[153.028742,-27.419632],[153.028742,-27.419632],[153.029189,-27.41969],[153.030197,-27.41982],[153.030652,-27.419883],[153.030652,-27.419883],[153.03162,-27.420018],[153.032438,-27.420137],[153.03289,-27.420229],[153.03289,-27.420229],[153.03318,-27.420288],[153.033433,-27.419827],[153.033789,-27.419799],[153.033889,-27.419785],[153.033955,-27.419772],[153.034102,-27.419729],[153.034166,-27.419713],[153.034273,-27.419711],[153.034313,-27.419713],[153.034318,-27.419802],[153.034333,-27.419886],[153.034424,-27.420276],[153.034437,-27.420338],[153.034437,-27.420338],[153.034444,-27.420371],[153.034472,-27.420499],[153.034479,-27.420579],[153.034475,-27.420718],[153.034453,-27.420822],[153.034424,-27.420909],[153.034361,-27.421045],[153.034133,-27.42136],[153.03405,-27.421481],[153.033993,-27.421584],[153.033938,-27.421708],[153.033896,-27.421829],[153.033864,-27.42196],[153.033813,-27.422285],[153.033522,-27.424265],[153.033471,-27.424498],[153.033358,-27.424847],[153.033258,-27.425095],[153.033159,-27.425379],[153.033116,-27.425534],[153.033086,-27.425698],[153.033062,-27.425871],[153.032966,-27.4267],[153.032953,-27.426823],[153.032953,-27.426823],[153.032933,-27.427018],[153.032906,-27.427283],[153.032899,-27.42746],[153.032854,-27.427719],[153.032829,-27.427917],[153.032794,-27.428031],[153.032842,-27.42834],[153.032842,-27.428453],[153.03283,-27.428738],[153.032814,-27.428898],[153.032762,-27.429105],[153.032656,-27.429459],[153.032524,-27.430033],[153.032455,-27.43043],[153.032455,-27.43043],[153.0321,-27.432503],[153.032058,-27.432608],[153.032003,-27.432681],[153.031946,-27.433006],[153.031946,-27.433006],[153.031895,-27.433306],[153.031722,-27.434222],[153.031536,-27.435277],[153.031471,-27.435601],[153.031471,-27.435601],[153.031334,-27.436295],[153.031367,-27.436481],[153.031185,-27.437494],[153.031067,-27.438096],[153.031007,-27.438471],[153.031007,-27.438471],[153.030975,-27.438667],[153.030881,-27.439721],[153.031147,-27.439932],[153.031233,-27.440059],[153.031252,-27.440108],[153.031272,-27.440201],[153.031268,-27.44029],[153.031208,-27.440476],[153.031178,-27.440618],[153.031181,-27.440765],[153.031196,-27.441015],[153.03121,-27.441236],[153.03121,-27.441236],[153.03122,-27.441399],[153.031227,-27.441524],[153.031199,-27.441772],[153.031131,-27.442008],[153.031034,-27.442199],[153.030935,-27.442349],[153.030778,-27.442525],[153.030629,-27.442652],[153.030483,-27.442753],[153.03003,-27.44298],[153.029862,-27.443081],[153.029718,-27.443198],[153.029582,-27.443349],[153.029439,-27.443579],[153.029372,-27.443775],[153.029339,-27.44402],[153.029314,-27.444209],[153.02924,-27.445331],[153.029216,-27.445511],[153.029214,-27.446107],[153.029259,-27.446419],[153.029258,-27.446695],[153.029235,-27.446905],[153.02915,-27.447385],[153.02915,-27.447385],[153.029139,-27.447449],[153.028726,-27.449795],[153.028578,-27.450115],[153.028416,-27.450322],[153.028253,-27.450472],[153.027912,-27.450632],[153.028091,-27.451027],[153.028157,-27.451101],[153.028203,-27.451151],[153.028391,-27.451262],[153.028709,-27.451319],[153.028791,-27.451319],[153.028857,-27.451693],[153.029006,-27.452292],[153.029006,-27.452292],[153.029016,-27.452331],[153.029072,-27.452607],[153.029161,-27.452894],[153.029368,-27.453629],[153.029425,-27.453813],[153.029425,-27.453813],[153.029453,-27.453907],[153.029528,-27.454078],[153.029618,-27.454194],[153.029787,-27.454365],[153.030471,-27.454902],[153.031274,-27.455536],[153.031464,-27.455754],[153.031636,-27.455987],[153.03179,-27.456018],[153.03202,-27.456121],[153.032179,-27.456243],[153.032179,-27.456243],[153.032481,-27.456475],[153.033539,-27.45731],[153.033539,-27.45731],[153.033692,-27.457431],[153.034028,-27.457096],[153.034324,-27.456801],[153.034641,-27.457022],[153.035658,-27.457825],[153.035546,-27.457938],[153.035404,-27.45808],[153.035015,-27.458477],[153.034365,-27.459116],[153.03427,-27.459217],[153.033799,-27.459679],[153.033552,-27.459927],[153.033037,-27.460446],[153.033037,-27.460446],[153.032581,-27.460906],[153.032457,-27.461044],[153.031792,-27.461724],[153.031704,-27.461829],[153.031205,-27.462336],[153.030479,-27.462919],[153.029429,-27.463734],[153.02911,-27.463964],[153.02911,-27.463964],[153.028793,-27.464193],[153.027997,-27.464844],[153.027759,-27.465029],[153.027149,-27.465513],[153.02707,-27.465574],[153.026325,-27.466153],[153.025956,-27.46644],[153.025956,-27.46644],[153.025468,-27.466817],[153.02617,-27.467553],[153.026567,-27.467964],[153.026932,-27.468331],[153.027783,-27.467671],[153.027945,-27.467546],[153.028316,-27.467257]]}},{"type":"Feature","properties":{"route":"348","name":"Stafford - City via Gordon Park","category":"intermediate_bus","route_type":"3","shape_id":"3480004"},"geometry":{"type":"LineString","coordinates":[[153.028316,-27.467257],[153.028622,-27.46702],[153.029732,-27.466154],[153.030318,-27.465719],[153.031189,-27.464953],[153.031257,-27.464772],[153.031432,-27.464027],[153.031438,-27.463916],[153.031438,-27.463916],[153.031442,-27.463832],[153.031424,-27.46369],[153.03137,-27.463524],[153.03123,-27.463023],[153.031208,-27.46284],[153.031205,-27.462336],[153.031192,-27.461816],[153.031222,-27.461607],[153.03125,-27.461538],[153.031423,-27.461131],[153.031526,-27.460942],[153.03168,-27.460616],[153.031727,-27.460482],[153.031779,-27.46023],[153.031779,-27.46023],[153.031852,-27.459874],[153.031838,-27.459543],[153.031866,-27.459375],[153.032125,-27.459023],[153.032465,-27.458711],[153.033045,-27.458084],[153.033692,-27.457431],[153.033166,-27.457016],[153.033166,-27.457016],[153.032481,-27.456475],[153.03202,-27.456121],[153.03179,-27.456018],[153.031636,-27.455987],[153.031464,-27.455754],[153.031274,-27.455536],[153.031244,-27.455513],[153.031244,-27.455513],[153.030471,-27.454902],[153.029946,-27.454489],[153.029946,-27.454489],[153.029787,-27.454365],[153.029618,-27.454194],[153.029528,-27.454078],[153.029453,-27.453907],[153.029368,-27.453629],[153.029161,-27.452894],[153.029072,-27.452607],[153.028922,-27.45235],[153.028867,-27.452121],[153.028867,-27.452121],[153.028767,-27.451701],[153.028709,-27.451319],[153.028391,-27.451262],[153.028203,-27.451151],[153.028157,-27.451101],[153.028091,-27.451027],[153.027912,-27.450632],[153.028253,-27.450472],[153.028416,-27.450322],[153.028578,-27.450115],[153.028726,-27.449795],[153.029139,-27.447449],[153.029218,-27.447002],[153.029218,-27.447002],[153.029235,-27.446905],[153.029258,-27.446695],[153.029259,-27.446419],[153.029214,-27.446107],[153.029216,-27.445511],[153.02924,-27.445331],[153.029314,-27.444209],[153.029339,-27.44402],[153.029372,-27.443775],[153.029439,-27.443579],[153.029582,-27.443349],[153.029718,-27.443198],[153.029862,-27.443081],[153.03003,-27.44298],[153.030483,-27.442753],[153.030629,-27.442652],[153.030778,-27.442525],[153.030935,-27.442349],[153.031034,-27.442199],[153.031131,-27.442008],[153.031199,-27.441772],[153.031227,-27.441524],[153.03122,-27.441399],[153.031202,-27.441107],[153.031202,-27.441107],[153.031196,-27.441015],[153.031181,-27.440765],[153.031178,-27.440618],[153.031208,-27.440476],[153.031268,-27.44029],[153.031272,-27.440201],[153.031252,-27.440108],[153.031233,-27.440059],[153.031147,-27.439932],[153.030881,-27.439721],[153.030708,-27.439667],[153.030788,-27.439188],[153.030788,-27.439188],[153.030971,-27.438082],[153.031074,-27.437477],[153.0311,-27.437322],[153.0311,-27.437322],[153.03124,-27.436494],[153.031334,-27.436295],[153.031536,-27.435277],[153.031625,-27.434774],[153.031625,-27.434774],[153.031722,-27.434222],[153.031895,-27.433306],[153.032003,-27.432681],[153.032015,-27.432607],[153.032004,-27.432479],[153.031996,-27.432349],[153.03197,-27.432096],[153.031871,-27.431485],[153.031852,-27.431264],[153.031854,-27.431172],[153.031854,-27.431172],[153.03186,-27.430966],[153.031856,-27.430774],[153.031876,-27.430271],[153.031909,-27.43006],[153.031969,-27.429918],[153.03205,-27.429825],[153.032254,-27.429662],[153.03236,-27.429529],[153.032471,-27.429383],[153.032481,-27.429365],[153.032481,-27.429365],[153.032556,-27.429237],[153.032603,-27.429091],[153.032656,-27.428874],[153.032682,-27.428719],[153.032594,-27.428439],[153.032575,-27.428339],[153.032586,-27.428243],[153.032633,-27.428126],[153.032738,-27.427922],[153.032793,-27.427753],[153.032837,-27.427584],[153.032854,-27.42745],[153.032859,-27.427278],[153.032887,-27.42702],[153.032915,-27.426779],[153.032915,-27.426779],[153.032924,-27.426695],[153.033009,-27.425963],[153.033038,-27.425738],[153.033061,-27.425603],[153.033101,-27.425427],[153.033125,-27.425347],[153.033184,-27.425164],[153.033384,-27.424642],[153.033428,-27.42449],[153.033499,-27.42415],[153.033679,-27.422949],[153.033762,-27.422334],[153.033809,-27.422009],[153.033833,-27.421892],[153.033869,-27.421768],[153.033915,-27.421654],[153.033962,-27.421556],[153.03402,-27.421446],[153.034323,-27.421021],[153.03438,-27.420912],[153.034414,-27.420815],[153.034431,-27.420718],[153.034438,-27.420587],[153.034424,-27.420473],[153.034403,-27.420382],[153.034293,-27.419903],[153.034293,-27.419903],[153.034289,-27.419885],[153.034278,-27.419811],[153.034273,-27.419711],[153.034166,-27.419713],[153.034102,-27.419729],[153.033955,-27.419772],[153.033889,-27.419785],[153.033789,-27.419799],[153.033433,-27.419827],[153.03318,-27.420288],[153.032848,-27.42022],[153.032848,-27.42022],[153.032438,-27.420137],[153.03162,-27.420018],[153.03055,-27.419869],[153.03055,-27.419869],[153.030197,-27.41982],[153.029189,-27.41969],[153.028515,-27.419603],[153.028515,-27.419603],[153.028183,-27.419559],[153.027314,-27.419436],[153.027314,-27.419436],[153.027195,-27.419419],[153.026952,-27.419238],[153.026196,-27.419127],[153.026314,-27.418431],[153.026314,-27.418431],[153.026347,-27.418235],[153.026502,-27.417315],[153.026555,-27.416996],[153.026555,-27.416996],[153.026604,-27.416709],[153.026858,-27.41519],[153.026858,-27.41519],[153.0269,-27.414944],[153.027261,-27.41279],[153.027353,-27.412235],[153.027353,-27.412235],[153.027406,-27.41192],[153.026843,-27.411825],[153.026407,-27.411764],[153.026086,-27.411687],[153.024435,-27.411481],[153.023991,-27.411409],[153.023991,-27.411409],[153.023864,-27.411388],[153.022806,-27.411249],[153.022661,-27.41123],[153.02181,-27.411127],[153.02181,-27.411127],[153.021702,-27.411115],[153.021048,-27.411038],[153.020455,-27.410942],[153.01965,-27.410835],[153.018707,-27.410712],[153.018506,-27.410713],[153.018041,-27.410671],[153.018041,-27.410671],[153.017808,-27.41065],[153.016932,-27.410534],[153.016797,-27.411306],[153.016756,-27.41152],[153.016685,-27.411579],[153.01664,-27.411848],[153.01664,-27.411848],[153.016286,-27.41398],[153.016286,-27.41398],[153.01624,-27.414264],[153.016205,-27.414496],[153.016029,-27.415522],[153.015026,-27.415386],[153.013109,-27.415142],[153.013275,-27.414342],[153.013245,-27.414241],[153.013161,-27.414162],[153.01322,-27.413842],[153.01325,-27.413562],[153.013261,-27.413426],[153.01323,-27.413334],[153.013294,-27.413242],[153.013418,-27.412506],[153.0134,-27.412442]]}},{"type":"Feature","properties":{"route":"369","name":"Mitchelton - Toombul via Stafford","category":"intermediate_bus","route_type":"3","shape_id":"3690001"},"geometry":{"type":"LineString","coordinates":[[152.976368,-27.411523],[152.976672,-27.411674],[152.97678,-27.411664],[152.976835,-27.411595],[152.977224,-27.411799],[152.977385,-27.410962],[152.977451,-27.410604],[152.977609,-27.40975],[152.978343,-27.40985],[152.978529,-27.409936],[152.978608,-27.410018],[152.978608,-27.410018],[152.978731,-27.410148],[152.978744,-27.410135],[152.978767,-27.41012],[152.978793,-27.41011],[152.978822,-27.410105],[152.97885,-27.410105],[152.978879,-27.41011],[152.978905,-27.41012],[152.978928,-27.410135],[152.978947,-27.410154],[152.978962,-27.410176],[152.978971,-27.410201],[152.978974,-27.410226],[152.978971,-27.410251],[152.978962,-27.410276],[152.978947,-27.410298],[152.978935,-27.41031],[152.979088,-27.410409],[152.979501,-27.410498],[152.979891,-27.410564],[152.980891,-27.410221],[152.981107,-27.410155],[152.981191,-27.41012],[152.98125,-27.410081],[152.981293,-27.410029],[152.981305,-27.409996],[152.981454,-27.409183],[152.981478,-27.408983],[152.98147,-27.408838],[152.98145,-27.408841],[152.981426,-27.408841],[152.981401,-27.408836],[152.981378,-27.408828],[152.981358,-27.408815],[152.981341,-27.408798],[152.981329,-27.408779],[152.981321,-27.408758],[152.981319,-27.408736],[152.981321,-27.408714],[152.981325,-27.408703],[152.981329,-27.408693],[152.981341,-27.408674],[152.981358,-27.408657],[152.981378,-27.408644],[152.981401,-27.408635],[152.981426,-27.408631],[152.98145,-27.408631],[152.981475,-27.408635],[152.981498,-27.408644],[152.98152,-27.408659],[152.981562,-27.408626],[152.982038,-27.408424],[152.982137,-27.408387],[152.982286,-27.408337],[152.982394,-27.408308],[152.982536,-27.40829],[152.982639,-27.408287],[152.982769,-27.408298],[152.982915,-27.408334],[152.983269,-27.408494],[152.983887,-27.408776],[152.984133,-27.408884],[152.98432,-27.40895],[152.984621,-27.408987],[152.98496,-27.408923],[152.985606,-27.408763],[152.985606,-27.408763],[152.986102,-27.40864],[152.987376,-27.408343],[152.987375,-27.408331],[152.987377,-27.408314],[152.987392,-27.408284],[152.987405,-27.408272],[152.98742,-27.408262],[152.987437,-27.408255],[152.987456,-27.408252],[152.987475,-27.408252],[152.987493,-27.408255],[152.98751,-27.408262],[152.987525,-27.408272],[152.987538,-27.408284],[152.987549,-27.408303],[152.988009,-27.408174],[152.990396,-27.407604],[152.990396,-27.407604],[152.990616,-27.407552],[152.990852,-27.407488],[152.990842,-27.407273],[152.990967,-27.407203],[152.991406,-27.407101],[152.991917,-27.406975],[152.991971,-27.406962],[152.991971,-27.406962],[152.992126,-27.406927],[152.992291,-27.406896],[152.992438,-27.406879],[152.992601,-27.406879],[152.992778,-27.406893],[152.99334,-27.406995],[152.993986,-27.407093],[152.994801,-27.407209],[152.996167,-27.407409],[152.996392,-27.407414],[152.99652,-27.407412],[152.996683,-27.407397],[152.997658,-27.40725],[152.998239,-27.407159],[152.998366,-27.407152],[152.9985,-27.407161],[152.998611,-27.407192],[152.998943,-27.407358],[152.998943,-27.407358],[152.999192,-27.407482],[153.000034,-27.407889],[153.000205,-27.407983],[153.000366,-27.408055],[153.000518,-27.408094],[153.000727,-27.408129],[153.001319,-27.408219],[153.003201,-27.408502],[153.003201,-27.408502],[153.003509,-27.408548],[153.005306,-27.408815],[153.006701,-27.409026],[153.007341,-27.409116],[153.007341,-27.409116],[153.007735,-27.409171],[153.007852,-27.409187],[153.008159,-27.409231],[153.0095,-27.409418],[153.010316,-27.409539],[153.01132,-27.409682],[153.011751,-27.409738],[153.01236,-27.40983],[153.012399,-27.409836],[153.012399,-27.409836],[153.01289,-27.409899],[153.013576,-27.409993],[153.013765,-27.410015],[153.014307,-27.410089],[153.015373,-27.410226],[153.0159,-27.410301],[153.016566,-27.410389],[153.016844,-27.410428],[153.016947,-27.410442],[153.017337,-27.410487],[153.018001,-27.410579],[153.018001,-27.410579],[153.018343,-27.410627],[153.018707,-27.410712],[153.01965,-27.410835],[153.020455,-27.410942],[153.021048,-27.411038],[153.021702,-27.411115],[153.022478,-27.411208],[153.022478,-27.411208],[153.022661,-27.41123],[153.022806,-27.411249],[153.023864,-27.411388],[153.024435,-27.411481],[153.026086,-27.411687],[153.02642,-27.411689],[153.026591,-27.411712],[153.026591,-27.411712],[153.027107,-27.411781],[153.027423,-27.411825],[153.028122,-27.411917],[153.029879,-27.412153],[153.029879,-27.412153],[153.030011,-27.412171],[153.030198,-27.412191],[153.030358,-27.412195],[153.030558,-27.4122],[153.031057,-27.412167],[153.031337,-27.412161],[153.031627,-27.412173],[153.031907,-27.412196],[153.033008,-27.412349],[153.03337,-27.412402],[153.03351,-27.412533],[153.033502,-27.412603],[153.033435,-27.412684],[153.03332,-27.413504],[153.033271,-27.413889],[153.034322,-27.413832],[153.034514,-27.413783],[153.034602,-27.413739],[153.034711,-27.413891],[153.034876,-27.414052],[153.035011,-27.414231],[153.035116,-27.414429],[153.035253,-27.414757],[153.03535,-27.414917],[153.035424,-27.415032],[153.035634,-27.415357],[153.035634,-27.415357],[153.03567,-27.415412],[153.035744,-27.415526],[153.035871,-27.415715],[153.035946,-27.415862],[153.036003,-27.416019],[153.035912,-27.416036],[153.035728,-27.416075],[153.035817,-27.416298],[153.035839,-27.416401],[153.035739,-27.417091],[153.035349,-27.417848],[153.035762,-27.418023],[153.035853,-27.418053],[153.036214,-27.418122],[153.036214,-27.418122],[153.039684,-27.418787],[153.039646,-27.418082],[153.039593,-27.417676],[153.039593,-27.417676],[153.039554,-27.417385],[153.039295,-27.4168],[153.039079,-27.416449],[153.038728,-27.416171],[153.038825,-27.416178],[153.038896,-27.416143],[153.04033,-27.41517],[153.04033,-27.41517],[153.040355,-27.415153],[153.040586,-27.415061],[153.041064,-27.414918],[153.041304,-27.414847],[153.041503,-27.414747],[153.041618,-27.41465],[153.041742,-27.414427],[153.041996,-27.413846],[153.041996,-27.413846],[153.042029,-27.413772],[153.042093,-27.413722],[153.04218,-27.413701],[153.042324,-27.413708],[153.043058,-27.413821],[153.044049,-27.413974],[153.047165,-27.414454],[153.048375,-27.414623],[153.049047,-27.41473],[153.049717,-27.414821],[153.050159,-27.414872],[153.050159,-27.414872],[153.050319,-27.414891],[153.050654,-27.41493],[153.051452,-27.41504],[153.052486,-27.415185],[153.053067,-27.415262],[153.053808,-27.415359],[153.05468,-27.415474],[153.055697,-27.415611],[153.056053,-27.415658],[153.056053,-27.415658],[153.056337,-27.415696],[153.05668,-27.415735],[153.057348,-27.415833],[153.058364,-27.41596],[153.058534,-27.414885],[153.058664,-27.414134],[153.058664,-27.414134],[153.05872,-27.413817],[153.0589,-27.412737],[153.058927,-27.41259],[153.058911,-27.412338],[153.059047,-27.411543],[153.059077,-27.411423],[153.059232,-27.410636],[153.059396,-27.409701],[153.059553,-27.4088],[153.059693,-27.408825],[153.060118,-27.408883],[153.060181,-27.408818],[153.060214,-27.40878],[153.060231,-27.408718],[153.060196,-27.408614],[153.060138,-27.408548],[153.060184,-27.408274]]}},{"type":"Feature","properties":{"route":"369","name":"Mitchelton - Toombul via Stafford","category":"intermediate_bus","route_type":"3","shape_id":"3690005"},"geometry":{"type":"LineString","coordinates":[[153.06019,-27.408241],[153.060229,-27.408009],[153.060226,-27.407961],[153.06021,-27.407933],[153.060192,-27.4079],[153.060137,-27.407872],[153.060249,-27.407803],[153.060292,-27.40779],[153.060602,-27.407843],[153.060633,-27.407658],[153.060696,-27.407546],[153.060774,-27.407502],[153.060907,-27.407514],[153.060928,-27.407378],[153.060358,-27.407309],[153.06025,-27.407336],[153.060208,-27.4074],[153.060146,-27.407549],[153.060051,-27.407654],[153.059906,-27.407646],[153.059693,-27.408825],[153.059521,-27.409735],[153.059322,-27.410829],[153.059217,-27.411295],[153.059126,-27.411665],[153.058991,-27.412368],[153.058927,-27.41259],[153.0589,-27.412737],[153.058745,-27.413668],[153.058745,-27.413668],[153.05872,-27.413817],[153.058534,-27.414885],[153.058364,-27.41596],[153.057348,-27.415833],[153.05668,-27.415735],[153.056337,-27.415696],[153.055999,-27.415651],[153.055999,-27.415651],[153.055697,-27.415611],[153.05468,-27.415474],[153.053808,-27.415359],[153.053067,-27.415262],[153.052486,-27.415185],[153.051452,-27.41504],[153.050654,-27.41493],[153.050319,-27.414891],[153.049745,-27.414824],[153.049745,-27.414824],[153.049717,-27.414821],[153.049047,-27.41473],[153.048375,-27.414623],[153.047165,-27.414454],[153.044049,-27.413974],[153.043058,-27.413821],[153.042324,-27.413708],[153.04218,-27.413701],[153.042093,-27.413722],[153.042029,-27.413772],[153.041833,-27.414218],[153.041833,-27.414218],[153.041742,-27.414427],[153.041618,-27.41465],[153.041503,-27.414747],[153.041304,-27.414847],[153.041064,-27.414918],[153.040881,-27.414974],[153.040881,-27.414974],[153.040586,-27.415061],[153.040355,-27.415153],[153.038896,-27.416143],[153.038825,-27.416178],[153.038728,-27.416171],[153.038018,-27.415702],[153.037914,-27.415666],[153.037834,-27.415656],[153.03731,-27.41559],[153.03731,-27.41559],[153.037249,-27.415583],[153.036636,-27.415522],[153.036654,-27.41571],[153.036645,-27.415943],[153.036561,-27.416427],[153.036498,-27.416812],[153.036381,-27.41715],[153.036288,-27.417359],[153.036165,-27.417611],[153.036037,-27.417788],[153.035853,-27.418053],[153.035762,-27.418023],[153.035349,-27.417848],[153.035739,-27.417091],[153.035839,-27.416401],[153.035817,-27.416298],[153.035728,-27.416075],[153.035629,-27.415765],[153.035564,-27.415592],[153.035465,-27.415477],[153.035315,-27.41538],[153.035315,-27.41538],[153.035294,-27.415365],[153.03508,-27.415262],[153.035068,-27.415281],[153.035052,-27.415296],[153.035034,-27.415309],[153.035011,-27.415317],[153.034988,-27.415322],[153.034964,-27.415322],[153.034941,-27.415317],[153.034919,-27.415309],[153.034901,-27.415297],[153.034884,-27.415281],[153.034872,-27.415262],[153.034864,-27.415242],[153.034864,-27.4152],[153.034872,-27.41518],[153.034884,-27.415161],[153.0349,-27.415146],[153.034919,-27.415133],[153.034941,-27.415125],[153.034964,-27.41512],[153.034983,-27.41512],[153.03498,-27.414993],[153.034983,-27.41492],[153.035,-27.414858],[153.035036,-27.414816],[153.035099,-27.414794],[153.035201,-27.414772],[153.035066,-27.414442],[153.034978,-27.414275],[153.034848,-27.414101],[153.034514,-27.413783],[153.034322,-27.413832],[153.033271,-27.413889],[153.03332,-27.413504],[153.033435,-27.412684],[153.032889,-27.41261],[153.032889,-27.41261],[153.032126,-27.412507],[153.03165,-27.412437],[153.030952,-27.412377],[153.030673,-27.412343],[153.029974,-27.41224],[153.029421,-27.41219],[153.028418,-27.412054],[153.027406,-27.41192],[153.026843,-27.411825],[153.026602,-27.411791],[153.026602,-27.411791],[153.026407,-27.411764],[153.026086,-27.411687],[153.024435,-27.411481],[153.023864,-27.411388],[153.022806,-27.411249],[153.022661,-27.41123],[153.02181,-27.411127],[153.02181,-27.411127],[153.021702,-27.411115],[153.021048,-27.411038],[153.020455,-27.410942],[153.01965,-27.410835],[153.018707,-27.410712],[153.018506,-27.410713],[153.018041,-27.410671],[153.018041,-27.410671],[153.017808,-27.41065],[153.016932,-27.410534],[153.016831,-27.41052],[153.016524,-27.410478],[153.014589,-27.410202],[153.014274,-27.410161],[153.013791,-27.410112],[153.013715,-27.410105],[153.013373,-27.410067],[153.013172,-27.410045],[153.012972,-27.410017],[153.012363,-27.409915],[153.012363,-27.409915],[153.011941,-27.409845],[153.011308,-27.409766],[153.009326,-27.409476],[153.008181,-27.409313],[153.007822,-27.409265],[153.007711,-27.409248],[153.007098,-27.409158],[153.007098,-27.409158],[153.006684,-27.409098],[153.005296,-27.408891],[153.003501,-27.408623],[153.003292,-27.408594],[153.002538,-27.408482],[153.002538,-27.408482],[153.001301,-27.408298],[153.000715,-27.408201],[153.000383,-27.408148],[153.000286,-27.40811],[152.999829,-27.407883],[152.998756,-27.40736],[152.998756,-27.40736],[152.998697,-27.407331],[152.998583,-27.407283],[152.998472,-27.407249],[152.998368,-27.40723],[152.998235,-27.407237],[152.997678,-27.407321],[152.996703,-27.407468],[152.996505,-27.407495],[152.996345,-27.407497],[152.996176,-27.407485],[152.995932,-27.407456],[152.994786,-27.407288],[152.993323,-27.407072],[152.992783,-27.406989],[152.992666,-27.406979],[152.992666,-27.406979],[152.992625,-27.406975],[152.992456,-27.406969],[152.992353,-27.406976],[152.992203,-27.406991],[152.991994,-27.407034],[152.991661,-27.407119],[152.990971,-27.407301],[152.990989,-27.407459],[152.990852,-27.407488],[152.990616,-27.407552],[152.99038,-27.407608],[152.99038,-27.407608],[152.988009,-27.408174],[152.987549,-27.408303],[152.987553,-27.408314],[152.987555,-27.408331],[152.987553,-27.408348],[152.987547,-27.408363],[152.987538,-27.408378],[152.987525,-27.40839],[152.98751,-27.4084],[152.987494,-27.408407],[152.987474,-27.40841],[152.987456,-27.40841],[152.987437,-27.408407],[152.98742,-27.4084],[152.987405,-27.40839],[152.987393,-27.408378],[152.987383,-27.408363],[152.987376,-27.408343],[152.986102,-27.40864],[152.985352,-27.408825],[152.985352,-27.408825],[152.98496,-27.408923],[152.984621,-27.408987],[152.98432,-27.40895],[152.984133,-27.408884],[152.983887,-27.408776],[152.983269,-27.408494],[152.982915,-27.408334],[152.982769,-27.408298],[152.982639,-27.408287],[152.982536,-27.40829],[152.982394,-27.408308],[152.982286,-27.408337],[152.982137,-27.408387],[152.982038,-27.408424],[152.981562,-27.408626],[152.98152,-27.408659],[152.981535,-27.408674],[152.981548,-27.408693],[152.981555,-27.408714],[152.981557,-27.408736],[152.981555,-27.408758],[152.981548,-27.408779],[152.981535,-27.408798],[152.981518,-27.408815],[152.981498,-27.408828],[152.98147,-27.408838],[152.98145,-27.408841],[152.981426,-27.408841],[152.981401,-27.408836],[152.981378,-27.408828],[152.981358,-27.408815],[152.981341,-27.408798],[152.981329,-27.408779],[152.981321,-27.408758],[152.981319,-27.408736],[152.981321,-27.408714],[152.981325,-27.408703],[152.981169,-27.408662],[152.980716,-27.408441],[152.980604,-27.408416],[152.97916,-27.408216],[152.977949,-27.408059],[152.977833,-27.408636],[152.977833,-27.408636],[152.977609,-27.40975],[152.97618,-27.409562],[152.976059,-27.410252],[152.97591,-27.411101],[152.975907,-27.411191],[152.975927,-27.411258],[152.975945,-27.411314],[152.976271,-27.411476],[152.976368,-27.411523]]}},{"type":"Feature","properties":{"route":"375","name":"Bardon - City","category":"intermediate_bus","route_type":"3","shape_id":"3750027"},"geometry":{"type":"LineString","coordinates":[[152.968193,-27.464556],[152.96813,-27.464514],[152.96813,-27.464451],[152.967872,-27.46427],[152.967956,-27.464098],[152.968125,-27.463819],[152.968246,-27.463691],[152.968605,-27.463507],[152.969159,-27.463274],[152.969495,-27.463038],[152.970113,-27.461682],[152.970245,-27.46144],[152.970683,-27.461346],[152.970683,-27.461346],[152.970963,-27.461287],[152.971487,-27.460264],[152.972557,-27.459476],[152.972557,-27.459476],[152.972749,-27.459334],[152.972888,-27.459251],[152.973008,-27.459197],[152.973238,-27.459109],[152.973427,-27.459079],[152.973527,-27.459069],[152.973873,-27.459062],[152.974233,-27.459048],[152.974656,-27.459071],[152.974911,-27.459113],[152.975721,-27.459229],[152.975914,-27.459259],[152.976463,-27.459346],[152.976463,-27.459346],[152.977183,-27.459459],[152.977887,-27.459542],[152.978386,-27.459645],[152.978386,-27.459645],[152.978938,-27.459759],[152.979846,-27.460115],[152.981625,-27.461176],[152.982206,-27.46126],[152.982206,-27.46126],[152.982268,-27.461269],[152.982456,-27.461182],[152.982507,-27.461056],[152.982508,-27.460244],[152.982524,-27.460087],[152.982612,-27.45997],[152.982883,-27.459874],[152.982883,-27.459874],[152.983313,-27.459722],[152.984801,-27.458975],[152.98532,-27.458256],[152.98532,-27.458256],[152.985358,-27.458203],[152.985615,-27.458079],[152.985848,-27.457967],[152.985999,-27.45801],[152.986431,-27.458059],[152.986975,-27.458078],[152.986975,-27.458078],[152.987252,-27.458088],[152.987443,-27.458124],[152.987692,-27.458252],[152.987882,-27.458408],[152.988077,-27.458587],[152.988077,-27.458587],[152.988193,-27.458693],[152.988259,-27.458773],[152.988409,-27.459094],[152.988492,-27.459307],[152.988535,-27.459465],[152.98856,-27.459461],[152.988598,-27.459461],[152.988634,-27.459467],[152.988668,-27.459481],[152.988698,-27.4595],[152.988722,-27.459525],[152.988741,-27.459553],[152.988752,-27.459584],[152.988756,-27.459617],[152.988754,-27.459633],[152.988783,-27.45964],[152.988985,-27.45965],[152.989131,-27.459645],[152.990065,-27.459497],[152.990165,-27.459492],[152.990243,-27.459502],[152.990954,-27.459722],[152.990954,-27.459722],[152.990999,-27.459736],[152.991103,-27.459763],[152.991371,-27.459746],[152.992413,-27.459407],[152.993161,-27.459179],[152.99342,-27.459103],[152.99342,-27.459103],[152.993468,-27.459089],[152.993975,-27.458926],[152.994469,-27.458415],[152.994558,-27.458376],[152.994734,-27.458348],[152.995058,-27.458386],[152.995058,-27.458386],[152.996384,-27.45854],[152.997323,-27.4589],[152.997431,-27.45894],[152.998122,-27.459193],[152.998122,-27.459193],[152.9983,-27.459258],[152.998362,-27.459266],[152.998461,-27.459257],[152.998569,-27.459237],[152.998673,-27.459187],[152.998951,-27.458959],[152.999092,-27.458862],[152.999182,-27.458805],[152.999252,-27.458772],[152.999313,-27.458753],[152.999384,-27.458742],[152.999463,-27.458738],[152.999747,-27.458751],[153.000132,-27.458768],[153.000622,-27.458737],[153.000833,-27.458766],[153.000996,-27.458874],[153.001128,-27.459016],[153.001128,-27.459016],[153.002088,-27.460038],[153.002396,-27.460381],[153.002468,-27.460449],[153.002532,-27.46048],[153.002583,-27.460499],[153.002675,-27.460516],[153.00318,-27.460528],[153.00325,-27.460533],[153.003327,-27.460547],[153.003386,-27.460573],[153.003472,-27.460622],[153.003968,-27.460942],[153.004572,-27.461252],[153.00493,-27.461375],[153.00493,-27.461375],[153.005033,-27.461411],[153.005547,-27.461592],[153.006398,-27.461881],[153.006838,-27.461987],[153.006838,-27.461987],[153.007,-27.462026],[153.007589,-27.462196],[153.007971,-27.462274],[153.00841,-27.462323],[153.00841,-27.462323],[153.008831,-27.462371],[153.009012,-27.462396],[153.010505,-27.463067],[153.010609,-27.463084],[153.010927,-27.463183],[153.011248,-27.463346],[153.011679,-27.463577],[153.011679,-27.463577],[153.011763,-27.463622],[153.011826,-27.46371],[153.011926,-27.463769],[153.012045,-27.463859],[153.012924,-27.46468],[153.012977,-27.464725],[153.013208,-27.464947],[153.013227,-27.465051],[153.013186,-27.465099],[153.012827,-27.465392],[153.012719,-27.465508],[153.012664,-27.46562],[153.012648,-27.465709],[153.012648,-27.46584],[153.012659,-27.465946],[153.012683,-27.466013],[153.012734,-27.466099],[153.012829,-27.466168],[153.012937,-27.466241],[153.013078,-27.466316],[153.013214,-27.466343],[153.013383,-27.466336],[153.013917,-27.466262],[153.013917,-27.466262],[153.014084,-27.466238],[153.014558,-27.466204],[153.014701,-27.466183],[153.01503,-27.466131],[153.015982,-27.465978],[153.016172,-27.465951],[153.016286,-27.465939],[153.01645,-27.465963],[153.016609,-27.466003],[153.01756,-27.466244],[153.018325,-27.466442],[153.018325,-27.466442],[153.018923,-27.466595],[153.019028,-27.466626],[153.019481,-27.466759],[153.020147,-27.466911],[153.020506,-27.466989],[153.020882,-27.467087],[153.021968,-27.467522],[153.022329,-27.467677],[153.022558,-27.467774],[153.02361,-27.468191],[153.022992,-27.468691],[153.022992,-27.468691],[153.022071,-27.469437],[153.02116,-27.470118],[153.021938,-27.470851],[153.022396,-27.470496],[153.022794,-27.470179],[153.024482,-27.468866],[153.024928,-27.468522],[153.02524,-27.468279],[153.025348,-27.468195],[153.025561,-27.468028],[153.025561,-27.468028],[153.02617,-27.467553],[153.026226,-27.467508],[153.027009,-27.466899],[153.027153,-27.466786],[153.02786,-27.466239],[153.028472,-27.465766],[153.028472,-27.465766],[153.028473,-27.465765],[153.028691,-27.465599],[153.029545,-27.464934],[153.029033,-27.464429],[153.029033,-27.464429],[153.028793,-27.464193],[153.028215,-27.464258],[153.027832,-27.464356]]}},{"type":"Feature","properties":{"route":"375","name":"Bardon - City","category":"intermediate_bus","route_type":"3","shape_id":"3750028"},"geometry":{"type":"LineString","coordinates":[[153.027832,-27.464356],[153.02783,-27.464357],[153.027719,-27.464352],[153.027631,-27.464291],[153.027567,-27.464197],[153.027936,-27.463796],[153.028211,-27.463559],[153.028793,-27.464193],[153.029545,-27.464934],[153.028691,-27.465599],[153.028473,-27.465765],[153.028108,-27.466046],[153.028108,-27.466046],[153.02786,-27.466239],[153.027153,-27.466786],[153.027009,-27.466899],[153.026226,-27.467508],[153.02617,-27.467553],[153.025348,-27.468195],[153.02524,-27.468279],[153.025193,-27.468315],[153.025193,-27.468315],[153.024928,-27.468522],[153.024482,-27.468866],[153.022794,-27.470179],[153.022071,-27.469437],[153.021514,-27.468867],[153.021514,-27.468867],[153.021335,-27.468683],[153.020593,-27.467926],[153.019853,-27.467149],[153.019481,-27.466759],[153.019028,-27.466626],[153.018923,-27.466595],[153.018446,-27.466472],[153.018446,-27.466472],[153.01756,-27.466244],[153.016609,-27.466003],[153.01645,-27.465963],[153.016286,-27.465939],[153.016172,-27.465951],[153.015982,-27.465978],[153.015427,-27.466067],[153.015427,-27.466067],[153.01503,-27.466131],[153.014701,-27.466183],[153.014558,-27.466204],[153.014342,-27.466252],[153.014131,-27.466265],[153.013656,-27.466343],[153.013246,-27.466409],[153.013143,-27.466397],[153.01301,-27.46634],[153.012851,-27.466247],[153.012743,-27.466174],[153.012658,-27.466097],[153.012603,-27.466002],[153.012555,-27.465849],[153.012569,-27.465703],[153.012573,-27.465689],[153.012573,-27.465689],[153.012605,-27.465586],[153.012662,-27.465492],[153.012734,-27.46539],[153.012839,-27.465253],[153.013,-27.465112],[153.013208,-27.464947],[153.012977,-27.464725],[153.012924,-27.46468],[153.012045,-27.463859],[153.011926,-27.463769],[153.011826,-27.46371],[153.011702,-27.463687],[153.011548,-27.463614],[153.011548,-27.463614],[153.011388,-27.463538],[153.011176,-27.463419],[153.010959,-27.463307],[153.010584,-27.463132],[153.010505,-27.463067],[153.009012,-27.462396],[153.008831,-27.462371],[153.007971,-27.462274],[153.007707,-27.46222],[153.007707,-27.46222],[153.007589,-27.462196],[153.007,-27.462026],[153.006398,-27.461881],[153.005946,-27.461727],[153.005946,-27.461727],[153.005547,-27.461592],[153.005033,-27.461411],[153.004572,-27.461252],[153.004362,-27.461144],[153.004362,-27.461144],[153.003968,-27.460942],[153.003472,-27.460622],[153.003386,-27.460573],[153.003327,-27.460547],[153.00325,-27.460533],[153.00318,-27.460528],[153.002675,-27.460516],[153.002583,-27.460499],[153.002532,-27.46048],[153.002468,-27.460449],[153.002396,-27.460381],[153.002233,-27.4602],[153.002233,-27.4602],[153.002088,-27.460038],[153.000996,-27.458874],[153.000833,-27.458766],[153.000622,-27.458737],[153.000132,-27.458768],[152.999821,-27.458755],[152.999821,-27.458755],[152.999747,-27.458751],[152.999463,-27.458738],[152.999384,-27.458742],[152.999313,-27.458753],[152.999252,-27.458772],[152.999182,-27.458805],[152.999092,-27.458862],[152.998951,-27.458959],[152.998673,-27.459187],[152.998569,-27.459237],[152.998461,-27.459257],[152.998362,-27.459266],[152.9983,-27.459258],[152.998096,-27.459183],[152.998096,-27.459183],[152.997431,-27.45894],[152.997323,-27.4589],[152.996384,-27.45854],[152.994959,-27.458374],[152.994959,-27.458374],[152.994734,-27.458348],[152.994558,-27.458376],[152.994469,-27.458415],[152.993975,-27.458926],[152.993468,-27.459089],[152.993161,-27.459179],[152.99281,-27.459286],[152.99281,-27.459286],[152.992413,-27.459407],[152.991371,-27.459746],[152.991103,-27.459763],[152.990999,-27.459736],[152.990689,-27.45964],[152.990689,-27.45964],[152.990243,-27.459502],[152.990165,-27.459492],[152.990065,-27.459497],[152.989131,-27.459645],[152.988985,-27.45965],[152.988783,-27.45964],[152.988754,-27.459633],[152.988752,-27.45965],[152.988741,-27.459681],[152.988722,-27.459709],[152.988698,-27.459734],[152.988668,-27.459753],[152.988634,-27.459767],[152.988598,-27.459773],[152.98856,-27.459773],[152.988539,-27.45977],[152.988524,-27.459767],[152.98849,-27.459753],[152.988461,-27.459734],[152.988452,-27.459726],[152.988436,-27.459709],[152.988417,-27.459681],[152.988406,-27.45965],[152.988402,-27.459617],[152.988406,-27.459584],[152.988417,-27.459553],[152.988436,-27.459525],[152.988461,-27.4595],[152.98849,-27.459481],[152.988524,-27.459467],[152.988535,-27.459465],[152.988492,-27.459307],[152.988409,-27.459094],[152.988348,-27.458965],[152.988348,-27.458965],[152.988259,-27.458773],[152.988193,-27.458693],[152.987882,-27.458408],[152.987692,-27.458252],[152.987443,-27.458124],[152.987252,-27.458088],[152.986431,-27.458059],[152.986385,-27.458053],[152.986385,-27.458053],[152.985999,-27.45801],[152.985848,-27.457967],[152.985615,-27.458079],[152.985358,-27.458203],[152.98523,-27.45838],[152.98523,-27.45838],[152.984801,-27.458975],[152.984422,-27.459165],[152.984422,-27.459165],[152.983313,-27.459722],[152.982612,-27.45997],[152.982524,-27.460087],[152.982508,-27.460244],[152.982507,-27.460568],[152.982507,-27.460568],[152.982507,-27.461056],[152.982456,-27.461182],[152.982268,-27.461269],[152.981625,-27.461176],[152.979846,-27.460115],[152.979251,-27.459882],[152.979251,-27.459882],[152.978938,-27.459759],[152.977887,-27.459542],[152.977183,-27.459459],[152.976328,-27.459324],[152.976328,-27.459324],[152.975914,-27.459259],[152.975721,-27.459229],[152.974911,-27.459113],[152.974656,-27.459071],[152.974233,-27.459048],[152.973873,-27.459062],[152.973527,-27.459069],[152.973427,-27.459079],[152.973238,-27.459109],[152.973008,-27.459197],[152.972888,-27.459251],[152.972749,-27.459334],[152.972306,-27.459661],[152.972306,-27.459661],[152.971487,-27.460264],[152.970963,-27.461287],[152.970696,-27.461343],[152.970696,-27.461343],[152.970245,-27.46144],[152.970113,-27.461682],[152.969495,-27.463038],[152.969159,-27.463274],[152.968605,-27.463507],[152.968246,-27.463691],[152.968125,-27.463819],[152.967956,-27.464098],[152.967872,-27.46427],[152.96813,-27.464451],[152.968344,-27.464566],[152.968296,-27.464615],[152.968224,-27.464578],[152.968193,-27.464556]]}},{"type":"Feature","properties":{"route":"390","name":"Mitchelton - City","category":"intermediate_bus","route_type":"3","shape_id":"3900034"},"geometry":{"type":"LineString","coordinates":[[152.978266,-27.409839],[152.978343,-27.40985],[152.978529,-27.409936],[152.978731,-27.410148],[152.978744,-27.410135],[152.978767,-27.41012],[152.978793,-27.41011],[152.978822,-27.410105],[152.97885,-27.410105],[152.978879,-27.41011],[152.978905,-27.41012],[152.978928,-27.410135],[152.978947,-27.410154],[152.978962,-27.410176],[152.978971,-27.410201],[152.978974,-27.410226],[152.978971,-27.410251],[152.978962,-27.410276],[152.978947,-27.410298],[152.978935,-27.41031],[152.978928,-27.410317],[152.978905,-27.410332],[152.978879,-27.410342],[152.97885,-27.410347],[152.978822,-27.410347],[152.978793,-27.410342],[152.978767,-27.410332],[152.978744,-27.410317],[152.978725,-27.410298],[152.97871,-27.410276],[152.978701,-27.410251],[152.978698,-27.410226],[152.978701,-27.410201],[152.97871,-27.410176],[152.978725,-27.410154],[152.978731,-27.410148],[152.978529,-27.409936],[152.978343,-27.40985],[152.977609,-27.40975],[152.97618,-27.409562],[152.975397,-27.409449],[152.975397,-27.409449],[152.974929,-27.409381],[152.97492,-27.409404],[152.974907,-27.409424],[152.974889,-27.409441],[152.974868,-27.409455],[152.974844,-27.409464],[152.974818,-27.409469],[152.974792,-27.409469],[152.97478,-27.409467],[152.974651,-27.410085],[152.974606,-27.410303],[152.974488,-27.410876],[152.974297,-27.411974],[152.974297,-27.411974],[152.974061,-27.413333],[152.975351,-27.413973],[152.975691,-27.41414],[152.975778,-27.414149],[152.975941,-27.414227],[152.976689,-27.414579],[152.976768,-27.414617],[152.977694,-27.415119],[152.977743,-27.415196],[152.978587,-27.415624],[152.979164,-27.415901],[152.979164,-27.415901],[152.979312,-27.415972],[152.980237,-27.416414],[152.981742,-27.417193],[152.982758,-27.417699],[152.98289,-27.417722],[152.983007,-27.417768],[152.983154,-27.417838],[152.983311,-27.41793],[152.983388,-27.417985],[152.983439,-27.41805],[152.983575,-27.418229],[152.983705,-27.418402],[152.98373,-27.418487],[152.984434,-27.419242],[152.984793,-27.419615],[152.984793,-27.419615],[152.984924,-27.41975],[152.985216,-27.420052],[152.985631,-27.420484],[152.986258,-27.42114],[152.986497,-27.421247],[152.987575,-27.421558],[152.987575,-27.421558],[152.988316,-27.421771],[152.988691,-27.421827],[152.989202,-27.421921],[152.989436,-27.421979],[152.989612,-27.42203],[152.99014,-27.422237],[152.990272,-27.422291],[152.990272,-27.422291],[152.990371,-27.422333],[152.990687,-27.422433],[152.99078,-27.422461],[152.991803,-27.422785],[152.991959,-27.422863],[152.992884,-27.423086],[152.993314,-27.423177],[152.993314,-27.423177],[152.993437,-27.423203],[152.993973,-27.423318],[152.995546,-27.423649],[152.995546,-27.423649],[152.995964,-27.423737],[152.996387,-27.423778],[152.997211,-27.423859],[152.997458,-27.423954],[152.997552,-27.423989],[152.997552,-27.423989],[152.997969,-27.424145],[152.998641,-27.424442],[152.999791,-27.424929],[153.000381,-27.425184],[153.000381,-27.425184],[153.000704,-27.425323],[153.000786,-27.425318],[153.000919,-27.425318],[153.001006,-27.425311],[153.001096,-27.425311],[153.001167,-27.425327],[153.001259,-27.425388],[153.001633,-27.42598],[153.002254,-27.426902],[153.002254,-27.426902],[153.00236,-27.42706],[153.002561,-27.427344],[153.002784,-27.427641],[153.003207,-27.428164],[153.003207,-27.428164],[153.003396,-27.428396],[153.003573,-27.428558],[153.00501,-27.429624],[153.00508,-27.429688],[153.00508,-27.429688],[153.005263,-27.429853],[153.00529,-27.429886],[153.005358,-27.429994],[153.00539,-27.430063],[153.005434,-27.430145],[153.005458,-27.43021],[153.005464,-27.43036],[153.005428,-27.430502],[153.005256,-27.430927],[153.005125,-27.431472],[153.005123,-27.431804],[153.005123,-27.431804],[153.005122,-27.4321],[153.005122,-27.432216],[153.005191,-27.432548],[153.005625,-27.433472],[153.005941,-27.434274],[153.006013,-27.434486],[153.006013,-27.434486],[153.006102,-27.43475],[153.006223,-27.435207],[153.006313,-27.435511],[153.006462,-27.435968],[153.006973,-27.436922],[153.007182,-27.437684],[153.007182,-27.437684],[153.007262,-27.437974],[153.007308,-27.438206],[153.007327,-27.438302],[153.007349,-27.438411],[153.007362,-27.43855],[153.007303,-27.438914],[153.007075,-27.439848],[153.007027,-27.440517],[153.006972,-27.441469],[153.006972,-27.441469],[153.006948,-27.441899],[153.006999,-27.442838],[153.007087,-27.443171],[153.007324,-27.443801],[153.007542,-27.444256],[153.007542,-27.444256],[153.007716,-27.444621],[153.007998,-27.445064],[153.008291,-27.445484],[153.008544,-27.445718],[153.008802,-27.445933],[153.009067,-27.446172],[153.009155,-27.446257],[153.009165,-27.446269],[153.009165,-27.446269],[153.009371,-27.446508],[153.00959,-27.446812],[153.009819,-27.447232],[153.010169,-27.44776],[153.010313,-27.44795],[153.010388,-27.448061],[153.010599,-27.448342],[153.010599,-27.448342],[153.010765,-27.448563],[153.010991,-27.448866],[153.011079,-27.449164],[153.011141,-27.449462],[153.011164,-27.44966],[153.011184,-27.449993],[153.011059,-27.450866],[153.011024,-27.451184],[153.011007,-27.451487],[153.011048,-27.451699],[153.011069,-27.451747],[153.011069,-27.451747],[153.011123,-27.451868],[153.01129,-27.452276],[153.011405,-27.452629],[153.011519,-27.452964],[153.011638,-27.453288],[153.011982,-27.454114],[153.011982,-27.454114],[153.012136,-27.454482],[153.012414,-27.455068],[153.012666,-27.455544],[153.012838,-27.455836],[153.012992,-27.45613],[153.013256,-27.456601],[153.013433,-27.456907],[153.013665,-27.457331],[153.013996,-27.4578],[153.014023,-27.457881],[153.014276,-27.458266],[153.01436,-27.458403],[153.014424,-27.458423],[153.014522,-27.458437],[153.014586,-27.458429],[153.014675,-27.458393],[153.014768,-27.458337],[153.014872,-27.458269],[153.014983,-27.45819],[153.01545,-27.457826],[153.015494,-27.457799],[153.015552,-27.457777],[153.015605,-27.457768],[153.015656,-27.457766],[153.015749,-27.457777],[153.015833,-27.457795],[153.016021,-27.457981],[153.015855,-27.458122],[153.015705,-27.458265],[153.015367,-27.458632],[153.015308,-27.458699],[153.015165,-27.458863],[153.014987,-27.459067],[153.014987,-27.459067],[153.01497,-27.459087],[153.014905,-27.459163],[153.01486,-27.459252],[153.01483,-27.459345],[153.014804,-27.459468],[153.014794,-27.459606],[153.014792,-27.459754],[153.014827,-27.460093],[153.014923,-27.460537],[153.015062,-27.461007],[153.015186,-27.461334],[153.015267,-27.461562],[153.015604,-27.462622],[153.015678,-27.462924],[153.015712,-27.463145],[153.015794,-27.463611],[153.015817,-27.463742],[153.015974,-27.464605],[153.016073,-27.465057],[153.016325,-27.465627],[153.016427,-27.465725],[153.016492,-27.465751],[153.016617,-27.465762],[153.016751,-27.465762],[153.01691,-27.465665],[153.016967,-27.465577],[153.017024,-27.465466],[153.017893,-27.465674],[153.018203,-27.465753],[153.01883,-27.465911],[153.019103,-27.465964],[153.019191,-27.465981],[153.019191,-27.465981],[153.019361,-27.466015],[153.019388,-27.46602],[153.019855,-27.466111],[153.020457,-27.466187],[153.020793,-27.46626],[153.021026,-27.466368],[153.021589,-27.466695],[153.021722,-27.466752],[153.022326,-27.467011],[153.022336,-27.466999],[153.022348,-27.466988],[153.022359,-27.466979],[153.022371,-27.466973],[153.022382,-27.466967],[153.022397,-27.466964],[153.022416,-27.466962],[153.022435,-27.466964],[153.022453,-27.466967],[153.022471,-27.466976],[153.022484,-27.466986],[153.022495,-27.466997],[153.022505,-27.467012],[153.022511,-27.467025],[153.022514,-27.467036],[153.022514,-27.467049],[153.022513,-27.467059],[153.022511,-27.467072],[153.022507,-27.467085],[153.022501,-27.467096],[153.02249,-27.467107],[153.02248,-27.467116],[153.022468,-27.467124],[153.022453,-27.467131],[153.022438,-27.467134],[153.022423,-27.467137],[153.02241,-27.467137],[153.022387,-27.467135],[153.022373,-27.467175],[153.022363,-27.467286],[153.022376,-27.467518],[153.022329,-27.467677],[153.022558,-27.467774],[153.02361,-27.468191],[153.022992,-27.468691],[153.022992,-27.468691],[153.022071,-27.469437],[153.02116,-27.470118],[153.021938,-27.470851],[153.022396,-27.470496],[153.022794,-27.470179],[153.024482,-27.468866],[153.024928,-27.468522],[153.025035,-27.468438],[153.025035,-27.468438],[153.02524,-27.468279],[153.025348,-27.468195],[153.02617,-27.467553],[153.026226,-27.467508],[153.027009,-27.466899],[153.027153,-27.466786],[153.02786,-27.466239],[153.028472,-27.465766],[153.028472,-27.465766],[153.028473,-27.465765],[153.028691,-27.465599],[153.029545,-27.464934],[153.029914,-27.465317],[153.030318,-27.465719],[153.029732,-27.466154],[153.028948,-27.466765]]}},{"type":"Feature","properties":{"route":"390","name":"Mitchelton - City","category":"intermediate_bus","route_type":"3","shape_id":"3900035"},"geometry":{"type":"LineString","coordinates":[[153.028948,-27.466765],[153.028622,-27.46702],[153.02786,-27.466239],[153.027149,-27.465513],[153.02707,-27.465574],[153.026325,-27.466153],[153.025468,-27.466817],[153.024915,-27.467224],[153.024915,-27.467224],[153.023683,-27.468132],[153.02361,-27.468191],[153.022558,-27.467774],[153.022329,-27.467677],[153.022376,-27.467518],[153.022363,-27.467286],[153.022373,-27.467175],[153.022387,-27.467135],[153.022374,-27.467131],[153.022361,-27.467125],[153.022351,-27.467117],[153.022342,-27.467107],[153.022332,-27.467094],[153.022324,-27.46708],[153.022319,-27.467066],[153.022318,-27.46705],[153.022319,-27.467033],[153.022322,-27.467022],[153.022326,-27.467011],[153.021722,-27.466752],[153.021589,-27.466695],[153.021026,-27.466368],[153.020793,-27.46626],[153.020457,-27.466187],[153.019855,-27.466111],[153.019389,-27.46602],[153.019389,-27.46602],[153.019388,-27.46602],[153.019361,-27.466015],[153.019103,-27.465964],[153.01883,-27.465911],[153.018203,-27.465753],[153.017893,-27.465674],[153.017024,-27.465466],[153.016967,-27.465577],[153.01691,-27.465665],[153.016751,-27.465762],[153.016617,-27.465762],[153.016492,-27.465751],[153.016427,-27.465725],[153.016325,-27.465627],[153.016073,-27.465057],[153.015974,-27.464605],[153.015817,-27.463742],[153.015794,-27.463611],[153.015712,-27.463145],[153.015678,-27.462924],[153.015604,-27.462622],[153.015267,-27.461562],[153.015186,-27.461334],[153.015062,-27.461007],[153.014923,-27.460537],[153.014827,-27.460093],[153.014792,-27.459754],[153.014794,-27.459606],[153.014804,-27.459468],[153.01483,-27.459345],[153.01486,-27.459252],[153.014905,-27.459163],[153.01497,-27.459087],[153.015142,-27.458888],[153.015142,-27.458888],[153.015165,-27.458863],[153.015308,-27.458699],[153.015367,-27.458632],[153.015705,-27.458265],[153.015855,-27.458122],[153.016021,-27.457981],[153.015833,-27.457795],[153.015698,-27.457856],[153.015516,-27.457948],[153.015353,-27.45804],[153.015231,-27.458114],[153.015174,-27.458152],[153.014926,-27.458289],[153.014797,-27.45838],[153.014709,-27.458432],[153.014638,-27.458468],[153.014509,-27.458526],[153.014453,-27.458544],[153.014367,-27.45855],[153.014309,-27.458537],[153.014243,-27.458507],[153.014149,-27.458425],[153.013807,-27.457801],[153.0137,-27.457599],[153.013597,-27.457428],[153.013597,-27.457428],[153.013522,-27.457303],[153.013409,-27.457144],[153.012922,-27.45634],[153.012838,-27.456179],[153.012726,-27.455948],[153.01255,-27.455568],[153.012329,-27.455117],[153.012014,-27.454496],[153.011687,-27.453746],[153.011687,-27.453746],[153.011493,-27.453303],[153.011365,-27.453001],[153.011265,-27.452691],[153.011142,-27.452309],[153.010921,-27.451762],[153.010886,-27.451577],[153.010885,-27.45153],[153.010885,-27.45153],[153.01088,-27.451381],[153.010885,-27.451178],[153.010925,-27.450862],[153.011032,-27.450003],[153.011037,-27.449698],[153.011016,-27.449471],[153.010983,-27.449221],[153.010853,-27.448882],[153.010652,-27.448601],[153.010441,-27.448323],[153.010441,-27.448323],[153.010266,-27.448092],[153.010176,-27.447983],[153.010057,-27.4478],[153.009671,-27.447274],[153.009431,-27.446933],[153.009431,-27.446933],[153.009407,-27.446899],[153.009172,-27.446589],[153.008957,-27.44636],[153.008867,-27.446252],[153.008482,-27.445856],[153.008406,-27.445786],[153.008157,-27.44553],[153.007881,-27.44512],[153.007802,-27.444996],[153.007802,-27.444996],[153.007614,-27.4447],[153.007569,-27.444609],[153.007456,-27.444353],[153.007244,-27.443868],[153.006961,-27.443201],[153.006839,-27.442865],[153.006786,-27.441896],[153.006802,-27.4416],[153.006802,-27.4416],[153.006852,-27.440665],[153.006906,-27.440187],[153.006906,-27.440187],[153.006943,-27.439855],[153.00715,-27.438902],[153.007153,-27.438881],[153.007153,-27.438881],[153.007175,-27.438714],[153.00718,-27.438522],[153.007164,-27.438312],[153.007145,-27.438218],[153.007096,-27.43802],[153.006979,-27.437572],[153.006979,-27.437572],[153.006821,-27.436971],[153.006412,-27.43617],[153.006288,-27.435868],[153.006177,-27.435528],[153.005969,-27.434801],[153.005969,-27.434801],[153.005932,-27.434673],[153.005494,-27.433491],[153.005054,-27.432609],[153.005001,-27.432335],[153.00498,-27.432163],[153.004991,-27.431841],[153.004991,-27.431841],[153.005004,-27.431455],[153.005214,-27.430661],[153.005268,-27.430321],[153.005263,-27.430198],[153.005233,-27.430092],[153.005208,-27.430017],[153.005157,-27.429916],[153.005078,-27.429822],[153.00495,-27.42971],[153.004469,-27.429358],[153.004469,-27.429358],[153.003517,-27.428657],[153.003362,-27.428514],[153.003177,-27.428314],[153.003005,-27.428106],[153.003005,-27.428106],[153.00261,-27.427631],[153.002439,-27.427395],[153.002243,-27.42711],[153.002146,-27.426961],[153.002004,-27.426734],[153.002004,-27.426734],[153.001311,-27.425627],[153.001172,-27.425537],[153.000969,-27.425465],[153.000756,-27.425373],[153.000704,-27.425323],[153.000482,-27.425227],[153.000482,-27.425227],[152.999791,-27.424929],[152.998641,-27.424442],[152.998427,-27.424347],[152.998427,-27.424347],[152.997969,-27.424145],[152.997458,-27.423954],[152.997211,-27.423859],[152.996387,-27.423778],[152.995964,-27.423737],[152.995674,-27.423675],[152.995674,-27.423675],[152.993973,-27.423318],[152.993437,-27.423203],[152.992884,-27.423086],[152.992534,-27.423002],[152.992534,-27.423002],[152.991959,-27.422863],[152.9918,-27.422838],[152.99077,-27.422536],[152.990672,-27.42251],[152.990523,-27.422464],[152.990032,-27.422296],[152.990032,-27.422296],[152.989937,-27.422264],[152.988933,-27.421959],[152.988316,-27.421771],[152.987947,-27.421665],[152.987947,-27.421665],[152.986497,-27.421247],[152.986258,-27.42114],[152.985631,-27.420484],[152.985216,-27.420052],[152.984924,-27.41975],[152.984434,-27.419242],[152.983857,-27.418622],[152.983857,-27.418622],[152.98373,-27.418487],[152.983648,-27.418443],[152.983608,-27.418407],[152.98332,-27.418057],[152.9832,-27.417963],[152.98308,-27.417889],[152.982855,-27.417778],[152.982758,-27.417699],[152.981742,-27.417193],[152.980237,-27.416414],[152.979312,-27.415972],[152.978999,-27.415822],[152.978999,-27.415822],[152.978587,-27.415624],[152.977743,-27.415196],[152.977662,-27.415196],[152.977083,-27.414897],[152.976713,-27.414685],[152.975993,-27.414323],[152.975822,-27.414239],[152.97574,-27.414198],[152.975691,-27.41414],[152.975351,-27.413973],[152.974061,-27.413333],[152.974329,-27.411791],[152.974329,-27.411791],[152.974488,-27.410876],[152.974606,-27.410303],[152.974651,-27.410085],[152.97478,-27.409467],[152.974766,-27.409464],[152.974742,-27.409455],[152.974721,-27.409441],[152.974703,-27.409424],[152.97469,-27.409404],[152.974682,-27.409381],[152.974679,-27.409358],[152.974681,-27.409345],[152.974682,-27.409335],[152.97469,-27.409312],[152.974703,-27.409292],[152.974721,-27.409275],[152.974742,-27.409261],[152.974766,-27.409252],[152.974792,-27.409247],[152.974823,-27.409248],[152.974844,-27.409252],[152.974868,-27.409261],[152.974889,-27.409275],[152.974907,-27.409292],[152.97492,-27.409312],[152.974929,-27.409335],[152.974931,-27.409358],[152.974929,-27.409381],[152.975613,-27.40948],[152.975613,-27.40948],[152.97618,-27.409562],[152.977609,-27.40975],[152.978265,-27.409839]]}},{"type":"Feature","properties":{"route":"590","name":"Garden City - Toombul via Carindale","category":"intermediate_bus","route_type":"3","shape_id":"5900007"},"geometry":{"type":"LineString","coordinates":[[153.081084,-27.563791],[153.081329,-27.563949],[153.081261,-27.564065],[153.081192,-27.564184],[153.081939,-27.564616],[153.082576,-27.565004],[153.083401,-27.565258],[153.08379,-27.565307],[153.084019,-27.565302],[153.084022,-27.565276],[153.08403,-27.565253],[153.084044,-27.565233],[153.084061,-27.565215],[153.084083,-27.565202],[153.084107,-27.565192],[153.084133,-27.565187],[153.084159,-27.565187],[153.084185,-27.565192],[153.084209,-27.565202],[153.084231,-27.565215],[153.084249,-27.565233],[153.084262,-27.565253],[153.084265,-27.565261],[153.08445,-27.56525],[153.084555,-27.565255],[153.08489,-27.565302],[153.085,-27.565306],[153.085089,-27.565299],[153.085154,-27.565276],[153.085269,-27.565202],[153.08599,-27.564383],[153.086131,-27.564275],[153.086218,-27.564234],[153.086841,-27.564052],[153.086952,-27.564017],[153.087741,-27.563728],[153.088325,-27.563452],[153.088688,-27.563379],[153.088941,-27.562031],[153.089128,-27.561038],[153.089316,-27.55999],[153.089316,-27.55999],[153.089381,-27.559633],[153.08943,-27.55947],[153.089526,-27.558918],[153.089783,-27.557552],[153.089893,-27.557059],[153.089898,-27.556898],[153.090007,-27.556483],[153.090087,-27.556228],[153.090175,-27.555921],[153.090182,-27.555802],[153.090227,-27.555275],[153.090335,-27.554545],[153.090343,-27.554495],[153.090369,-27.554346],[153.09042,-27.554282],[153.090529,-27.553584],[153.09084,-27.551956],[153.09084,-27.551956],[153.090963,-27.551307],[153.091324,-27.549323],[153.091446,-27.54868],[153.091431,-27.548559],[153.091675,-27.547172],[153.091738,-27.546844],[153.091831,-27.546485],[153.091896,-27.546372],[153.091896,-27.546372],[153.091915,-27.546338],[153.092081,-27.545368],[153.092249,-27.544463],[153.092247,-27.544297],[153.092352,-27.543608],[153.092366,-27.543528],[153.092489,-27.542823],[153.092557,-27.542664],[153.092607,-27.542301],[153.092757,-27.541506],[153.092844,-27.541049],[153.093075,-27.539795],[153.093174,-27.539271],[153.093174,-27.539271],[153.093227,-27.538988],[153.093513,-27.537437],[153.093734,-27.536194],[153.093873,-27.535474],[153.093876,-27.535311],[153.094001,-27.534641],[153.094067,-27.534518],[153.094177,-27.53388],[153.094177,-27.53388],[153.094233,-27.533563],[153.094325,-27.533097],[153.094316,-27.532981],[153.094368,-27.532653],[153.094354,-27.532565],[153.094315,-27.532408],[153.094244,-27.532227],[153.0942,-27.53216],[153.094135,-27.532071],[153.094016,-27.531931],[153.093921,-27.531814],[153.09402,-27.531753],[153.094244,-27.531597],[153.094398,-27.531472],[153.094533,-27.53133],[153.094642,-27.531143],[153.094751,-27.53073],[153.095005,-27.529424],[153.095444,-27.527086],[153.095444,-27.527086],[153.095532,-27.526616],[153.096339,-27.522309],[153.096509,-27.521382],[153.096509,-27.521382],[153.096639,-27.520672],[153.096865,-27.519437],[153.09703,-27.518468],[153.09707,-27.518234],[153.09707,-27.518234],[153.097195,-27.517503],[153.097487,-27.516008],[153.097763,-27.514589],[153.097763,-27.514589],[153.097924,-27.513755],[153.098176,-27.512453],[153.098329,-27.512511],[153.098621,-27.512578],[153.099023,-27.512686],[153.099344,-27.512756],[153.0996,-27.512778],[153.100092,-27.512812],[153.101154,-27.51275],[153.102336,-27.512695],[153.102943,-27.512624],[153.103196,-27.51254],[153.103552,-27.512267],[153.103741,-27.512006],[153.103813,-27.511796],[153.103826,-27.511544],[153.103795,-27.511072],[153.103754,-27.510614],[153.103745,-27.510485],[153.103745,-27.510485],[153.103686,-27.509646],[153.103755,-27.509094],[153.104,-27.507692],[153.103817,-27.506309],[153.103307,-27.506246],[153.10312,-27.506192],[153.103003,-27.506133],[153.102882,-27.506066],[153.102764,-27.505987],[153.102653,-27.505871],[153.102615,-27.505807],[153.102606,-27.505811],[153.102587,-27.505814],[153.102567,-27.505814],[153.102548,-27.505811],[153.10253,-27.505804],[153.102515,-27.505793],[153.102501,-27.50578],[153.102491,-27.505765],[153.102485,-27.505748],[153.102483,-27.505732],[153.102485,-27.505714],[153.102491,-27.505697],[153.102501,-27.505682],[153.102514,-27.505669],[153.10253,-27.505658],[153.102548,-27.505651],[153.102564,-27.505648],[153.102561,-27.505567],[153.102653,-27.505393],[153.102974,-27.504842],[153.103032,-27.504667],[153.103128,-27.504175],[153.103223,-27.503686],[153.103223,-27.503686],[153.10327,-27.503446],[153.103404,-27.502763],[153.103414,-27.502713],[153.103395,-27.502659],[153.103405,-27.502606],[153.10342,-27.502513],[153.1035,-27.502045],[153.103505,-27.501894],[153.10348,-27.501884],[153.103454,-27.501867],[153.103432,-27.501846],[153.103416,-27.501822],[153.103406,-27.501794],[153.103403,-27.501766],[153.103405,-27.501749],[153.103319,-27.50169],[153.103242,-27.501597],[153.103191,-27.501499],[153.103144,-27.501344],[153.103084,-27.501242],[153.102976,-27.501146],[153.102912,-27.501121],[153.102795,-27.50109],[153.102297,-27.501002],[153.102283,-27.501017],[153.102262,-27.50103],[153.102238,-27.50104],[153.102212,-27.501045],[153.102186,-27.501045],[153.10216,-27.50104],[153.102149,-27.501036],[153.102137,-27.50103],[153.102115,-27.501017],[153.102098,-27.500999],[153.102085,-27.500979],[153.102076,-27.500957],[153.102076,-27.500952],[153.102074,-27.500934],[153.102076,-27.500911],[153.102085,-27.500889],[153.102096,-27.500872],[153.102115,-27.500851],[153.102136,-27.500838],[153.10216,-27.500828],[153.102186,-27.500823],[153.102212,-27.500823],[153.102236,-27.500828],[153.10239,-27.500485],[153.102523,-27.500171],[153.102695,-27.499821],[153.102859,-27.499542],[153.102999,-27.499371],[153.10319,-27.499201],[153.103372,-27.499054],[153.103537,-27.498936],[153.103688,-27.498895],[153.103831,-27.498878],[153.10383,-27.498866],[153.103832,-27.498847],[153.103838,-27.498829],[153.10385,-27.498813],[153.103863,-27.498799],[153.10388,-27.498788],[153.1039,-27.49878],[153.10392,-27.498777],[153.103942,-27.498777],[153.103962,-27.49878],[153.103973,-27.498785],[153.104036,-27.498664],[153.104134,-27.498602],[153.105218,-27.498153],[153.105568,-27.498022],[153.105841,-27.497898],[153.106022,-27.497795],[153.106739,-27.497371],[153.10728,-27.497047],[153.107356,-27.496799],[153.107454,-27.496331],[153.107514,-27.496065],[153.10765,-27.495555],[153.10765,-27.495555],[153.107702,-27.495359],[153.107865,-27.494454],[153.108148,-27.492933],[153.108238,-27.492402],[153.107189,-27.492246],[153.107189,-27.492246],[153.106095,-27.492083],[153.105346,-27.491977],[153.104208,-27.491814],[153.102829,-27.49157],[153.102545,-27.49152],[153.102396,-27.491497],[153.102224,-27.49148],[153.101989,-27.491489],[153.101907,-27.491446],[153.101818,-27.491387],[153.10177,-27.491252],[153.101713,-27.491119],[153.101363,-27.490468],[153.101129,-27.490049],[153.101072,-27.48995],[153.100948,-27.489719],[153.100735,-27.489344],[153.100735,-27.489344],[153.10003,-27.488102],[153.099286,-27.486803],[153.098373,-27.485252],[153.098015,-27.48456],[153.097758,-27.484272],[153.096953,-27.483383],[153.096798,-27.483213],[153.096665,-27.483049],[153.096665,-27.483049],[153.09641,-27.482736],[153.096234,-27.482535],[153.096171,-27.48247],[153.096072,-27.482357],[153.095956,-27.482197],[153.095789,-27.481995],[153.095588,-27.481659],[153.095516,-27.481409],[153.095489,-27.481236],[153.095501,-27.481104],[153.095506,-27.480929],[153.095782,-27.479628],[153.095891,-27.478728],[153.095935,-27.478351],[153.096019,-27.477715],[153.096065,-27.477167],[153.095973,-27.476734],[153.095579,-27.475883],[153.095499,-27.475754],[153.09537,-27.475425],[153.095279,-27.474944],[153.095354,-27.474543],[153.095354,-27.474543],[153.095729,-27.472527],[153.095984,-27.471173],[153.096146,-27.471193],[153.096542,-27.47123],[153.096595,-27.471186],[153.096647,-27.47113],[153.096636,-27.471117],[153.096657,-27.471093],[153.096728,-27.470674],[153.096747,-27.470559],[153.096728,-27.470516],[153.096701,-27.470498],[153.096679,-27.470486],[153.096627,-27.470482],[153.096586,-27.470503],[153.096553,-27.470538],[153.09654,-27.470595],[153.096481,-27.470908],[153.096481,-27.470908],[153.096471,-27.470964],[153.096454,-27.471063],[153.096365,-27.471108],[153.096146,-27.471193],[153.095984,-27.471173],[153.096205,-27.469862],[153.096252,-27.469578],[153.096272,-27.469435],[153.096313,-27.469163],[153.096464,-27.468128],[153.096475,-27.468008],[153.096558,-27.467335],[153.096669,-27.466762],[153.096789,-27.466066],[153.097065,-27.464664],[153.09715,-27.464318],[153.097169,-27.464233],[153.097198,-27.464098],[153.097424,-27.462968],[153.097606,-27.461912],[153.097654,-27.461632],[153.097667,-27.461558],[153.097699,-27.461396],[153.097944,-27.460118],[153.097944,-27.460118],[153.098004,-27.459807],[153.098214,-27.458662],[153.098404,-27.457592],[153.098461,-27.45733],[153.098535,-27.456916],[153.098559,-27.456779],[153.098595,-27.456504],[153.098646,-27.456174],[153.098785,-27.45554],[153.098978,-27.454805],[153.098978,-27.454805],[153.098982,-27.454791],[153.099052,-27.454619],[153.099132,-27.454554],[153.099353,-27.45386],[153.099435,-27.453361],[153.09941,-27.453357],[153.099383,-27.453346],[153.099359,-27.453331],[153.099339,-27.453311],[153.099324,-27.453288],[153.099315,-27.453263],[153.099312,-27.453237],[153.099315,-27.453221],[153.099316,-27.453211],[153.099324,-27.453186],[153.099339,-27.453163],[153.099359,-27.453143],[153.099383,-27.453128],[153.09941,-27.453117],[153.099439,-27.453112],[153.099469,-27.453112],[153.09948,-27.453114],[153.099498,-27.453117],[153.099525,-27.453128],[153.099549,-27.453143],[153.099569,-27.453163],[153.099584,-27.453186],[153.099593,-27.453211],[153.099596,-27.453237],[153.099592,-27.453265],[153.099584,-27.453288],[153.099569,-27.453311],[153.099549,-27.453331],[153.099525,-27.453346],[153.099498,-27.453357],[153.099469,-27.453362],[153.099435,-27.453361],[153.099353,-27.45386],[153.099132,-27.454554],[153.099141,-27.45465],[153.098909,-27.455543],[153.098767,-27.456135],[153.098699,-27.456518],[153.098788,-27.456608],[153.0989,-27.456707],[153.099652,-27.456526],[153.099951,-27.456462],[153.100475,-27.456343],[153.101154,-27.456169],[153.101605,-27.45605],[153.101809,-27.455999],[153.101961,-27.455971],[153.102101,-27.455954],[153.102279,-27.455957],[153.102472,-27.455977],[153.102745,-27.456028],[153.10399,-27.456391],[153.104282,-27.456462],[153.104521,-27.456507],[153.104733,-27.456526],[153.104965,-27.456526],[153.105238,-27.456504],[153.105511,-27.456442],[153.105765,-27.456349],[153.106156,-27.456092],[153.10624,-27.455969],[153.106249,-27.45583],[153.106213,-27.455572],[153.105927,-27.454922],[153.105841,-27.454736],[153.105735,-27.454478],[153.105498,-27.453859],[153.105388,-27.45369],[153.104959,-27.452953],[153.104672,-27.452369],[153.103587,-27.450209],[153.102735,-27.448629],[153.101758,-27.446924],[153.099624,-27.443106],[153.099005,-27.441988],[153.096216,-27.436998],[153.095227,-27.43493],[153.095189,-27.43493],[153.094417,-27.433527],[153.093709,-27.43236],[153.092843,-27.430281],[153.092789,-27.430142],[153.093437,-27.42994],[153.094996,-27.429455],[153.095299,-27.42936],[153.095299,-27.42936],[153.096193,-27.429081],[153.098806,-27.428282],[153.099036,-27.428243],[153.099299,-27.428242],[153.100362,-27.42839],[153.101336,-27.428626],[153.101336,-27.428626],[153.102255,-27.42885],[153.1033,-27.429112],[153.103426,-27.428272],[153.103444,-27.428141],[153.103522,-27.427733],[153.104077,-27.42433],[153.1045,-27.422057],[153.104589,-27.421865],[153.104674,-27.421652],[153.1047,-27.421558],[153.104682,-27.421554],[153.10465,-27.421541],[153.104621,-27.421523],[153.104597,-27.421499],[153.104579,-27.421472],[153.104568,-27.421442],[153.104565,-27.421414],[153.104564,-27.42141],[153.104568,-27.421378],[153.104579,-27.421348],[153.104597,-27.421321],[153.104621,-27.421297],[153.10465,-27.421279],[153.104682,-27.421266],[153.104717,-27.421259],[153.104669,-27.420909],[153.104796,-27.420203],[153.104862,-27.419986],[153.105219,-27.419318],[153.105782,-27.416157],[153.105784,-27.415978],[153.105708,-27.415844],[153.105633,-27.415769],[153.105511,-27.415719],[153.10537,-27.415703],[153.1052,-27.415744],[153.105059,-27.415844],[153.104469,-27.416358],[153.104469,-27.416358],[153.104258,-27.416542],[153.103735,-27.416998],[153.103507,-27.417197],[153.10187,-27.418558],[153.100652,-27.41962],[153.100652,-27.41962],[153.100346,-27.419886],[153.100243,-27.420195],[153.100121,-27.420855],[153.099058,-27.42072],[153.096086,-27.420355],[153.095543,-27.420176],[153.094991,-27.419895],[153.094574,-27.419501],[153.094574,-27.419501],[153.091242,-27.416363],[153.090615,-27.415678],[153.090495,-27.415545],[153.09032,-27.415376],[153.090179,-27.415239],[153.089985,-27.415155],[153.089824,-27.41501],[153.089824,-27.41501],[153.089404,-27.414632],[153.089043,-27.414903],[153.088754,-27.415053],[153.088441,-27.415106],[153.088168,-27.415071],[153.087971,-27.415014],[153.087791,-27.41491],[153.08761,-27.41475],[153.087462,-27.414501],[153.087301,-27.414255],[153.087136,-27.414098],[153.086936,-27.414005],[153.086719,-27.413923],[153.086506,-27.413856],[153.086326,-27.413831],[153.086157,-27.413863],[153.085997,-27.413923],[153.085876,-27.414012],[153.085679,-27.414208],[153.085555,-27.41434],[153.085414,-27.414465],[153.085254,-27.414579],[153.085045,-27.414654],[153.0848,-27.414686],[153.084519,-27.414663],[153.084029,-27.414611],[153.083881,-27.41464],[153.083861,-27.414789],[153.083875,-27.414924],[153.08383,-27.415034],[153.083756,-27.415124],[153.083648,-27.415185],[153.08358,-27.415213],[153.083504,-27.415231],[153.083407,-27.415242],[153.083287,-27.415224],[153.083162,-27.4152],[153.083156,-27.415206],[153.083134,-27.41522],[153.083109,-27.41523],[153.083083,-27.415235],[153.083055,-27.415235],[153.083029,-27.41523],[153.083004,-27.41522],[153.082978,-27.415202],[153.082965,-27.415188],[153.08295,-27.415167],[153.082942,-27.415144],[153.082939,-27.41512],[153.082942,-27.415096],[153.08295,-27.415073],[153.082953,-27.415069],[153.082348,-27.414626],[153.082007,-27.41442],[153.08085,-27.413871],[153.080545,-27.413742],[153.080534,-27.413758],[153.080516,-27.413776],[153.080494,-27.413791],[153.080469,-27.413801],[153.080443,-27.413806],[153.080416,-27.413806],[153.08041,-27.413843],[153.080416,-27.41399],[153.08048,-27.414118],[153.080823,-27.414609],[153.081139,-27.41506],[153.081139,-27.41506],[153.081768,-27.415958],[153.081803,-27.415949],[153.081831,-27.415949],[153.081859,-27.415955],[153.081885,-27.415965],[153.081908,-27.41598],[153.081927,-27.415998],[153.081935,-27.41601],[153.082184,-27.415863],[153.082492,-27.415641],[153.082978,-27.415202],[153.082965,-27.415188],[153.08295,-27.415167],[153.082942,-27.415144],[153.082939,-27.41512],[153.082942,-27.415096],[153.08295,-27.415073],[153.082953,-27.415069],[153.082964,-27.415052],[153.082982,-27.415034],[153.083004,-27.41502],[153.083015,-27.415015],[153.083029,-27.41501],[153.083055,-27.415005],[153.083157,-27.414927],[153.083303,-27.414783],[153.083595,-27.414385],[153.083592,-27.414371],[153.08378,-27.41401],[153.08383,-27.413864],[153.083849,-27.413761],[153.083839,-27.413659],[153.083819,-27.413566],[153.083781,-27.413464],[153.083707,-27.413356],[153.083593,-27.413245],[153.083441,-27.413158],[153.083172,-27.413052],[153.082544,-27.412955],[153.08216,-27.412934],[153.081537,-27.412851],[153.080743,-27.412713],[153.079446,-27.412499],[153.079224,-27.412484],[153.079027,-27.412487],[153.078216,-27.41247],[153.077943,-27.412471],[153.077485,-27.412434],[153.077174,-27.412397],[153.076782,-27.412323],[153.076367,-27.412238],[153.075988,-27.412174],[153.075813,-27.412149],[153.075518,-27.412082],[153.075227,-27.411999],[153.075001,-27.411919],[153.074325,-27.411604],[153.073832,-27.41142],[153.073578,-27.411352],[153.073578,-27.411352],[153.073542,-27.411343],[153.072905,-27.411181],[153.072391,-27.411059],[153.072132,-27.411007],[153.071736,-27.410944],[153.071397,-27.410895],[153.07111,-27.410862],[153.070772,-27.410848],[153.070446,-27.410863],[153.07005,-27.410914],[153.069913,-27.410924],[153.069757,-27.410973],[153.069287,-27.411158],[153.068792,-27.411365],[153.068131,-27.411682],[153.067947,-27.411781],[153.067732,-27.411879],[153.067255,-27.412059],[153.066831,-27.412174],[153.066266,-27.412262],[153.065811,-27.412295],[153.06536,-27.412274],[153.064936,-27.412222],[153.064673,-27.412164],[153.064264,-27.412028],[153.063669,-27.411891],[153.062864,-27.411673],[153.062651,-27.411615],[153.062301,-27.411551],[153.062101,-27.411519],[153.060142,-27.411233],[153.059822,-27.411205],[153.059448,-27.411131],[153.059393,-27.411108],[153.059327,-27.411063],[153.059264,-27.410998],[153.059227,-27.410932],[153.059232,-27.410636],[153.059396,-27.409701],[153.059553,-27.4088],[153.059693,-27.408825],[153.060118,-27.408883],[153.060181,-27.408818],[153.060214,-27.40878],[153.060231,-27.408718],[153.060196,-27.408614],[153.060138,-27.408548],[153.060184,-27.408274]]}},{"type":"Feature","properties":{"route":"590","name":"Garden City - Toombul via Carindale","category":"intermediate_bus","route_type":"3","shape_id":"5900008"},"geometry":{"type":"LineString","coordinates":[[153.06019,-27.408241],[153.060229,-27.408009],[153.060226,-27.407961],[153.06021,-27.407933],[153.060192,-27.4079],[153.060137,-27.407872],[153.060249,-27.407803],[153.060292,-27.40779],[153.060602,-27.407843],[153.060633,-27.407658],[153.060696,-27.407546],[153.060774,-27.407502],[153.060907,-27.407514],[153.060928,-27.407378],[153.060358,-27.407309],[153.06025,-27.407336],[153.060208,-27.4074],[153.060146,-27.407549],[153.060051,-27.407654],[153.059906,-27.407646],[153.059693,-27.408825],[153.059521,-27.409735],[153.059421,-27.410701],[153.059445,-27.410751],[153.059491,-27.410804],[153.059569,-27.410854],[153.059732,-27.410897],[153.060025,-27.410947],[153.061432,-27.411132],[153.062028,-27.411234],[153.062471,-27.411323],[153.062664,-27.411353],[153.06295,-27.411425],[153.063301,-27.411524],[153.063739,-27.41167],[153.063853,-27.411709],[153.064116,-27.411827],[153.064458,-27.411964],[153.064808,-27.412071],[153.065282,-27.41214],[153.065754,-27.412162],[153.066209,-27.41214],[153.066703,-27.412064],[153.067146,-27.411948],[153.067582,-27.411786],[153.068654,-27.411208],[153.069043,-27.411005],[153.069562,-27.410769],[153.070026,-27.410627],[153.070557,-27.410541],[153.071111,-27.410518],[153.072935,-27.410727],[153.073345,-27.41078],[153.073529,-27.410822],[153.073836,-27.4109],[153.073921,-27.410931],[153.073921,-27.410931],[153.073994,-27.410957],[153.074081,-27.410996],[153.074192,-27.411061],[153.074283,-27.411213],[153.074408,-27.411309],[153.074616,-27.411492],[153.074706,-27.411553],[153.074887,-27.411641],[153.075012,-27.411698],[153.075218,-27.41177],[153.075438,-27.411827],[153.075691,-27.411888],[153.076357,-27.412026],[153.076743,-27.412095],[153.076916,-27.41213],[153.077047,-27.412151],[153.077271,-27.412164],[153.077486,-27.412193],[153.077643,-27.412201],[153.077749,-27.412203],[153.077833,-27.412198],[153.078111,-27.412168],[153.07849,-27.412114],[153.078625,-27.412104],[153.079091,-27.412097],[153.079722,-27.412158],[153.08025,-27.412237],[153.080762,-27.412316],[153.081058,-27.412382],[153.081533,-27.412434],[153.081835,-27.412453],[153.082038,-27.41248],[153.08235,-27.412567],[153.082606,-27.412618],[153.082993,-27.412594],[153.083236,-27.412536],[153.08347,-27.412394],[153.083629,-27.412269],[153.083827,-27.412063],[153.083877,-27.412023],[153.083946,-27.411978],[153.084042,-27.411943],[153.084121,-27.41192],[153.084235,-27.411911],[153.084383,-27.411929],[153.084497,-27.411965],[153.084582,-27.412013],[153.084666,-27.412093],[153.084737,-27.412196],[153.084775,-27.412341],[153.084785,-27.412439],[153.084755,-27.412545],[153.084234,-27.413513],[153.083964,-27.413955],[153.083641,-27.41443],[153.083199,-27.41512],[153.083196,-27.415144],[153.083188,-27.415167],[153.083174,-27.415188],[153.083162,-27.4152],[153.083156,-27.415206],[153.083134,-27.41522],[153.083109,-27.41523],[153.083083,-27.415235],[153.083055,-27.415235],[153.083029,-27.41523],[153.083004,-27.41522],[153.082978,-27.415202],[153.082965,-27.415188],[153.08295,-27.415167],[153.082942,-27.415144],[153.082939,-27.41512],[153.082942,-27.415096],[153.08295,-27.415073],[153.082953,-27.415069],[153.082348,-27.414626],[153.082007,-27.41442],[153.08085,-27.413871],[153.080545,-27.413742],[153.080534,-27.413758],[153.080516,-27.413776],[153.080494,-27.413791],[153.080469,-27.413801],[153.080443,-27.413806],[153.080416,-27.413806],[153.08041,-27.413843],[153.080416,-27.41399],[153.08048,-27.414118],[153.080823,-27.414609],[153.081499,-27.415573],[153.081499,-27.415573],[153.081768,-27.415958],[153.081803,-27.415949],[153.081831,-27.415949],[153.081859,-27.415955],[153.081885,-27.415965],[153.081908,-27.41598],[153.081927,-27.415998],[153.081935,-27.41601],[153.082184,-27.415863],[153.082492,-27.415641],[153.082978,-27.415202],[153.082965,-27.415188],[153.08295,-27.415167],[153.082942,-27.415144],[153.082939,-27.41512],[153.082942,-27.415096],[153.08295,-27.415073],[153.082953,-27.415069],[153.082964,-27.415052],[153.082982,-27.415034],[153.083004,-27.41502],[153.083015,-27.415015],[153.083029,-27.41501],[153.083055,-27.415005],[153.083083,-27.415005],[153.083109,-27.41501],[153.083134,-27.41502],[153.083151,-27.415031],[153.083174,-27.415052],[153.083188,-27.415073],[153.083196,-27.415096],[153.083199,-27.41512],[153.083196,-27.415144],[153.083188,-27.415167],[153.083174,-27.415188],[153.083162,-27.4152],[153.083287,-27.415224],[153.083407,-27.415242],[153.083504,-27.415231],[153.08358,-27.415213],[153.083648,-27.415185],[153.083756,-27.415124],[153.08383,-27.415034],[153.083875,-27.414924],[153.083861,-27.414789],[153.083881,-27.41464],[153.084029,-27.414611],[153.084519,-27.414663],[153.0848,-27.414686],[153.085045,-27.414654],[153.085254,-27.414579],[153.085414,-27.414465],[153.085555,-27.41434],[153.085679,-27.414208],[153.085876,-27.414012],[153.085997,-27.413923],[153.086157,-27.413863],[153.086326,-27.413831],[153.086506,-27.413856],[153.086719,-27.413923],[153.086936,-27.414005],[153.087136,-27.414098],[153.087301,-27.414255],[153.087462,-27.414501],[153.08761,-27.41475],[153.087791,-27.41491],[153.087971,-27.415014],[153.088168,-27.415071],[153.088441,-27.415106],[153.088754,-27.415053],[153.089043,-27.414903],[153.08907,-27.414884],[153.08907,-27.414884],[153.089404,-27.414632],[153.089507,-27.414547],[153.090065,-27.415076],[153.090179,-27.415239],[153.09032,-27.415376],[153.090495,-27.415545],[153.090615,-27.415678],[153.091242,-27.416363],[153.094991,-27.419895],[153.095543,-27.420176],[153.096086,-27.420355],[153.099058,-27.42072],[153.100121,-27.420855],[153.100243,-27.420195],[153.100346,-27.419886],[153.101598,-27.418795],[153.101598,-27.418795],[153.10187,-27.418558],[153.103507,-27.417197],[153.103735,-27.416998],[153.104258,-27.416542],[153.104788,-27.41608],[153.104788,-27.41608],[153.105059,-27.415844],[153.1052,-27.415744],[153.10537,-27.415703],[153.105511,-27.415719],[153.105633,-27.415769],[153.105708,-27.415844],[153.105784,-27.415978],[153.105782,-27.416157],[153.105219,-27.419318],[153.104862,-27.419986],[153.104796,-27.420203],[153.104669,-27.420909],[153.104717,-27.421259],[153.104753,-27.421259],[153.104788,-27.421266],[153.10482,-27.421279],[153.104849,-27.421297],[153.104873,-27.421321],[153.104891,-27.421348],[153.104902,-27.421378],[153.104906,-27.42141],[153.104903,-27.421436],[153.104891,-27.421472],[153.104873,-27.421499],[153.10485,-27.421523],[153.10482,-27.421541],[153.104788,-27.421554],[153.104753,-27.421561],[153.104717,-27.42156],[153.1047,-27.421558],[153.104674,-27.421652],[153.104589,-27.421865],[153.1045,-27.422057],[153.104077,-27.42433],[153.103522,-27.427733],[153.103444,-27.428141],[153.103426,-27.428272],[153.1033,-27.429112],[153.103268,-27.429271],[153.102294,-27.429047],[153.102109,-27.429002],[153.100974,-27.428722],[153.100974,-27.428722],[153.10028,-27.428551],[153.099271,-27.428422],[153.099034,-27.428421],[153.098828,-27.428461],[153.095809,-27.429363],[153.095809,-27.429363],[153.095045,-27.429592],[153.093523,-27.430067],[153.094763,-27.433395],[153.095485,-27.434941],[153.095473,-27.43499],[153.095542,-27.43512],[153.096076,-27.43598],[153.096666,-27.436908],[153.099342,-27.441632],[153.103078,-27.448407],[153.103916,-27.449876],[153.104412,-27.450843],[153.104891,-27.451916],[153.105567,-27.453393],[153.105657,-27.453619],[153.105697,-27.453637],[153.106237,-27.454265],[153.106676,-27.454838],[153.107109,-27.455354],[153.107107,-27.455522],[153.106537,-27.456017],[153.106478,-27.456069],[153.106174,-27.456286],[153.105907,-27.456429],[153.105726,-27.4565],[153.105523,-27.456565],[153.105227,-27.456615],[153.104986,-27.456629],[153.104656,-27.456629],[153.104468,-27.456607],[153.104198,-27.456545],[153.103414,-27.456319],[153.102723,-27.456125],[153.102499,-27.456077],[153.102312,-27.456063],[153.102137,-27.456063],[153.101934,-27.45608],[153.101645,-27.456131],[153.101173,-27.456245],[153.10031,-27.456484],[153.099354,-27.456712],[153.099067,-27.456793],[153.098648,-27.456892],[153.098535,-27.456916],[153.098559,-27.456779],[153.098595,-27.456504],[153.098646,-27.456174],[153.098785,-27.45554],[153.098978,-27.454805],[153.098978,-27.454805],[153.098982,-27.454791],[153.099052,-27.454619],[153.099132,-27.454554],[153.099353,-27.45386],[153.099435,-27.453361],[153.09941,-27.453357],[153.099383,-27.453346],[153.099359,-27.453331],[153.099339,-27.453311],[153.099324,-27.453288],[153.099315,-27.453263],[153.099312,-27.453237],[153.099315,-27.453221],[153.099316,-27.453211],[153.099324,-27.453186],[153.099339,-27.453163],[153.099359,-27.453143],[153.099383,-27.453128],[153.09941,-27.453117],[153.099439,-27.453112],[153.099469,-27.453112],[153.09948,-27.453114],[153.099498,-27.453117],[153.099525,-27.453128],[153.099549,-27.453143],[153.099569,-27.453163],[153.099584,-27.453186],[153.099593,-27.453211],[153.099596,-27.453237],[153.099592,-27.453265],[153.099584,-27.453288],[153.099569,-27.453311],[153.099549,-27.453331],[153.099525,-27.453346],[153.099498,-27.453357],[153.099469,-27.453362],[153.099435,-27.453361],[153.099353,-27.45386],[153.099132,-27.454554],[153.099141,-27.45465],[153.098909,-27.455543],[153.098767,-27.456135],[153.098699,-27.456518],[153.098673,-27.456755],[153.098648,-27.456892],[153.098582,-27.457256],[153.09842,-27.458099],[153.098138,-27.45983],[153.098057,-27.460239],[153.098057,-27.460239],[153.097961,-27.46072],[153.097802,-27.461572],[153.097792,-27.461644],[153.097643,-27.462508],[153.097481,-27.463416],[153.097293,-27.46425],[153.097274,-27.464337],[153.097068,-27.465161],[153.096966,-27.465595],[153.096871,-27.466072],[153.096772,-27.466624],[153.096731,-27.466906],[153.09664,-27.467639],[153.096612,-27.468036],[153.096599,-27.468132],[153.09658,-27.468326],[153.096455,-27.469283],[153.096431,-27.469458],[153.096411,-27.469602],[153.096369,-27.469858],[153.09619,-27.470933],[153.096146,-27.471193],[153.096542,-27.47123],[153.096595,-27.471186],[153.096647,-27.47113],[153.096636,-27.471117],[153.096657,-27.471093],[153.096684,-27.47094],[153.096684,-27.47094],[153.096728,-27.470674],[153.096747,-27.470559],[153.096728,-27.470516],[153.096701,-27.470498],[153.096679,-27.470486],[153.096627,-27.470482],[153.096586,-27.470503],[153.096553,-27.470538],[153.09654,-27.470595],[153.096471,-27.470964],[153.096454,-27.471063],[153.096365,-27.471108],[153.096146,-27.471193],[153.096032,-27.471794],[153.09589,-27.472554],[153.095536,-27.474468],[153.095536,-27.474468],[153.095444,-27.474966],[153.095511,-27.475398],[153.09562,-27.475692],[153.096142,-27.476729],[153.096298,-27.477147],[153.096348,-27.477468],[153.096329,-27.47774],[153.096173,-27.478346],[153.09602,-27.47891],[153.095901,-27.479639],[153.095798,-27.480217],[153.09562,-27.480907],[153.095608,-27.481123],[153.095618,-27.481258],[153.095633,-27.481384],[153.0957,-27.481588],[153.096089,-27.482114],[153.096535,-27.482644],[153.096932,-27.483132],[153.097287,-27.483526],[153.097287,-27.483526],[153.097887,-27.484192],[153.098159,-27.484492],[153.098521,-27.485192],[153.099431,-27.486738],[153.10018,-27.488039],[153.100469,-27.488551],[153.101028,-27.48954],[153.101028,-27.48954],[153.101285,-27.489995],[153.101853,-27.491035],[153.101939,-27.491105],[153.102024,-27.491224],[153.102164,-27.491396],[153.102374,-27.49141],[153.103729,-27.49166],[153.104224,-27.491742],[153.104742,-27.491817],[153.105355,-27.491906],[153.106101,-27.492017],[153.107154,-27.492169],[153.107154,-27.492169],[153.107381,-27.492203],[153.107946,-27.492285],[153.108246,-27.492329],[153.108238,-27.492402],[153.108148,-27.492933],[153.107865,-27.494454],[153.107702,-27.495359],[153.107557,-27.495901],[153.107557,-27.495901],[153.107514,-27.496065],[153.107454,-27.496331],[153.107356,-27.496799],[153.10728,-27.497047],[153.106739,-27.497371],[153.106022,-27.497795],[153.105841,-27.497898],[153.105568,-27.498022],[153.105218,-27.498153],[153.104134,-27.498602],[153.104036,-27.498664],[153.103973,-27.498785],[153.103982,-27.498788],[153.103999,-27.498799],[153.104014,-27.498813],[153.104024,-27.498829],[153.10403,-27.498847],[153.104032,-27.498866],[153.10403,-27.498885],[153.104024,-27.498903],[153.104009,-27.498923],[153.103999,-27.498933],[153.103982,-27.498944],[153.103962,-27.498952],[153.103942,-27.498955],[153.103921,-27.498955],[153.1039,-27.498952],[153.10388,-27.498944],[153.103863,-27.498933],[153.103849,-27.498919],[153.103838,-27.498903],[153.103831,-27.498878],[153.103688,-27.498895],[153.103537,-27.498936],[153.103372,-27.499054],[153.10319,-27.499201],[153.102999,-27.499371],[153.102859,-27.499542],[153.102695,-27.499821],[153.102523,-27.500171],[153.10239,-27.500485],[153.102236,-27.500828],[153.102262,-27.500838],[153.102283,-27.500851],[153.1023,-27.500869],[153.102314,-27.500889],[153.10232,-27.500905],[153.102845,-27.501],[153.102956,-27.501042],[153.10302,-27.50107],[153.103099,-27.501127],[153.10316,-27.501211],[153.103217,-27.50131],[153.103245,-27.501408],[153.10328,-27.501501],[153.103363,-27.501583],[153.103466,-27.501657],[153.10348,-27.501648],[153.103509,-27.501636],[153.103541,-27.50163],[153.103573,-27.50163],[153.103585,-27.501632],[153.103605,-27.501636],[153.103634,-27.501648],[153.10366,-27.501665],[153.103682,-27.501686],[153.103698,-27.50171],[153.103708,-27.501738],[153.103712,-27.501766],[153.103709,-27.501794],[153.103698,-27.501822],[153.103682,-27.501845],[153.10366,-27.501867],[153.103634,-27.501884],[153.103608,-27.501895],[153.1035,-27.502507],[153.103455,-27.502673],[153.103414,-27.502713],[153.103404,-27.502763],[153.10327,-27.503446],[153.103128,-27.504175],[153.102463,-27.504045],[153.102493,-27.503918],[153.102493,-27.503918],[153.102633,-27.503321],[153.102788,-27.502657],[153.103404,-27.502763],[153.10327,-27.503446],[153.103128,-27.504175],[153.103032,-27.504667],[153.102974,-27.504842],[153.102653,-27.505393],[153.102561,-27.505567],[153.102564,-27.505648],[153.102607,-27.505651],[153.102624,-27.505658],[153.102653,-27.505682],[153.102663,-27.505697],[153.102669,-27.505714],[153.102671,-27.505731],[153.102663,-27.505765],[153.10264,-27.505793],[153.102615,-27.505807],[153.102653,-27.505871],[153.102764,-27.505987],[153.102882,-27.506066],[153.103003,-27.506133],[153.10312,-27.506192],[153.103307,-27.506246],[153.103817,-27.506309],[153.104,-27.507692],[153.103755,-27.509094],[153.103686,-27.509646],[153.103737,-27.510367],[153.103737,-27.510367],[153.103754,-27.510614],[153.103795,-27.511072],[153.103826,-27.511544],[153.103813,-27.511796],[153.103741,-27.512006],[153.103552,-27.512267],[153.103196,-27.51254],[153.102943,-27.512624],[153.102336,-27.512695],[153.101154,-27.51275],[153.100092,-27.512812],[153.0996,-27.512778],[153.099344,-27.512756],[153.099023,-27.512686],[153.098621,-27.512578],[153.098329,-27.512511],[153.098084,-27.51378],[153.097878,-27.514838],[153.097878,-27.514838],[153.097356,-27.517522],[153.097259,-27.518089],[153.097259,-27.518089],[153.097025,-27.51946],[153.0968,-27.520686],[153.096619,-27.521675],[153.096619,-27.521675],[153.096499,-27.522333],[153.095693,-27.52663],[153.095573,-27.527272],[153.095573,-27.527272],[153.095165,-27.529449],[153.094911,-27.530766],[153.094866,-27.530975],[153.094787,-27.531219],[153.094702,-27.531383],[153.094533,-27.531561],[153.094371,-27.531693],[153.094282,-27.531839],[153.094268,-27.531923],[153.094254,-27.532041],[153.094333,-27.532164],[153.094406,-27.532299],[153.094488,-27.532612],[153.09449,-27.532687],[153.094474,-27.532781],[153.094406,-27.533008],[153.094325,-27.533097],[153.094233,-27.533563],[153.094156,-27.534002],[153.094156,-27.534002],[153.094067,-27.534518],[153.094077,-27.53465],[153.093952,-27.535321],[153.093873,-27.535474],[153.093734,-27.536194],[153.093513,-27.537437],[153.093227,-27.538988],[153.093106,-27.539636],[153.093106,-27.539636],[153.093075,-27.539795],[153.092844,-27.541049],[153.092757,-27.541506],[153.092607,-27.542301],[153.092557,-27.542664],[153.092573,-27.542833],[153.092487,-27.543375],[153.092464,-27.543539],[153.092451,-27.543619],[153.092415,-27.54381],[153.09232,-27.544307],[153.092249,-27.544463],[153.092081,-27.545368],[153.091915,-27.546338],[153.091917,-27.546398],[153.091917,-27.546398],[153.09192,-27.546497],[153.091825,-27.546945],[153.091773,-27.547184],[153.091515,-27.548571],[153.091446,-27.54868],[153.091324,-27.549323],[153.090963,-27.551307],[153.090847,-27.551917],[153.090847,-27.551917],[153.090529,-27.553584],[153.09042,-27.554282],[153.090439,-27.554361],[153.090419,-27.554504],[153.090413,-27.554556],[153.090331,-27.555123],[153.090317,-27.55532],[153.09032,-27.555482],[153.090315,-27.555729],[153.090311,-27.555851],[153.090252,-27.556143],[153.090045,-27.556705],[153.08998,-27.556915],[153.089893,-27.557059],[153.089783,-27.557552],[153.089526,-27.558918],[153.08943,-27.55947],[153.089381,-27.559633],[153.089255,-27.560333],[153.089255,-27.560333],[153.089128,-27.561038],[153.088941,-27.562031],[153.088688,-27.563379],[153.088325,-27.563452],[153.087741,-27.563728],[153.086952,-27.564017],[153.086841,-27.564052],[153.086218,-27.564234],[153.086131,-27.564275],[153.08599,-27.564383],[153.085269,-27.565202],[153.085154,-27.565276],[153.085089,-27.565299],[153.085,-27.565306],[153.08489,-27.565302],[153.084555,-27.565255],[153.08445,-27.56525],[153.084265,-27.565261],[153.08427,-27.565276],[153.084274,-27.565299],[153.084271,-27.565322],[153.084262,-27.565344],[153.084249,-27.565365],[153.084231,-27.565383],[153.084227,-27.565385],[153.084209,-27.565396],[153.084185,-27.565406],[153.084159,-27.565411],[153.084133,-27.565411],[153.084118,-27.565408],[153.084107,-27.565406],[153.084083,-27.565396],[153.084061,-27.565383],[153.084043,-27.565365],[153.08403,-27.565345],[153.084022,-27.565322],[153.084019,-27.565302],[153.08379,-27.565307],[153.083401,-27.565258],[153.082576,-27.565004],[153.081939,-27.564616],[153.081192,-27.564184],[153.081108,-27.564136],[153.079869,-27.563282],[153.079972,-27.563249],[153.080077,-27.563228],[153.080201,-27.563216],[153.080233,-27.563215]]}}]}