{"type":"FeatureCollection","features":[{"type":"Feature","properties":{"stop_id":"1001","name":"Queen Street station, 1e","routes":["130"],"categories":["high_bus"],"route_count":1},"geometry":{"type":"Point","coordinates":[153.024575,-27.470552]}},{"type":"Feature","properties":{"stop_id":"10016","name":"Ridley Rd at Ridley Road South","routes":["340"],"categories":["high_bus"],"route_count":1},"geometry":{"type":"Point","coordinates":[153.004353,-27.352058]}},{"type":"Feature","properties":{"stop_id":"10017","name":"Ridley Rd at Ridley Road South","routes":["340"],"categories":["high_bus"],"route_count":1},"geometry":{"type":"Point","coordinates":[153.004346,-27.351409]}},{"type":"Feature","properties":{"stop_id":"1002","name":"Queen Street station, 1f","routes":["61"],"categories":["high_bus"],"route_count":1},"geometry":{"type":"Point","coordinates":[153.024755,-27.470675]}},{"type":"Feature","properties":{"stop_id":"10021","name":"Balcara Ave at Beams - Balcara","routes":["340"],"categories":["high_bus"],"route_count":1},"geometry":{"type":"Point","coordinates":[153.027001,-27.347847]}},{"type":"Feature","properties":{"stop_id":"10029","name":"Handford Rd at Handford - Roghan","routes":["330"],"categories":["high_bus"],"route_count":1},"geometry":{"type":"Point","coordinates":[153.041327,-27.341949]}},{"type":"Feature","properties":{"stop_id":"1003","name":"Queen Street station, 1g","routes":["385"],"categories":["high_bus"],"route_count":1},"geometry":{"type":"Point","coordinates":[153.024996,-27.470652]}},{"type":"Feature","properties":{"stop_id":"1004","name":"Queen Street station, 1h","routes":["345"],"categories":["high_bus"],"route_count":1},"geometry":{"type":"Point","coordinates":[153.025195,-27.470526]}},{"type":"Feature","properties":{"stop_id":"10058","name":"Gympie Rd at Aspley South, stop 41","routes":["340"],"categories":["high_bus"],"route_count":1},"geometry":{"type":"Point","coordinates":[153.018788,-27.369999]}},{"type":"Feature","properties":{"stop_id":"10060","name":"Gympie Rd at Aspley","routes":["340"],"categories":["high_bus"],"route_count":1},"geometry":{"type":"Point","coordinates":[153.016959,-27.362386]}},{"type":"Feature","properties":{"stop_id":"10067","name":"Gympie Rd at Aspley","routes":["340"],"categories":["high_bus"],"route_count":1},"geometry":{"type":"Point","coordinates":[153.017315,-27.361871]}},{"type":"Feature","properties":{"stop_id":"10077","name":"Enoggera Rd at Newmarket, stop 20","routes":["345","390"],"categories":["high_bus","intermediate_bus"],"route_count":2},"geometry":{"type":"Point","coordinates":[153.007261,-27.437667]}},{"type":"Feature","properties":{"stop_id":"10078","name":"Roma St at Upper Roma Street, stop 3","routes":["375"],"categories":["intermediate_bus"],"route_count":1},"geometry":{"type":"Point","coordinates":[153.015439,-27.466129]}},{"type":"Feature","properties":{"stop_id":"10079","name":"Mollison St near Melbourne St, stop 5","routes":["60"],"categories":["high_bus"],"route_count":1},"geometry":{"type":"Point","coordinates":[153.011924,-27.477055]}},{"type":"Feature","properties":{"stop_id":"1008","name":"Queen Street station, 3b","routes":["120"],"categories":["high_bus"],"route_count":1},"geometry":{"type":"Point","coordinates":[153.025136,-27.470357]}},{"type":"Feature","properties":{"stop_id":"1009","name":"Queen Street station, 3a","routes":["180"],"categories":["high_bus"],"route_count":1},"geometry":{"type":"Point","coordinates":[153.024839,-27.470371]}},{"type":"Feature","properties":{"stop_id":"1010","name":"Queen Street station, 2a","routes":["200"],"categories":["high_bus"],"route_count":1},"geometry":{"type":"Point","coordinates":[153.02477,-27.470161]}},{"type":"Feature","properties":{"stop_id":"10163","name":"Lutwyche Rd at Old Council Chambers, stop 16","routes":["338","348"],"categories":["intermediate_bus"],"route_count":2},"geometry":{"type":"Point","coordinates":[153.032396,-27.429326]}},{"type":"Feature","properties":{"stop_id":"10164","name":"Lutwyche Rd at Maygar Street, stop 17","routes":["338"],"categories":["intermediate_bus"],"route_count":1},"geometry":{"type":"Point","coordinates":[153.032368,-27.427683]}},{"type":"Feature","properties":{"stop_id":"10174","name":"Lutwyche Rd at Lutwyche, stop 20","routes":["338"],"categories":["intermediate_bus"],"route_count":1},"geometry":{"type":"Point","coordinates":[153.033784,-27.421776]}},{"type":"Feature","properties":{"stop_id":"10177","name":"Carwoola St at Bardon, stop 22","routes":["375"],"categories":["intermediate_bus"],"route_count":1},"geometry":{"type":"Point","coordinates":[152.968174,-27.464578]}},{"type":"Feature","properties":{"stop_id":"10179","name":"Latrobe Tce at Old Ithaca Fire Station, stop 9","routes":["375"],"categories":["intermediate_bus"],"route_count":1},"geometry":{"type":"Point","coordinates":[152.999818,-27.458818]}},{"type":"Feature","properties":{"stop_id":"10180","name":"Latrobe Tce at Paddington Central, stop 10","routes":["61","375","385"],"categories":["high_bus","intermediate_bus"],"route_count":3},"geometry":{"type":"Point","coordinates":[152.99807,-27.459242]}},{"type":"Feature","properties":{"stop_id":"10181","name":"MacGregor Tce at Bardon, stop 15","routes":["375","385"],"categories":["high_bus","intermediate_bus"],"route_count":2},"geometry":{"type":"Point","coordinates":[152.986375,-27.458126]}},{"type":"Feature","properties":{"stop_id":"10182","name":"Old Cleveland Rd at Burke Street Stop 25","routes":["204"],"categories":["intermediate_bus"],"route_count":1},"geometry":{"type":"Point","coordinates":[153.063752,-27.492161]}},{"type":"Feature","properties":{"stop_id":"10183","name":"Zahel St at Williams Field, stop 40","routes":["204"],"categories":["intermediate_bus"],"route_count":1},"geometry":{"type":"Point","coordinates":[153.100686,-27.492969]}},{"type":"Feature","properties":{"stop_id":"10185","name":"Old Cleveland Rd at Coorparoo, stop 23","routes":["200","204","222"],"categories":["high_bus","intermediate_bus"],"route_count":3},"geometry":{"type":"Point","coordinates":[153.058817,-27.494888]}},{"type":"Feature","properties":{"stop_id":"10189","name":"Old Cleveland Rd at Stones Corner Library, stop 17","routes":["175","204"],"categories":["intermediate_bus"],"route_count":2},"geometry":{"type":"Point","coordinates":[153.043671,-27.498482]}},{"type":"Feature","properties":{"stop_id":"10190","name":"Old Cleveland Rd at Coorparoo Stop 23","routes":["61","200","204","222"],"categories":["high_bus","intermediate_bus"],"route_count":4},"geometry":{"type":"Point","coordinates":[153.058566,-27.494703]}},{"type":"Feature","properties":{"stop_id":"1020","name":"Upper Roma St near Quay St, stop 3","routes":["375"],"categories":["intermediate_bus"],"route_count":1},"geometry":{"type":"Point","coordinates":[153.013906,-27.46621]}},{"type":"Feature","properties":{"stop_id":"10200","name":"Pinelands Rd at Barney Street, stop 70/71","routes":["130","140"],"categories":["high_bus"],"route_count":2},"geometry":{"type":"Point","coordinates":[153.059661,-27.593948]}},{"type":"Feature","properties":{"stop_id":"10201","name":"Pinelands Rd at Barney Street, stop 70/71","routes":["130","140"],"categories":["high_bus"],"route_count":2},"geometry":{"type":"Point","coordinates":[153.059318,-27.594033]}},{"type":"Feature","properties":{"stop_id":"1021","name":"Wickham St at Light Street, stop 7","routes":["60","300"],"categories":["high_bus","intermediate_bus"],"route_count":2},"geometry":{"type":"Point","coordinates":[153.038857,-27.452271]}},{"type":"Feature","properties":{"stop_id":"10221","name":"Gowan Rd at Calam North, stop 35","routes":["150"],"categories":["high_bus"],"route_count":1},"geometry":{"type":"Point","coordinates":[153.061242,-27.615961]}},{"type":"Feature","properties":{"stop_id":"10225","name":"Gowan Rd at Pennant Hills","routes":["150"],"categories":["high_bus"],"route_count":1},"geometry":{"type":"Point","coordinates":[153.060232,-27.621529]}},{"type":"Feature","properties":{"stop_id":"1024","name":"Grand Ave at Grand Avenue Cascade","routes":["100"],"categories":["high_bus"],"route_count":1},"geometry":{"type":"Point","coordinates":[152.966164,-27.627832]}},{"type":"Feature","properties":{"stop_id":"1026","name":"Grand Ave at Grand Avenue Cascade","routes":["100"],"categories":["high_bus"],"route_count":1},"geometry":{"type":"Point","coordinates":[152.965808,-27.627975]}},{"type":"Feature","properties":{"stop_id":"10270","name":"Samford Rd at Alderley Junction, stop 26","routes":["390"],"categories":["intermediate_bus"],"route_count":1},"geometry":{"type":"Point","coordinates":[153.000447,-27.425292]}},{"type":"Feature","properties":{"stop_id":"10271","name":"Samford Rd at Musgrave Terrace, stop 27","routes":["390"],"categories":["intermediate_bus"],"route_count":1},"geometry":{"type":"Point","coordinates":[152.99839,-27.424411]}},{"type":"Feature","properties":{"stop_id":"10272","name":"Samford Rd at Camborne Street, stop 28","routes":["390"],"categories":["intermediate_bus"],"route_count":1},"geometry":{"type":"Point","coordinates":[152.995656,-27.423746]}},{"type":"Feature","properties":{"stop_id":"10273","name":"Samford Rd at Bond Street, stop 29","routes":["390"],"categories":["intermediate_bus"],"route_count":1},"geometry":{"type":"Point","coordinates":[152.992514,-27.423071]}},{"type":"Feature","properties":{"stop_id":"10303","name":"Beaudesert Rd at Moorooka South, stop 38","routes":["125"],"categories":["intermediate_bus"],"route_count":1},"geometry":{"type":"Point","coordinates":[153.020033,-27.544712]}},{"type":"Feature","properties":{"stop_id":"10306","name":"Troughton Rd at QEII Hospital","routes":["120"],"categories":["high_bus"],"route_count":1},"geometry":{"type":"Point","coordinates":[153.050659,-27.5595]}},{"type":"Feature","properties":{"stop_id":"10309","name":"Logan Rd at Bardsley Avenue, stop 20","routes":["175"],"categories":["intermediate_bus"],"route_count":1},"geometry":{"type":"Point","coordinates":[153.048783,-27.505209]}},{"type":"Feature","properties":{"stop_id":"10310","name":"Logan Rd at Mt Gravatt Corner, stop 44","routes":["175"],"categories":["intermediate_bus"],"route_count":1},"geometry":{"type":"Point","coordinates":[153.080741,-27.558713]}},{"type":"Feature","properties":{"stop_id":"10314","name":"Troughton Rd at QEII Hospital, stop 37","routes":["120"],"categories":["high_bus"],"route_count":1},"geometry":{"type":"Point","coordinates":[153.050402,-27.559921]}},{"type":"Feature","properties":{"stop_id":"10330","name":"Merthyr Rd at Hawthorne Street, stop 13","routes":["199"],"categories":["high_bus"],"route_count":1},"geometry":{"type":"Point","coordinates":[153.049733,-27.463393]}},{"type":"Feature","properties":{"stop_id":"10331","name":"Macquarie St at Saratoga, stop 13A","routes":["199"],"categories":["high_bus"],"route_count":1},"geometry":{"type":"Point","coordinates":[153.050037,-27.461113]}},{"type":"Feature","properties":{"stop_id":"10332","name":"Merthyr Rd at Hawthorne Street, stop 13","routes":["199"],"categories":["high_bus"],"route_count":1},"geometry":{"type":"Point","coordinates":[153.049984,-27.46333]}},{"type":"Feature","properties":{"stop_id":"10335","name":"Logan Rd at Raff Ave, stop 25","routes":["175"],"categories":["intermediate_bus"],"route_count":1},"geometry":{"type":"Point","coordinates":[153.054424,-27.513511]}},{"type":"Feature","properties":{"stop_id":"10341","name":"Logan Rd at CB Mott Park, stop 26","routes":["175"],"categories":["intermediate_bus"],"route_count":1},"geometry":{"type":"Point","coordinates":[153.056685,-27.515304]}},{"type":"Feature","properties":{"stop_id":"10368","name":"Logan Rd at St Bernard, stop 42","routes":["175"],"categories":["intermediate_bus"],"route_count":1},"geometry":{"type":"Point","coordinates":[153.079725,-27.553968]}},{"type":"Feature","properties":{"stop_id":"10376","name":"Moggill Rd at Marshall Lane, stop 33","routes":["444"],"categories":["high_bus"],"route_count":1},"geometry":{"type":"Point","coordinates":[152.950016,-27.507521]}},{"type":"Feature","properties":{"stop_id":"10378","name":"Moggill Rd at Rafting Ground Park","routes":["444"],"categories":["high_bus"],"route_count":1},"geometry":{"type":"Point","coordinates":[152.922876,-27.520382]}},{"type":"Feature","properties":{"stop_id":"10386","name":"Ipswich Rd at Clifton Hill near Beaudesert Rd","routes":["100"],"categories":["high_bus"],"route_count":1},"geometry":{"type":"Point","coordinates":[153.022598,-27.525557]}},{"type":"Feature","properties":{"stop_id":"10388","name":"Cavendish Rd at Shire Street, stop 27/28","routes":["185"],"categories":["intermediate_bus"],"route_count":1},"geometry":{"type":"Point","coordinates":[153.060535,-27.496449]}},{"type":"Feature","properties":{"stop_id":"10392","name":"Cavendish Rd at Arlington Street, stop 37","routes":["185"],"categories":["intermediate_bus"],"route_count":1},"geometry":{"type":"Point","coordinates":[153.06633,-27.511719]}},{"type":"Feature","properties":{"stop_id":"10393","name":"Cavendish Rd at Stoneleigh Street, stop 38","routes":["185"],"categories":["intermediate_bus"],"route_count":1},"geometry":{"type":"Point","coordinates":[153.069986,-27.512769]}},{"type":"Feature","properties":{"stop_id":"10394","name":"Cavendish Rd at Cavendish Rd Reservoir, stop 40","routes":["185"],"categories":["intermediate_bus"],"route_count":1},"geometry":{"type":"Point","coordinates":[153.072894,-27.515466]}},{"type":"Feature","properties":{"stop_id":"10395","name":"Cavendish Rd at Crystal Street, stop 50","routes":["185"],"categories":["intermediate_bus"],"route_count":1},"geometry":{"type":"Point","coordinates":[153.078518,-27.518807]}},{"type":"Feature","properties":{"stop_id":"10396","name":"Ipswich Rd at Moorooka station, stop 38/39","routes":["19","100"],"categories":["high_bus","intermediate_bus"],"route_count":2},"geometry":{"type":"Point","coordinates":[153.015074,-27.534291]}},{"type":"Feature","properties":{"stop_id":"10409","name":"Cavendish Rd at York Street, stop 29","routes":["185"],"categories":["intermediate_bus"],"route_count":1},"geometry":{"type":"Point","coordinates":[153.061705,-27.49859]}},{"type":"Feature","properties":{"stop_id":"10411","name":"Logan Rd at Bardsley Avenue, stop 20","routes":["175"],"categories":["intermediate_bus"],"route_count":1},"geometry":{"type":"Point","coordinates":[153.048331,-27.505208]}},{"type":"Feature","properties":{"stop_id":"10434","name":"Griffith University stop A","routes":["120","125"],"categories":["high_bus","intermediate_bus"],"route_count":2},"geometry":{"type":"Point","coordinates":[153.054438,-27.554424]}},{"type":"Feature","properties":{"stop_id":"10436","name":"Griffith University stop B","routes":["120","125"],"categories":["high_bus","intermediate_bus"],"route_count":2},"geometry":{"type":"Point","coordinates":[153.053532,-27.554531]}},{"type":"Feature","properties":{"stop_id":"10437","name":"Beaudesert Rd at Stimpson Park, stop 29","routes":["125"],"categories":["intermediate_bus"],"route_count":1},"geometry":{"type":"Point","coordinates":[153.022998,-27.526054]}},{"type":"Feature","properties":{"stop_id":"10439","name":"Webster Rd at Lindley Street, stop 29","routes":["348"],"categories":["intermediate_bus"],"route_count":1},"geometry":{"type":"Point","coordinates":[153.016356,-27.41399]}},{"type":"Feature","properties":{"stop_id":"1045","name":"Montague Rd at Donkin Street, stop 7","routes":["60"],"categories":["high_bus"],"route_count":1},"geometry":{"type":"Point","coordinates":[153.00821,-27.476864]}},{"type":"Feature","properties":{"stop_id":"1046","name":"Montague Rd at Donkin Street, stop 7","routes":["60"],"categories":["high_bus"],"route_count":1},"geometry":{"type":"Point","coordinates":[153.008078,-27.476809]}},{"type":"Feature","properties":{"stop_id":"1051","name":"Montague Rd near Victoria St, stop 10","routes":["60"],"categories":["high_bus"],"route_count":1},"geometry":{"type":"Point","coordinates":[153.00381,-27.48251]}},{"type":"Feature","properties":{"stop_id":"1052","name":"Montague Rd near Victoria St, stop 10","routes":["60"],"categories":["high_bus"],"route_count":1},"geometry":{"type":"Point","coordinates":[153.003769,-27.482327]}},{"type":"Feature","properties":{"stop_id":"10527","name":"Logan Rd at Mt Gravatt Showgrounds, stop 38A","routes":["175"],"categories":["intermediate_bus"],"route_count":1},"geometry":{"type":"Point","coordinates":[153.081786,-27.544392]}},{"type":"Feature","properties":{"stop_id":"10533","name":"Handford Rd at Handford - Roghan","routes":["330"],"categories":["high_bus"],"route_count":1},"geometry":{"type":"Point","coordinates":[153.04153,-27.34194]}},{"type":"Feature","properties":{"stop_id":"10534","name":"Creek Rd at Greenmeadow","routes":["590"],"categories":["intermediate_bus"],"route_count":1},"geometry":{"type":"Point","coordinates":[153.09677,-27.521697]}},{"type":"Feature","properties":{"stop_id":"10536","name":"Mt Gravatt Capalaba Rd at Agaton","routes":["180"],"categories":["high_bus"],"route_count":1},"geometry":{"type":"Point","coordinates":[153.098121,-27.555061]}},{"type":"Feature","properties":{"stop_id":"10537","name":"Ridgewood Rd at Ridgewood Heights","routes":["130"],"categories":["high_bus"],"route_count":1},"geometry":{"type":"Point","coordinates":[153.027516,-27.624362]}},{"type":"Feature","properties":{"stop_id":"10538","name":"Mt Gravatt Capalaba Rd at Ham Road South","routes":["180"],"categories":["high_bus"],"route_count":1},"geometry":{"type":"Point","coordinates":[153.10287,-27.55294]}},{"type":"Feature","properties":{"stop_id":"1055","name":"Montague Rd at Cordeaux Street, stop 30/14","routes":["60"],"categories":["high_bus"],"route_count":1},"geometry":{"type":"Point","coordinates":[153.000018,-27.488328]}},{"type":"Feature","properties":{"stop_id":"1056","name":"Petrie Tce at Windmill Cafe, stop 3","routes":["375"],"categories":["intermediate_bus"],"route_count":1},"geometry":{"type":"Point","coordinates":[153.012496,-27.46567]}},{"type":"Feature","properties":{"stop_id":"10575","name":"Lemke Rd at Sandgate AFC Ground","routes":["330"],"categories":["high_bus"],"route_count":1},"geometry":{"type":"Point","coordinates":[153.04468,-27.336169]}},{"type":"Feature","properties":{"stop_id":"10578","name":"Balcara Ave at Beams - Balcara","routes":["340"],"categories":["high_bus"],"route_count":1},"geometry":{"type":"Point","coordinates":[153.027144,-27.347737]}},{"type":"Feature","properties":{"stop_id":"1060","name":"Vulture St at West End School, stop 9","routes":["199"],"categories":["high_bus"],"route_count":1},"geometry":{"type":"Point","coordinates":[153.007636,-27.480594]}},{"type":"Feature","properties":{"stop_id":"1061","name":"Vulture St at West End School, stop 9","routes":["199"],"categories":["high_bus"],"route_count":1},"geometry":{"type":"Point","coordinates":[153.007723,-27.480489]}},{"type":"Feature","properties":{"stop_id":"1062","name":"Vulture St at Cambridge Street, stop 8","routes":["199"],"categories":["high_bus"],"route_count":1},"geometry":{"type":"Point","coordinates":[153.010155,-27.48063]}},{"type":"Feature","properties":{"stop_id":"1063","name":"Vulture St at Cambridge Street, stop 8","routes":["199"],"categories":["high_bus"],"route_count":1},"geometry":{"type":"Point","coordinates":[153.010292,-27.480778]}},{"type":"Feature","properties":{"stop_id":"1064","name":"Vulture St at West End, stop 7","routes":["199"],"categories":["high_bus"],"route_count":1},"geometry":{"type":"Point","coordinates":[153.011631,-27.480848]}},{"type":"Feature","properties":{"stop_id":"1065","name":"Boundary St at West End, stop 7","routes":["199"],"categories":["high_bus"],"route_count":1},"geometry":{"type":"Point","coordinates":[153.012199,-27.480598]}},{"type":"Feature","properties":{"stop_id":"10653","name":"Bridgnorth St near Boynedale St","routes":["200"],"categories":["high_bus"],"route_count":1},"geometry":{"type":"Point","coordinates":[153.111291,-27.506019]}},{"type":"Feature","properties":{"stop_id":"10654","name":"Bridgnorth St near Boynedale St","routes":["200"],"categories":["high_bus"],"route_count":1},"geometry":{"type":"Point","coordinates":[153.111079,-27.50615]}},{"type":"Feature","properties":{"stop_id":"10655","name":"Scrub Rd at Winstanley East","routes":["200"],"categories":["high_bus"],"route_count":1},"geometry":{"type":"Point","coordinates":[153.114691,-27.508359]}},{"type":"Feature","properties":{"stop_id":"10656","name":"Scrub Rd at Winstanley East","routes":["200"],"categories":["high_bus"],"route_count":1},"geometry":{"type":"Point","coordinates":[153.114633,-27.509301]}},{"type":"Feature","properties":{"stop_id":"10657","name":"Scrub Rd at Kilmorey near Fairway Pl","routes":["200"],"categories":["high_bus"],"route_count":1},"geometry":{"type":"Point","coordinates":[153.113468,-27.514752]}},{"type":"Feature","properties":{"stop_id":"10658","name":"Scrub Rd at Kilmorey near Fairway Pl","routes":["200"],"categories":["high_bus"],"route_count":1},"geometry":{"type":"Point","coordinates":[153.113518,-27.515158]}},{"type":"Feature","properties":{"stop_id":"10659","name":"Scrub Rd at Greendale","routes":["200"],"categories":["high_bus"],"route_count":1},"geometry":{"type":"Point","coordinates":[153.112297,-27.521419]}},{"type":"Feature","properties":{"stop_id":"10660","name":"Scrub Rd at Greendale","routes":["200"],"categories":["high_bus"],"route_count":1},"geometry":{"type":"Point","coordinates":[153.112284,-27.520854]}},{"type":"Feature","properties":{"stop_id":"10679","name":"Creek Rd at Greenmeadows South","routes":["590"],"categories":["intermediate_bus"],"route_count":1},"geometry":{"type":"Point","coordinates":[153.095364,-27.527074]}},{"type":"Feature","properties":{"stop_id":"10687","name":"Honeysuckle Way at The Parks","routes":["150"],"categories":["high_bus"],"route_count":1},"geometry":{"type":"Point","coordinates":[153.057389,-27.632736]}},{"type":"Feature","properties":{"stop_id":"10688","name":"Beaudesert Rd at Benhiam Street","routes":["140"],"categories":["high_bus"],"route_count":1},"geometry":{"type":"Point","coordinates":[153.050351,-27.619123]}},{"type":"Feature","properties":{"stop_id":"10690","name":"Algester Rd at Nottingham","routes":["130"],"categories":["high_bus"],"route_count":1},"geometry":{"type":"Point","coordinates":[153.029152,-27.628854]}},{"type":"Feature","properties":{"stop_id":"10691","name":"Algester Rd at Nottingham","routes":["130"],"categories":["high_bus"],"route_count":1},"geometry":{"type":"Point","coordinates":[153.028891,-27.62812]}},{"type":"Feature","properties":{"stop_id":"10692","name":"Algester Rd at Parkinson, stop 90","routes":["130"],"categories":["high_bus"],"route_count":1},"geometry":{"type":"Point","coordinates":[153.029342,-27.63539]}},{"type":"Feature","properties":{"stop_id":"10695","name":"Honeysuckle Way at Calamvale","routes":["150"],"categories":["high_bus"],"route_count":1},"geometry":{"type":"Point","coordinates":[153.053825,-27.632189]}},{"type":"Feature","properties":{"stop_id":"1070","name":"Boundary St at Jane Street, stop 6","routes":["199"],"categories":["high_bus"],"route_count":1},"geometry":{"type":"Point","coordinates":[153.012279,-27.479406]}},{"type":"Feature","properties":{"stop_id":"10700","name":"Montague Rd at Cordeaux Street, stop 14","routes":["60"],"categories":["high_bus"],"route_count":1},"geometry":{"type":"Point","coordinates":[153.000178,-27.488331]}},{"type":"Feature","properties":{"stop_id":"10702","name":"Phillips St at Enbrook Street","routes":["330"],"categories":["high_bus"],"route_count":1},"geometry":{"type":"Point","coordinates":[153.038336,-27.32792]}},{"type":"Feature","properties":{"stop_id":"10708","name":"Phillips St at Enbrook Street","routes":["330"],"categories":["high_bus"],"route_count":1},"geometry":{"type":"Point","coordinates":[153.038135,-27.327997]}},{"type":"Feature","properties":{"stop_id":"10711","name":"Honeysuckle Way at Calamvale","routes":["150"],"categories":["high_bus"],"route_count":1},"geometry":{"type":"Point","coordinates":[153.053519,-27.632362]}},{"type":"Feature","properties":{"stop_id":"10718","name":"Grand Ave at Grand Avenue Lake","routes":["100"],"categories":["high_bus"],"route_count":1},"geometry":{"type":"Point","coordinates":[152.963445,-27.627095]}},{"type":"Feature","properties":{"stop_id":"10719","name":"Grand Ave at Grand Avenue Lake","routes":["100"],"categories":["high_bus"],"route_count":1},"geometry":{"type":"Point","coordinates":[152.963535,-27.626995]}},{"type":"Feature","properties":{"stop_id":"10729","name":"Macquarie St at Saratoga, stop 13A","routes":["199"],"categories":["high_bus"],"route_count":1},"geometry":{"type":"Point","coordinates":[153.050161,-27.460415]}},{"type":"Feature","properties":{"stop_id":"1073","name":"Boundary St at Jane Street, stop 6","routes":["199"],"categories":["high_bus"],"route_count":1},"geometry":{"type":"Point","coordinates":[153.012471,-27.479066]}},{"type":"Feature","properties":{"stop_id":"1074","name":"Boundary St at West End Junction, stop 5","routes":["199"],"categories":["high_bus"],"route_count":1},"geometry":{"type":"Point","coordinates":[153.012562,-27.477889]}},{"type":"Feature","properties":{"stop_id":"10742","name":"Algester Rd at Parkinson, stop 90","routes":["130"],"categories":["high_bus"],"route_count":1},"geometry":{"type":"Point","coordinates":[153.030696,-27.636898]}},{"type":"Feature","properties":{"stop_id":"10743","name":"Beaudesert Rd at Illaweena Street","routes":["140","150"],"categories":["high_bus"],"route_count":2},"geometry":{"type":"Point","coordinates":[153.044795,-27.637522]}},{"type":"Feature","properties":{"stop_id":"10745","name":"Algester Rd at Parkinson East, stop 92","routes":["130"],"categories":["high_bus"],"route_count":1},"geometry":{"type":"Point","coordinates":[153.040471,-27.638567]}},{"type":"Feature","properties":{"stop_id":"10746","name":"Algester Rd at Parkinson East, stop 92","routes":["130"],"categories":["high_bus"],"route_count":1},"geometry":{"type":"Point","coordinates":[153.040656,-27.638737]}},{"type":"Feature","properties":{"stop_id":"10747","name":"Algester Rd at Lake Eyre Crescent Stop 91","routes":["130"],"categories":["high_bus"],"route_count":1},"geometry":{"type":"Point","coordinates":[153.034449,-27.638416]}},{"type":"Feature","properties":{"stop_id":"10748","name":"Algester Rd at Lake Eyre Crescent Stop 91","routes":["130"],"categories":["high_bus"],"route_count":1},"geometry":{"type":"Point","coordinates":[153.033753,-27.638527]}},{"type":"Feature","properties":{"stop_id":"1075","name":"Boundary St at West End Junction, stop 5","routes":["199"],"categories":["high_bus"],"route_count":1},"geometry":{"type":"Point","coordinates":[153.0127,-27.477756]}},{"type":"Feature","properties":{"stop_id":"10752","name":"Skyring Tce near Cunningham St","routes":["60"],"categories":["high_bus"],"route_count":1},"geometry":{"type":"Point","coordinates":[153.043539,-27.449985]}},{"type":"Feature","properties":{"stop_id":"1076","name":"Melbourne St at Manning Street, stop 4","routes":["196","199"],"categories":["high_bus"],"route_count":2},"geometry":{"type":"Point","coordinates":[153.014973,-27.475727]}},{"type":"Feature","properties":{"stop_id":"10760","name":"Algester Rd at Injune Cct, stop 93","routes":["130"],"categories":["high_bus"],"route_count":1},"geometry":{"type":"Point","coordinates":[153.046148,-27.638536]}},{"type":"Feature","properties":{"stop_id":"10761","name":"Algester Rd at Lichfield Place, stop 93","routes":["130"],"categories":["high_bus"],"route_count":1},"geometry":{"type":"Point","coordinates":[153.043654,-27.638364]}},{"type":"Feature","properties":{"stop_id":"10762","name":"Illaweena St at Tamarisk Way","routes":["130"],"categories":["high_bus"],"route_count":1},"geometry":{"type":"Point","coordinates":[153.049022,-27.638974]}},{"type":"Feature","properties":{"stop_id":"10763","name":"Illaweena St at Tamarisk Way","routes":["130"],"categories":["high_bus"],"route_count":1},"geometry":{"type":"Point","coordinates":[153.048514,-27.63903]}},{"type":"Feature","properties":{"stop_id":"10765","name":"Illaweena St at Waterstone","routes":["130"],"categories":["high_bus"],"route_count":1},"geometry":{"type":"Point","coordinates":[153.052317,-27.639575]}},{"type":"Feature","properties":{"stop_id":"10780","name":"King George Square, 2a","routes":["M1","M2"],"categories":["high_bus"],"route_count":2},"geometry":{"type":"Point","coordinates":[153.024236,-27.468612]}},{"type":"Feature","properties":{"stop_id":"10781","name":"King George Square, 1a","routes":["333","340"],"categories":["high_bus"],"route_count":2},"geometry":{"type":"Point","coordinates":[153.023257,-27.467881]}},{"type":"Feature","properties":{"stop_id":"10782","name":"King George Square, 2b","routes":["61","222"],"categories":["high_bus"],"route_count":2},"geometry":{"type":"Point","coordinates":[153.024066,-27.468446]}},{"type":"Feature","properties":{"stop_id":"10783","name":"King George Square, 1b","routes":["61","222","444"],"categories":["high_bus"],"route_count":3},"geometry":{"type":"Point","coordinates":[153.02343,-27.468046]}},{"type":"Feature","properties":{"stop_id":"10784","name":"King George Square, 2c","routes":["333","340","444"],"categories":["high_bus"],"route_count":3},"geometry":{"type":"Point","coordinates":[153.023883,-27.46827]}},{"type":"Feature","properties":{"stop_id":"10785","name":"King George Square, 1c","routes":["M1","M2"],"categories":["high_bus"],"route_count":2},"geometry":{"type":"Point","coordinates":[153.023619,-27.4682]}},{"type":"Feature","properties":{"stop_id":"10792","name":"Roma Street busway, platform 2","routes":["61","M1","M2","222","330","333","340","345","385","390","444"],"categories":["high_bus","intermediate_bus"],"route_count":11},"geometry":{"type":"Point","coordinates":[153.0192,-27.465942]}},{"type":"Feature","properties":{"stop_id":"10793","name":"Roma Street busway, platform 1","routes":["61","M2","222","330","333","340","345","385","390","444"],"categories":["high_bus","intermediate_bus"],"route_count":10},"geometry":{"type":"Point","coordinates":[153.019374,-27.466083]}},{"type":"Feature","properties":{"stop_id":"10794","name":"Roma Street busway station","routes":["M1"],"categories":["high_bus"],"route_count":1},"geometry":{"type":"Point","coordinates":[153.019445,-27.466097]}},{"type":"Feature","properties":{"stop_id":"10795","name":"Boggo Road station, platform 4","routes":["19","M2","169"],"categories":["high_bus","intermediate_bus"],"route_count":3},"geometry":{"type":"Point","coordinates":[153.030592,-27.494037]}},{"type":"Feature","properties":{"stop_id":"10796","name":"Boggo Road station, platform 3","routes":["19","M2","169"],"categories":["high_bus","intermediate_bus"],"route_count":3},"geometry":{"type":"Point","coordinates":[153.030206,-27.493937]}},{"type":"Feature","properties":{"stop_id":"10797","name":"PA Hospital station, platform 1","routes":["M2","169"],"categories":["high_bus","intermediate_bus"],"route_count":2},"geometry":{"type":"Point","coordinates":[153.034195,-27.496767]}},{"type":"Feature","properties":{"stop_id":"10798","name":"PA Hospital station, platform 2","routes":["19","M2","169"],"categories":["high_bus","intermediate_bus"],"route_count":3},"geometry":{"type":"Point","coordinates":[153.033604,-27.496787]}},{"type":"Feature","properties":{"stop_id":"10799","name":"Lower Level at PA Hospital station","routes":["19"],"categories":["intermediate_bus"],"route_count":1},"geometry":{"type":"Point","coordinates":[153.034086,-27.496716]}},{"type":"Feature","properties":{"stop_id":"1080","name":"Melbourne St at Manning Street, stop 4","routes":["196","199"],"categories":["high_bus"],"route_count":2},"geometry":{"type":"Point","coordinates":[153.014353,-27.476242]}},{"type":"Feature","properties":{"stop_id":"10802","name":"Cultural Centre station, platform 1","routes":["60","61","M1","M2","100","120","130","140","150","180","196","199","200","222","300","333","444","555"],"categories":["high_bus","intermediate_bus"],"route_count":18},"geometry":{"type":"Point","coordinates":[153.019415,-27.473232]}},{"type":"Feature","properties":{"stop_id":"10803","name":"Grand Ave East near Ascot Ave","routes":["100"],"categories":["high_bus"],"route_count":1},"geometry":{"type":"Point","coordinates":[152.969834,-27.627464]}},{"type":"Feature","properties":{"stop_id":"10804","name":"Moggill Rd at Kenmore Central, stop 35","routes":["444"],"categories":["high_bus"],"route_count":1},"geometry":{"type":"Point","coordinates":[152.93893,-27.507821]}},{"type":"Feature","properties":{"stop_id":"1081","name":"Browning St near Boundary Rd, stop 5","routes":["196"],"categories":["high_bus"],"route_count":1},"geometry":{"type":"Point","coordinates":[153.01314,-27.477727]}},{"type":"Feature","properties":{"stop_id":"10810","name":"Grand Ave East near Ascot Ave","routes":["100"],"categories":["high_bus"],"route_count":1},"geometry":{"type":"Point","coordinates":[152.968325,-27.627456]}},{"type":"Feature","properties":{"stop_id":"10813","name":"Buranda busway, platform 3","routes":["M1","120","169","180","222","555"],"categories":["high_bus","intermediate_bus"],"route_count":6},"geometry":{"type":"Point","coordinates":[153.039513,-27.497218]}},{"type":"Feature","properties":{"stop_id":"10814","name":"Buranda busway, platform 4","routes":["M1","120","169","180","222","555"],"categories":["high_bus","intermediate_bus"],"route_count":6},"geometry":{"type":"Point","coordinates":[153.039185,-27.497023]}},{"type":"Feature","properties":{"stop_id":"10815","name":"Greenslopes station, platform 2","routes":["M1","169","555"],"categories":["high_bus","intermediate_bus"],"route_count":3},"geometry":{"type":"Point","coordinates":[153.040395,-27.511079]}},{"type":"Feature","properties":{"stop_id":"10816","name":"Greenslopes station, platform 1","routes":["M1","169","555"],"categories":["high_bus","intermediate_bus"],"route_count":3},"geometry":{"type":"Point","coordinates":[153.040072,-27.510793]}},{"type":"Feature","properties":{"stop_id":"10817","name":"Holland Park West station, platform 2","routes":["M1","169","555"],"categories":["high_bus","intermediate_bus"],"route_count":3},"geometry":{"type":"Point","coordinates":[153.057514,-27.528739]}},{"type":"Feature","properties":{"stop_id":"10818","name":"Holland Park West station, platform 1","routes":["M1","169","555"],"categories":["high_bus","intermediate_bus"],"route_count":3},"geometry":{"type":"Point","coordinates":[153.057272,-27.528343]}},{"type":"Feature","properties":{"stop_id":"10819","name":"Griffith University station, platform 2","routes":["M1","125","130","140","150","169","555"],"categories":["high_bus","intermediate_bus"],"route_count":7},"geometry":{"type":"Point","coordinates":[153.064682,-27.546738]}},{"type":"Feature","properties":{"stop_id":"1082","name":"Browning St near Boundary St, stop 5","routes":["196"],"categories":["high_bus"],"route_count":1},"geometry":{"type":"Point","coordinates":[153.013113,-27.477894]}},{"type":"Feature","properties":{"stop_id":"10820","name":"Griffith University station, platform 1","routes":["M1","125","130","140","150","169","555"],"categories":["high_bus","intermediate_bus"],"route_count":7},"geometry":{"type":"Point","coordinates":[153.064253,-27.54655]}},{"type":"Feature","properties":{"stop_id":"10821","name":"Upper Mt Gravatt station, platform 2","routes":["M1","125","150","169","555"],"categories":["high_bus","intermediate_bus"],"route_count":5},"geometry":{"type":"Point","coordinates":[153.081751,-27.564228]}},{"type":"Feature","properties":{"stop_id":"10822","name":"Upper Mt Gravatt station, platform 1","routes":["M1","125","150","169","555"],"categories":["high_bus","intermediate_bus"],"route_count":5},"geometry":{"type":"Point","coordinates":[153.081286,-27.564032]}},{"type":"Feature","properties":{"stop_id":"10823","name":"Eight Mile Plains station, platform 2","routes":["169","555"],"categories":["high_bus","intermediate_bus"],"route_count":2},"geometry":{"type":"Point","coordinates":[153.102071,-27.578702]}},{"type":"Feature","properties":{"stop_id":"10824","name":"Eight Mile Plains station, platform 1","routes":["M1","169","555"],"categories":["high_bus","intermediate_bus"],"route_count":3},"geometry":{"type":"Point","coordinates":[153.101772,-27.578465]}},{"type":"Feature","properties":{"stop_id":"10826","name":"Grand Ave West near Centennial Way","routes":["100"],"categories":["high_bus"],"route_count":1},"geometry":{"type":"Point","coordinates":[152.957196,-27.625095]}},{"type":"Feature","properties":{"stop_id":"10829","name":"Gowan Rd at The Parks","routes":["150"],"categories":["high_bus"],"route_count":1},"geometry":{"type":"Point","coordinates":[153.058308,-27.630484]}},{"type":"Feature","properties":{"stop_id":"1083","name":"Browning St at Russell Street, stop 6","routes":["196"],"categories":["high_bus"],"route_count":1},"geometry":{"type":"Point","coordinates":[153.013958,-27.479111]}},{"type":"Feature","properties":{"stop_id":"10830","name":"Gowan Rd at Parkside","routes":["150"],"categories":["high_bus"],"route_count":1},"geometry":{"type":"Point","coordinates":[153.059473,-27.625961]}},{"type":"Feature","properties":{"stop_id":"10838","name":"Klumpp Rd at Klumpp-Dawson","routes":["120"],"categories":["high_bus"],"route_count":1},"geometry":{"type":"Point","coordinates":[153.077813,-27.552733]}},{"type":"Feature","properties":{"stop_id":"10839","name":"Algester Rd at Glenfield","routes":["130"],"categories":["high_bus"],"route_count":1},"geometry":{"type":"Point","coordinates":[153.029226,-27.632291]}},{"type":"Feature","properties":{"stop_id":"1084","name":"Browning St at Russell Street, stop 6","routes":["196"],"categories":["high_bus"],"route_count":1},"geometry":{"type":"Point","coordinates":[153.014328,-27.479443]}},{"type":"Feature","properties":{"stop_id":"10840","name":"Algester Rd at Glenfield","routes":["130"],"categories":["high_bus"],"route_count":1},"geometry":{"type":"Point","coordinates":[153.029532,-27.631681]}},{"type":"Feature","properties":{"stop_id":"1085","name":"Browning St at Besant Street, stop 7","routes":["196"],"categories":["high_bus"],"route_count":1},"geometry":{"type":"Point","coordinates":[153.015126,-27.480815]}},{"type":"Feature","properties":{"stop_id":"1086","name":"Browning St at Besant Street, stop 7","routes":["196"],"categories":["high_bus"],"route_count":1},"geometry":{"type":"Point","coordinates":[153.015477,-27.48112]}},{"type":"Feature","properties":{"stop_id":"1087","name":"Vulture St at State High, stop 8","routes":["196"],"categories":["high_bus"],"route_count":1},"geometry":{"type":"Point","coordinates":[153.017965,-27.481795]}},{"type":"Feature","properties":{"stop_id":"1088","name":"Vulture St at State High, stop 8","routes":["196"],"categories":["high_bus"],"route_count":1},"geometry":{"type":"Point","coordinates":[153.016932,-27.481765]}},{"type":"Feature","properties":{"stop_id":"10898","name":"Honeysuckle Way at Sunflower","routes":["150"],"categories":["high_bus"],"route_count":1},"geometry":{"type":"Point","coordinates":[153.048714,-27.630374]}},{"type":"Feature","properties":{"stop_id":"10899","name":"Honeysuckle Way at Sunflower","routes":["150"],"categories":["high_bus"],"route_count":1},"geometry":{"type":"Point","coordinates":[153.047714,-27.630433]}},{"type":"Feature","properties":{"stop_id":"10900","name":"Gympie Rd near Kitchener Road","routes":["333","338","340"],"categories":["high_bus","intermediate_bus"],"route_count":3},"geometry":{"type":"Point","coordinates":[153.031758,-27.399715]}},{"type":"Feature","properties":{"stop_id":"10901","name":"Murphy Rd at Butt Street","routes":["330"],"categories":["high_bus"],"route_count":1},"geometry":{"type":"Point","coordinates":[153.036103,-27.371482]}},{"type":"Feature","properties":{"stop_id":"10902","name":"Murphy Rd at Butt Street","routes":["330"],"categories":["high_bus"],"route_count":1},"geometry":{"type":"Point","coordinates":[153.036057,-27.370207]}},{"type":"Feature","properties":{"stop_id":"10903","name":"Lemke Rd at Sandgate AFC Ground","routes":["330"],"categories":["high_bus"],"route_count":1},"geometry":{"type":"Point","coordinates":[153.04455,-27.335746]}},{"type":"Feature","properties":{"stop_id":"10904","name":"Barbour Rd near Phillips St","routes":["330"],"categories":["high_bus"],"route_count":1},"geometry":{"type":"Point","coordinates":[153.028752,-27.324148]}},{"type":"Feature","properties":{"stop_id":"10911","name":"Cribb Rd near Oakwood Way","routes":["200"],"categories":["high_bus"],"route_count":1},"geometry":{"type":"Point","coordinates":[153.116903,-27.524654]}},{"type":"Feature","properties":{"stop_id":"10912","name":"Cribb Rd near Cowell St","routes":["200"],"categories":["high_bus"],"route_count":1},"geometry":{"type":"Point","coordinates":[153.115381,-27.524308]}},{"type":"Feature","properties":{"stop_id":"10915","name":"Bridgnorth St at Belmont School","routes":["200"],"categories":["high_bus"],"route_count":1},"geometry":{"type":"Point","coordinates":[153.114905,-27.504187]}},{"type":"Feature","properties":{"stop_id":"10917","name":"Winstanley St at Firmiston","routes":["200"],"categories":["high_bus"],"route_count":1},"geometry":{"type":"Point","coordinates":[153.107372,-27.506691]}},{"type":"Feature","properties":{"stop_id":"10918","name":"Bridgnorth St at Belmont School","routes":["200"],"categories":["high_bus"],"route_count":1},"geometry":{"type":"Point","coordinates":[153.113964,-27.504169]}},{"type":"Feature","properties":{"stop_id":"10923","name":"Moggill Rd at QCAT","routes":["444"],"categories":["high_bus"],"route_count":1},"geometry":{"type":"Point","coordinates":[152.911556,-27.530125]}},{"type":"Feature","properties":{"stop_id":"10938","name":"Meadowlands Rd near Bedivere St","routes":["204","590"],"categories":["intermediate_bus"],"route_count":2},"geometry":{"type":"Point","coordinates":[153.107174,-27.492325]}},{"type":"Feature","properties":{"stop_id":"10939","name":"Meadowlands Rd near Bedivere St","routes":["204","590"],"categories":["intermediate_bus"],"route_count":2},"geometry":{"type":"Point","coordinates":[153.107163,-27.492123]}},{"type":"Feature","properties":{"stop_id":"10950","name":"Klumpp Rd at Klumpp-Dawson","routes":["120"],"categories":["high_bus"],"route_count":1},"geometry":{"type":"Point","coordinates":[153.077346,-27.552536]}},{"type":"Feature","properties":{"stop_id":"10952","name":"Warrigal Rd at Bordeaux","routes":["150"],"categories":["high_bus"],"route_count":1},"geometry":{"type":"Point","coordinates":[153.086946,-27.579573]}},{"type":"Feature","properties":{"stop_id":"10953","name":"Warrigal Rd at Bordeaux","routes":["150"],"categories":["high_bus"],"route_count":1},"geometry":{"type":"Point","coordinates":[153.086997,-27.578479]}},{"type":"Feature","properties":{"stop_id":"10954","name":"Gowan Rd at Gowan and Compton","routes":["150"],"categories":["high_bus"],"route_count":1},"geometry":{"type":"Point","coordinates":[153.062036,-27.610803]}},{"type":"Feature","properties":{"stop_id":"10955","name":"Gowan Rd at Gowan and Compton","routes":["150"],"categories":["high_bus"],"route_count":1},"geometry":{"type":"Point","coordinates":[153.061968,-27.61197]}},{"type":"Feature","properties":{"stop_id":"10956","name":"Logan Rd at Australian Tax Office, stop 80","routes":["175","185"],"categories":["intermediate_bus"],"route_count":2},"geometry":{"type":"Point","coordinates":[153.085772,-27.564819]}},{"type":"Feature","properties":{"stop_id":"10968","name":"Partridge St near Tang St","routes":["100"],"categories":["high_bus"],"route_count":1},"geometry":{"type":"Point","coordinates":[152.97153,-27.605892]}},{"type":"Feature","properties":{"stop_id":"10969","name":"Forest Lake Shops","routes":["100"],"categories":["high_bus"],"route_count":1},"geometry":{"type":"Point","coordinates":[152.96993,-27.623729]}},{"type":"Feature","properties":{"stop_id":"10970","name":"Forest Lake Bvd at Kensington Way","routes":["100"],"categories":["high_bus"],"route_count":1},"geometry":{"type":"Point","coordinates":[152.974022,-27.628779]}},{"type":"Feature","properties":{"stop_id":"10974","name":"Woodland Ave near Laricina Cct","routes":["100"],"categories":["high_bus"],"route_count":1},"geometry":{"type":"Point","coordinates":[152.971616,-27.61093]}},{"type":"Feature","properties":{"stop_id":"10975","name":"Woodland Ave near Joseph Banks Ave","routes":["100"],"categories":["high_bus"],"route_count":1},"geometry":{"type":"Point","coordinates":[152.971847,-27.611095]}},{"type":"Feature","properties":{"stop_id":"10978","name":"Forest Lake Bvd at Forest Lake, stop B","routes":["100"],"categories":["high_bus"],"route_count":1},"geometry":{"type":"Point","coordinates":[152.965116,-27.615538]}},{"type":"Feature","properties":{"stop_id":"10985","name":"Brooke St at Rocklea Railway, stop 47","routes":["19"],"categories":["intermediate_bus"],"route_count":1},"geometry":{"type":"Point","coordinates":[153.013469,-27.544788]}},{"type":"Feature","properties":{"stop_id":"10990","name":"Grand Ave at Grand Avenue School","routes":["100"],"categories":["high_bus"],"route_count":1},"geometry":{"type":"Point","coordinates":[152.960155,-27.625348]}},{"type":"Feature","properties":{"stop_id":"10991","name":"Grand Ave West near Centennial Way","routes":["100"],"categories":["high_bus"],"route_count":1},"geometry":{"type":"Point","coordinates":[152.957245,-27.625231]}},{"type":"Feature","properties":{"stop_id":"10992","name":"Lochwood Ave at Woogaroo St","routes":["100"],"categories":["high_bus"],"route_count":1},"geometry":{"type":"Point","coordinates":[152.957307,-27.61984]}},{"type":"Feature","properties":{"stop_id":"10993","name":"Lochwood Ave at Jindabyne Cct","routes":["100"],"categories":["high_bus"],"route_count":1},"geometry":{"type":"Point","coordinates":[152.959224,-27.619881]}},{"type":"Feature","properties":{"stop_id":"10994","name":"Lochwood Ave at Jindabyne Cct","routes":["100"],"categories":["high_bus"],"route_count":1},"geometry":{"type":"Point","coordinates":[152.958527,-27.620076]}},{"type":"Feature","properties":{"stop_id":"10995","name":"Lochwood Ave at Lochwood Broadwater","routes":["100"],"categories":["high_bus"],"route_count":1},"geometry":{"type":"Point","coordinates":[152.961926,-27.618773]}},{"type":"Feature","properties":{"stop_id":"10996","name":"Lochwood Ave at Broadwater Way","routes":["100"],"categories":["high_bus"],"route_count":1},"geometry":{"type":"Point","coordinates":[152.961925,-27.618882]}},{"type":"Feature","properties":{"stop_id":"10997","name":"Joseph Banks Ave near Leichhardt Cct","routes":["100"],"categories":["high_bus"],"route_count":1},"geometry":{"type":"Point","coordinates":[152.968325,-27.613916]}},{"type":"Feature","properties":{"stop_id":"10998","name":"Joseph Banks Ave near Leichhardt Cct","routes":["100"],"categories":["high_bus"],"route_count":1},"geometry":{"type":"Point","coordinates":[152.969031,-27.61373]}},{"type":"Feature","properties":{"stop_id":"1101","name":"Mollison St near Boundary St, stop 5","routes":["60"],"categories":["high_bus"],"route_count":1},"geometry":{"type":"Point","coordinates":[153.011321,-27.477086]}},{"type":"Feature","properties":{"stop_id":"11012","name":"Lutwyche Rd at Leckie Road, stop 25","routes":["338"],"categories":["intermediate_bus"],"route_count":1},"geometry":{"type":"Point","coordinates":[153.033347,-27.411962]}},{"type":"Feature","properties":{"stop_id":"11026","name":"Stafford Rd at Stafford Central","routes":["348","369"],"categories":["intermediate_bus"],"route_count":2},"geometry":{"type":"Point","coordinates":[153.022488,-27.411136]}},{"type":"Feature","properties":{"stop_id":"11027","name":"Stafford Rd at Turner Road, stop 29","routes":["348"],"categories":["intermediate_bus"],"route_count":1},"geometry":{"type":"Point","coordinates":[153.024775,-27.41145]}},{"type":"Feature","properties":{"stop_id":"11028","name":"Stafford Rd at Beaconsfield Terrace, stop 28a","routes":["369"],"categories":["intermediate_bus"],"route_count":1},"geometry":{"type":"Point","coordinates":[153.026597,-27.411683]}},{"type":"Feature","properties":{"stop_id":"11029","name":"Stafford Rd at Clarence Road, stop 27","routes":["369"],"categories":["intermediate_bus"],"route_count":1},"geometry":{"type":"Point","coordinates":[153.029884,-27.412126]}},{"type":"Feature","properties":{"stop_id":"11030","name":"Stafford Rd at Clarence Road, stop 27","routes":["369"],"categories":["intermediate_bus"],"route_count":1},"geometry":{"type":"Point","coordinates":[153.03288,-27.412664]}},{"type":"Feature","properties":{"stop_id":"11031","name":"Stafford Rd at Beaconsfield Terrace, stop 28a","routes":["369"],"categories":["intermediate_bus"],"route_count":1},"geometry":{"type":"Point","coordinates":[153.026594,-27.411834]}},{"type":"Feature","properties":{"stop_id":"11032","name":"Stafford Rd at Turner Road, stop 29","routes":["348"],"categories":["intermediate_bus"],"route_count":1},"geometry":{"type":"Point","coordinates":[153.023976,-27.41148]}},{"type":"Feature","properties":{"stop_id":"11033","name":"Stafford Rd at Stafford Central","routes":["348","369"],"categories":["intermediate_bus"],"route_count":2},"geometry":{"type":"Point","coordinates":[153.021799,-27.4112]}},{"type":"Feature","properties":{"stop_id":"11036","name":"Stafford Rd at Webster Rd, stop 30","routes":["348","369"],"categories":["intermediate_bus"],"route_count":2},"geometry":{"type":"Point","coordinates":[153.018038,-27.410697]}},{"type":"Feature","properties":{"stop_id":"11037","name":"Stafford Rd at Webster Rd, stop 30 - Temp relocation","routes":["348","369"],"categories":["intermediate_bus"],"route_count":2},"geometry":{"type":"Point","coordinates":[153.019453,-27.410712]}},{"type":"Feature","properties":{"stop_id":"11042","name":"Gympie Rd at Strathmore Street","routes":["333","338","340"],"categories":["high_bus","intermediate_bus"],"route_count":3},"geometry":{"type":"Point","coordinates":[153.031549,-27.403428]}},{"type":"Feature","properties":{"stop_id":"11045","name":"Richmond St near Haig St, stop 28","routes":["348"],"categories":["intermediate_bus"],"route_count":1},"geometry":{"type":"Point","coordinates":[153.027259,-27.413169]}},{"type":"Feature","properties":{"stop_id":"11046","name":"Richmond St near Stafford Rd, stop 28","routes":["348"],"categories":["intermediate_bus"],"route_count":1},"geometry":{"type":"Point","coordinates":[153.027295,-27.412228]}},{"type":"Feature","properties":{"stop_id":"11047","name":"Richmond St at Cowper Street, stop 27","routes":["348"],"categories":["intermediate_bus"],"route_count":1},"geometry":{"type":"Point","coordinates":[153.026991,-27.414766]}},{"type":"Feature","properties":{"stop_id":"11048","name":"Richmond St at Cowper Street, stop 27","routes":["348"],"categories":["intermediate_bus"],"route_count":1},"geometry":{"type":"Point","coordinates":[153.026799,-27.415182]}},{"type":"Feature","properties":{"stop_id":"11049","name":"Richmond St at Lennox Street, stop 26","routes":["348"],"categories":["intermediate_bus"],"route_count":1},"geometry":{"type":"Point","coordinates":[153.02669,-27.416562]}},{"type":"Feature","properties":{"stop_id":"11050","name":"Richmond St at Lennox Street, stop 26","routes":["348"],"categories":["intermediate_bus"],"route_count":1},"geometry":{"type":"Point","coordinates":[153.026496,-27.416988]}},{"type":"Feature","properties":{"stop_id":"11051","name":"Richmond St at Aberdeen Terrace, stop 25A","routes":["348"],"categories":["intermediate_bus"],"route_count":1},"geometry":{"type":"Point","coordinates":[153.026432,-27.418097]}},{"type":"Feature","properties":{"stop_id":"11052","name":"Richmond St at Aberdeen Terrace, stop 25a","routes":["348"],"categories":["intermediate_bus"],"route_count":1},"geometry":{"type":"Point","coordinates":[153.026254,-27.418423]}},{"type":"Feature","properties":{"stop_id":"11053","name":"Thistle St at Khartoum Street, stop 25","routes":["348"],"categories":["intermediate_bus"],"route_count":1},"geometry":{"type":"Point","coordinates":[153.026929,-27.419179]}},{"type":"Feature","properties":{"stop_id":"11054","name":"Thistle St at Khartoum Street, stop 25","routes":["348"],"categories":["intermediate_bus"],"route_count":1},"geometry":{"type":"Point","coordinates":[153.027304,-27.419489]}},{"type":"Feature","properties":{"stop_id":"11055","name":"Thistle St at Gordon Street, stop 24","routes":["348"],"categories":["intermediate_bus"],"route_count":1},"geometry":{"type":"Point","coordinates":[153.028505,-27.419656]}},{"type":"Feature","properties":{"stop_id":"11056","name":"Thistle St at Gordon Street, stop 24","routes":["348"],"categories":["intermediate_bus"],"route_count":1},"geometry":{"type":"Point","coordinates":[153.02875,-27.419578]}},{"type":"Feature","properties":{"stop_id":"11057","name":"Thistle St at Shamrock St, stop 23","routes":["348"],"categories":["intermediate_bus"],"route_count":1},"geometry":{"type":"Point","coordinates":[153.030541,-27.419923]}},{"type":"Feature","properties":{"stop_id":"11058","name":"Thistle St at Shamrock St, stop 23","routes":["348"],"categories":["intermediate_bus"],"route_count":1},"geometry":{"type":"Point","coordinates":[153.030661,-27.41983]}},{"type":"Feature","properties":{"stop_id":"11059","name":"Bradshaw St near Lamington Ave, stop 22a","routes":["348"],"categories":["intermediate_bus"],"route_count":1},"geometry":{"type":"Point","coordinates":[153.032903,-27.420176]}},{"type":"Feature","properties":{"stop_id":"11060","name":"Bradshaw St near Lucas St, stop 22a","routes":["348"],"categories":["intermediate_bus"],"route_count":1},"geometry":{"type":"Point","coordinates":[153.032835,-27.420273]}},{"type":"Feature","properties":{"stop_id":"11061","name":"Webster Rd at Sayers Street, stop 30","routes":["348"],"categories":["intermediate_bus"],"route_count":1},"geometry":{"type":"Point","coordinates":[153.016704,-27.411857]}},{"type":"Feature","properties":{"stop_id":"11070","name":"Gympie Rd at Sadlier Street","routes":["333","338","340"],"categories":["high_bus","intermediate_bus"],"route_count":3},"geometry":{"type":"Point","coordinates":[153.032671,-27.407418]}},{"type":"Feature","properties":{"stop_id":"11071","name":"Gympie Rd at Leckie Road, stop 26/24","routes":["338"],"categories":["intermediate_bus"],"route_count":1},"geometry":{"type":"Point","coordinates":[153.034079,-27.412102]}},{"type":"Feature","properties":{"stop_id":"11076","name":"Park Rd at Gorman Street, stop 28","routes":["369"],"categories":["intermediate_bus"],"route_count":1},"geometry":{"type":"Point","coordinates":[153.040282,-27.415114]}},{"type":"Feature","properties":{"stop_id":"11077","name":"Park Rd at Gorman Street, stop 28","routes":["369"],"categories":["intermediate_bus"],"route_count":1},"geometry":{"type":"Point","coordinates":[153.040904,-27.415033]}},{"type":"Feature","properties":{"stop_id":"11078","name":"Park Rd at Rose Street, stop 29","routes":["369"],"categories":["intermediate_bus"],"route_count":1},"geometry":{"type":"Point","coordinates":[153.041899,-27.414241]}},{"type":"Feature","properties":{"stop_id":"11079","name":"Park Rd at Rose Street, stop 29","routes":["369"],"categories":["intermediate_bus"],"route_count":1},"geometry":{"type":"Point","coordinates":[153.041929,-27.413824]}},{"type":"Feature","properties":{"stop_id":"11100","name":"Kedron Park Rd near Kent St, stop 26","routes":["369"],"categories":["intermediate_bus"],"route_count":1},"geometry":{"type":"Point","coordinates":[153.039522,-27.417683]}},{"type":"Feature","properties":{"stop_id":"11102","name":"Kedron Park Rd near Lutwyche Rd, stop 26/25","routes":["369"],"categories":["intermediate_bus"],"route_count":1},"geometry":{"type":"Point","coordinates":[153.0373,-27.415653]}},{"type":"Feature","properties":{"stop_id":"11104","name":"Lutwyche Rd at Norman Street, stop 22","routes":["338"],"categories":["intermediate_bus"],"route_count":1},"geometry":{"type":"Point","coordinates":[153.035461,-27.418369]}},{"type":"Feature","properties":{"stop_id":"11105","name":"Lutwyche Rd at Wooloowin State School, stop 22","routes":["338"],"categories":["intermediate_bus"],"route_count":1},"geometry":{"type":"Point","coordinates":[153.036587,-27.416809]}},{"type":"Feature","properties":{"stop_id":"11106","name":"Norman St near Lutwyche Rd, stop 24/25","routes":["369"],"categories":["intermediate_bus"],"route_count":1},"geometry":{"type":"Point","coordinates":[153.036226,-27.41807]}},{"type":"Feature","properties":{"stop_id":"11107","name":"Lutwyche Rd at Norman Street, stop 21","routes":["338"],"categories":["intermediate_bus"],"route_count":1},"geometry":{"type":"Point","coordinates":[153.035515,-27.418729]}},{"type":"Feature","properties":{"stop_id":"11115","name":"Junction Rd at Eagle Junction station, stop 28/1","routes":["369"],"categories":["intermediate_bus"],"route_count":1},"geometry":{"type":"Point","coordinates":[153.050168,-27.41481]}},{"type":"Feature","properties":{"stop_id":"11116","name":"Junction Rd at Eagle Junction station, stop 28","routes":["369"],"categories":["intermediate_bus"],"route_count":1},"geometry":{"type":"Point","coordinates":[153.049736,-27.414887]}},{"type":"Feature","properties":{"stop_id":"1112","name":"Vulture St at Kennedy Street, stop 11","routes":["185"],"categories":["intermediate_bus"],"route_count":1},"geometry":{"type":"Point","coordinates":[153.041444,-27.48531]}},{"type":"Feature","properties":{"stop_id":"11127","name":"Junction Rd at Stuckey Street, stop 28/2","routes":["369"],"categories":["intermediate_bus"],"route_count":1},"geometry":{"type":"Point","coordinates":[153.056063,-27.415596]}},{"type":"Feature","properties":{"stop_id":"11128","name":"Junction Rd at Stuckey Street, stop 28/2","routes":["369"],"categories":["intermediate_bus"],"route_count":1},"geometry":{"type":"Point","coordinates":[153.055988,-27.415714]}},{"type":"Feature","properties":{"stop_id":"1113","name":"Vulture St at Rosslyn Street, stop 12/15","routes":["185"],"categories":["intermediate_bus"],"route_count":1},"geometry":{"type":"Point","coordinates":[153.044137,-27.48571]}},{"type":"Feature","properties":{"stop_id":"11133","name":"Toombul Shopping Centre station, platform B","routes":["369","590"],"categories":["intermediate_bus"],"route_count":2},"geometry":{"type":"Point","coordinates":[153.060142,-27.408234]}},{"type":"Feature","properties":{"stop_id":"11134","name":"Kreutzer St near Grace St, stop 40/46","routes":["300"],"categories":["intermediate_bus"],"route_count":1},"geometry":{"type":"Point","coordinates":[153.062431,-27.407973]}},{"type":"Feature","properties":{"stop_id":"11137","name":"Toombul Shopping Centre station, platform C","routes":["300"],"categories":["intermediate_bus"],"route_count":1},"geometry":{"type":"Point","coordinates":[153.060179,-27.40801]}},{"type":"Feature","properties":{"stop_id":"1114","name":"Vulture St at Withington Street, stop 16","routes":["185"],"categories":["intermediate_bus"],"route_count":1},"geometry":{"type":"Point","coordinates":[153.046474,-27.486066]}},{"type":"Feature","properties":{"stop_id":"11147","name":"Widdop St at Walkers Way, stop 39/45","routes":["300"],"categories":["intermediate_bus"],"route_count":1},"geometry":{"type":"Point","coordinates":[153.063538,-27.40968]}},{"type":"Feature","properties":{"stop_id":"11148","name":"Noble St at Noble - Sandgate, stop 39/45","routes":["300"],"categories":["intermediate_bus"],"route_count":1},"geometry":{"type":"Point","coordinates":[153.059919,-27.412817]}},{"type":"Feature","properties":{"stop_id":"11149","name":"Noble St near Widdop St, stop 38/44","routes":["300"],"categories":["intermediate_bus"],"route_count":1},"geometry":{"type":"Point","coordinates":[153.062209,-27.413026]}},{"type":"Feature","properties":{"stop_id":"1115","name":"Vulture St at Didsbury Street, stop 17","routes":["185"],"categories":["intermediate_bus"],"route_count":1},"geometry":{"type":"Point","coordinates":[153.048934,-27.486452]}},{"type":"Feature","properties":{"stop_id":"11150","name":"Widdop St at Noble Street, stop 38/44","routes":["300"],"categories":["intermediate_bus"],"route_count":1},"geometry":{"type":"Point","coordinates":[153.063075,-27.412664]}},{"type":"Feature","properties":{"stop_id":"11151","name":"Widdop St at Eliza Street, stop 37/43","routes":["300"],"categories":["intermediate_bus"],"route_count":1},"geometry":{"type":"Point","coordinates":[153.062867,-27.414608]}},{"type":"Feature","properties":{"stop_id":"11152","name":"Widdop St at Eliza Street, stop 37/43","routes":["300"],"categories":["intermediate_bus"],"route_count":1},"geometry":{"type":"Point","coordinates":[153.06274,-27.414631]}},{"type":"Feature","properties":{"stop_id":"11153","name":"Gellibrand St near Zillman Rd, stop 36/4","routes":["300"],"categories":["intermediate_bus"],"route_count":1},"geometry":{"type":"Point","coordinates":[153.063614,-27.415505]}},{"type":"Feature","properties":{"stop_id":"11157","name":"Sandgate Rd at Eliza Street, stop 30","routes":["369"],"categories":["intermediate_bus"],"route_count":1},"geometry":{"type":"Point","coordinates":[153.058598,-27.414125]}},{"type":"Feature","properties":{"stop_id":"1116","name":"Stanley St E at Didsbury Street, stop 17","routes":["185"],"categories":["intermediate_bus"],"route_count":1},"geometry":{"type":"Point","coordinates":[153.047128,-27.4883]}},{"type":"Feature","properties":{"stop_id":"11161","name":"Sandgate Rd at Noble Street, stop 31","routes":["300"],"categories":["intermediate_bus"],"route_count":1},"geometry":{"type":"Point","coordinates":[153.059019,-27.412531]}},{"type":"Feature","properties":{"stop_id":"11162","name":"Sandgate Rd at Eliza Street, stop 30","routes":["369"],"categories":["intermediate_bus"],"route_count":1},"geometry":{"type":"Point","coordinates":[153.058834,-27.41368]}},{"type":"Feature","properties":{"stop_id":"11168","name":"Cultural Centre station, platform 2","routes":["61","M1","M2","100","120","130","140","150","180","200","222","333","555"],"categories":["high_bus"],"route_count":13},"geometry":{"type":"Point","coordinates":[153.019148,-27.473455]}},{"type":"Feature","properties":{"stop_id":"1117","name":"Stanley St E at Longlands Street, stop 16","routes":["185"],"categories":["intermediate_bus"],"route_count":1},"geometry":{"type":"Point","coordinates":[153.044587,-27.487957]}},{"type":"Feature","properties":{"stop_id":"1118","name":"Stanley St at Fisher Street, stop 15/11","routes":["185"],"categories":["intermediate_bus"],"route_count":1},"geometry":{"type":"Point","coordinates":[153.042846,-27.487669]}},{"type":"Feature","properties":{"stop_id":"1119","name":"Stanley St at Stanley Street East, stop 10","routes":["185"],"categories":["intermediate_bus"],"route_count":1},"geometry":{"type":"Point","coordinates":[153.040132,-27.487245]}},{"type":"Feature","properties":{"stop_id":"11194","name":"Gympie Rd at Cremorne Rd","routes":["333","338","340"],"categories":["high_bus","intermediate_bus"],"route_count":3},"geometry":{"type":"Point","coordinates":[153.031883,-27.405117]}},{"type":"Feature","properties":{"stop_id":"11208","name":"Lutwyche Rd at East Street, stop 19","routes":["338"],"categories":["intermediate_bus"],"route_count":1},"geometry":{"type":"Point","coordinates":[153.033476,-27.423499]}},{"type":"Feature","properties":{"stop_id":"11214","name":"Lutwyche Rd at Lutwyche, stop 20","routes":["338"],"categories":["intermediate_bus"],"route_count":1},"geometry":{"type":"Point","coordinates":[153.034024,-27.422054]}},{"type":"Feature","properties":{"stop_id":"11215","name":"Lutwyche Rd at East Street, stop 19/18","routes":["338"],"categories":["intermediate_bus"],"route_count":1},"geometry":{"type":"Point","coordinates":[153.033754,-27.423586]}},{"type":"Feature","properties":{"stop_id":"11218","name":"Roblane St at Windsor Park stop 15","routes":["338","348"],"categories":["intermediate_bus"],"route_count":2},"geometry":{"type":"Point","coordinates":[153.03255,-27.430443]}},{"type":"Feature","properties":{"stop_id":"11239","name":"Breakfast Creek Rd at Newstead House, stop 12","routes":["300"],"categories":["intermediate_bus"],"route_count":1},"geometry":{"type":"Point","coordinates":[153.044093,-27.443352]}},{"type":"Feature","properties":{"stop_id":"11269","name":"Kedron Brook station, platform 2","routes":["333","340"],"categories":["high_bus"],"route_count":2},"geometry":{"type":"Point","coordinates":[153.035297,-27.415015]}},{"type":"Feature","properties":{"stop_id":"11270","name":"Kedron Brook station, platform 1","routes":["333","340","369"],"categories":["high_bus","intermediate_bus"],"route_count":3},"geometry":{"type":"Point","coordinates":[153.035672,-27.415338]}},{"type":"Feature","properties":{"stop_id":"11271","name":"Lutwyche station, platform 2","routes":["333","340","348"],"categories":["high_bus","intermediate_bus"],"route_count":3},"geometry":{"type":"Point","coordinates":[153.034251,-27.41991]}},{"type":"Feature","properties":{"stop_id":"11272","name":"Lutwyche station, platform 1","routes":["333","340","348"],"categories":["high_bus","intermediate_bus"],"route_count":3},"geometry":{"type":"Point","coordinates":[153.034482,-27.42033]}},{"type":"Feature","properties":{"stop_id":"1128","name":"Gray Rd at Yumba, stop 15","routes":["199"],"categories":["high_bus"],"route_count":1},"geometry":{"type":"Point","coordinates":[153.0035,-27.487901]}},{"type":"Feature","properties":{"stop_id":"1129","name":"Hoogley St at Yumba, stop 14","routes":["199"],"categories":["high_bus"],"route_count":1},"geometry":{"type":"Point","coordinates":[153.003826,-27.488238]}},{"type":"Feature","properties":{"stop_id":"11297","name":"Handford Rd at Liberty Dr","routes":["330"],"categories":["high_bus"],"route_count":1},"geometry":{"type":"Point","coordinates":[153.040118,-27.348382]}},{"type":"Feature","properties":{"stop_id":"1132","name":"Orleigh St at West End Ferry, stop 15","routes":["199"],"categories":["high_bus"],"route_count":1},"geometry":{"type":"Point","coordinates":[153.002362,-27.489805]}},{"type":"Feature","properties":{"stop_id":"11323","name":"Handford Rd at Liberty Dr","routes":["330"],"categories":["high_bus"],"route_count":1},"geometry":{"type":"Point","coordinates":[153.040325,-27.348514]}},{"type":"Feature","properties":{"stop_id":"11328","name":"Toombul Interchange","routes":["300","369","590"],"categories":["intermediate_bus"],"route_count":3},"geometry":{"type":"Point","coordinates":[153.060115,-27.408265]}},{"type":"Feature","properties":{"stop_id":"1133","name":"Morry St near Cordeaux St, stop 15a","routes":["199"],"categories":["high_bus"],"route_count":1},"geometry":{"type":"Point","coordinates":[153.002078,-27.489319]}},{"type":"Feature","properties":{"stop_id":"1134","name":"Hoogley St at Leitch Lane, stop 13/19","routes":["199"],"categories":["high_bus"],"route_count":1},"geometry":{"type":"Point","coordinates":[153.004,-27.48672]}},{"type":"Feature","properties":{"stop_id":"11342","name":"Illaweena St at Waterstone","routes":["130"],"categories":["high_bus"],"route_count":1},"geometry":{"type":"Point","coordinates":[153.052569,-27.639367]}},{"type":"Feature","properties":{"stop_id":"11343","name":"Illaweena St at Stretton Gardens","routes":["130"],"categories":["high_bus"],"route_count":1},"geometry":{"type":"Point","coordinates":[153.055644,-27.64008]}},{"type":"Feature","properties":{"stop_id":"1135","name":"Ganges St near Hoogley St, stop 13","routes":["199"],"categories":["high_bus"],"route_count":1},"geometry":{"type":"Point","coordinates":[153.004747,-27.486713]}},{"type":"Feature","properties":{"stop_id":"1136","name":"Hardgrave Rd at Hill End, stop 12","routes":["199"],"categories":["high_bus"],"route_count":1},"geometry":{"type":"Point","coordinates":[153.006176,-27.48618]}},{"type":"Feature","properties":{"stop_id":"1137","name":"Hardgrave Rd at Whynot St, stop 11","routes":["199"],"categories":["high_bus"],"route_count":1},"geometry":{"type":"Point","coordinates":[153.006549,-27.484226]}},{"type":"Feature","properties":{"stop_id":"1138","name":"Hardgrave Rd at Rialto, stop 10","routes":["199"],"categories":["high_bus"],"route_count":1},"geometry":{"type":"Point","coordinates":[153.006815,-27.482846]}},{"type":"Feature","properties":{"stop_id":"1139","name":"Hardgrave Rd at Rialto, stop 10","routes":["199"],"categories":["high_bus"],"route_count":1},"geometry":{"type":"Point","coordinates":[153.006994,-27.482659]}},{"type":"Feature","properties":{"stop_id":"1140","name":"Hardgrave Rd at Whynot St, stop 11","routes":["199"],"categories":["high_bus"],"route_count":1},"geometry":{"type":"Point","coordinates":[153.006724,-27.484067]}},{"type":"Feature","properties":{"stop_id":"11408","name":"Eight Mile Plains station, platform 2","routes":["M1"],"categories":["high_bus"],"route_count":1},"geometry":{"type":"Point","coordinates":[153.102083,-27.578725]}},{"type":"Feature","properties":{"stop_id":"1141","name":"Hardgrave Rd at Hill End, stop 12","routes":["199"],"categories":["high_bus"],"route_count":1},"geometry":{"type":"Point","coordinates":[153.006294,-27.486335]}},{"type":"Feature","properties":{"stop_id":"11501","name":"UQ Lakes stop A","routes":["M2"],"categories":["high_bus"],"route_count":1},"geometry":{"type":"Point","coordinates":[153.018234,-27.497753]}},{"type":"Feature","properties":{"stop_id":"11503","name":"UQ Lakes stop C","routes":["169"],"categories":["intermediate_bus"],"route_count":1},"geometry":{"type":"Point","coordinates":[153.01769,-27.49803]}},{"type":"Feature","properties":{"stop_id":"1153","name":"West End Cityglider terminus","routes":["60"],"categories":["high_bus"],"route_count":1},"geometry":{"type":"Point","coordinates":[153.002692,-27.489804]}},{"type":"Feature","properties":{"stop_id":"1159","name":"Gladstone Rd at Morris Street, stop 10","routes":["196"],"categories":["high_bus"],"route_count":1},"geometry":{"type":"Point","coordinates":[153.019547,-27.485228]}},{"type":"Feature","properties":{"stop_id":"1161","name":"Gladstone Rd at Dorchester Street, stop 8","routes":["196"],"categories":["high_bus"],"route_count":1},"geometry":{"type":"Point","coordinates":[153.019604,-27.482903]}},{"type":"Feature","properties":{"stop_id":"1162","name":"Gladstone Rd at Morris Street, stop 10","routes":["196"],"categories":["high_bus"],"route_count":1},"geometry":{"type":"Point","coordinates":[153.019848,-27.485244]}},{"type":"Feature","properties":{"stop_id":"1163","name":"Gladstone Rd at Dornoch Terrace, stop 11","routes":["196"],"categories":["high_bus"],"route_count":1},"geometry":{"type":"Point","coordinates":[153.018769,-27.488379]}},{"type":"Feature","properties":{"stop_id":"1164","name":"Gladstone Rd at Dornoch Terrace, stop 11","routes":["196"],"categories":["high_bus"],"route_count":1},"geometry":{"type":"Point","coordinates":[153.018507,-27.488433]}},{"type":"Feature","properties":{"stop_id":"1167","name":"Gladstone Rd at Ampthill Street, stop 13","routes":["196"],"categories":["high_bus"],"route_count":1},"geometry":{"type":"Point","coordinates":[153.019454,-27.491075]}},{"type":"Feature","properties":{"stop_id":"1168","name":"Gladstone Rd at Ampthill Street, stop 13","routes":["196"],"categories":["high_bus"],"route_count":1},"geometry":{"type":"Point","coordinates":[153.019298,-27.491125]}},{"type":"Feature","properties":{"stop_id":"1169","name":"Gladstone Rd at Wahcumba Street, stop 14","routes":["196"],"categories":["high_bus"],"route_count":1},"geometry":{"type":"Point","coordinates":[153.022051,-27.493381]}},{"type":"Feature","properties":{"stop_id":"1170","name":"Gladstone Rd at Wahcumba Street, stop 14","routes":["196"],"categories":["high_bus"],"route_count":1},"geometry":{"type":"Point","coordinates":[153.021907,-27.493429]}},{"type":"Feature","properties":{"stop_id":"1171","name":"Gladstone Rd at Pope Street, stop 15","routes":["196"],"categories":["high_bus"],"route_count":1},"geometry":{"type":"Point","coordinates":[153.023035,-27.494157]}},{"type":"Feature","properties":{"stop_id":"1172","name":"Gladstone Rd at Pope Street, stop 15","routes":["196"],"categories":["high_bus"],"route_count":1},"geometry":{"type":"Point","coordinates":[153.023243,-27.494401]}},{"type":"Feature","properties":{"stop_id":"1174","name":"Gladstone Rd at Dutton Park, stop 16","routes":["196"],"categories":["high_bus"],"route_count":1},"geometry":{"type":"Point","coordinates":[153.025973,-27.496189]}},{"type":"Feature","properties":{"stop_id":"1175","name":"Gladstone Rd at Dutton Park, stop 16","routes":["196"],"categories":["high_bus"],"route_count":1},"geometry":{"type":"Point","coordinates":[153.024955,-27.495464]}},{"type":"Feature","properties":{"stop_id":"1176","name":"TJ Doyle Memorial Park Dr at Gair Park, stop 17","routes":["196"],"categories":["high_bus"],"route_count":1},"geometry":{"type":"Point","coordinates":[153.027105,-27.496976]}},{"type":"Feature","properties":{"stop_id":"1178","name":"Gladstone Rd at Gair Park, stop 17","routes":["196"],"categories":["high_bus"],"route_count":1},"geometry":{"type":"Point","coordinates":[153.026935,-27.497122]}},{"type":"Feature","properties":{"stop_id":"1179","name":"Annerley Rd at Cemetery, stop 18/12","routes":["19","196"],"categories":["high_bus","intermediate_bus"],"route_count":2},"geometry":{"type":"Point","coordinates":[153.02789,-27.498456]}},{"type":"Feature","properties":{"stop_id":"118","name":"George Street Stop 118 near Turbot St","routes":["375"],"categories":["intermediate_bus"],"route_count":1},"geometry":{"type":"Point","coordinates":[153.021461,-27.468909]}},{"type":"Feature","properties":{"stop_id":"1180","name":"Annerley Rd at Cemetery, stop 13/18","routes":["19","196"],"categories":["high_bus","intermediate_bus"],"route_count":2},"geometry":{"type":"Point","coordinates":[153.027688,-27.498767]}},{"type":"Feature","properties":{"stop_id":"12070","name":"Blunder Rd at Glenala Rd, stop 71a","routes":["100"],"categories":["high_bus"],"route_count":1},"geometry":{"type":"Point","coordinates":[152.984206,-27.584902]}},{"type":"Feature","properties":{"stop_id":"121","name":"Roma Street Stop 121 at Police HQ","routes":["375"],"categories":["intermediate_bus"],"route_count":1},"geometry":{"type":"Point","coordinates":[153.018427,-27.466533]}},{"type":"Feature","properties":{"stop_id":"12103","name":"Commercial Rd near Vernon Tce","routes":["199"],"categories":["high_bus"],"route_count":1},"geometry":{"type":"Point","coordinates":[153.047961,-27.453094]}},{"type":"Feature","properties":{"stop_id":"12111","name":"Cultural Centre station, platform 3","routes":["60","196","199","300","444"],"categories":["high_bus","intermediate_bus"],"route_count":5},"geometry":{"type":"Point","coordinates":[153.017901,-27.474196]}},{"type":"Feature","properties":{"stop_id":"125","name":"Roma Street Stop 125 at Transit Centre","routes":["375","412"],"categories":["high_bus","intermediate_bus"],"route_count":2},"geometry":{"type":"Point","coordinates":[153.018346,-27.46638]}},{"type":"Feature","properties":{"stop_id":"13030","name":"Luprena St at Mansfield North near Amoria St","routes":["180"],"categories":["high_bus"],"route_count":1},"geometry":{"type":"Point","coordinates":[153.102507,-27.534584]}},{"type":"Feature","properties":{"stop_id":"13038","name":"Forest Lake Bvd at Forest Lake, stop A","routes":["100"],"categories":["high_bus"],"route_count":1},"geometry":{"type":"Point","coordinates":[152.965111,-27.617716]}},{"type":"Feature","properties":{"stop_id":"13043","name":"Inala station, platform A","routes":["100"],"categories":["high_bus"],"route_count":1},"geometry":{"type":"Point","coordinates":[152.974951,-27.598802]}},{"type":"Feature","properties":{"stop_id":"13044","name":"Inala station, platform B","routes":["100"],"categories":["high_bus"],"route_count":1},"geometry":{"type":"Point","coordinates":[152.974885,-27.598964]}},{"type":"Feature","properties":{"stop_id":"13047","name":"Partridge St near Tang St","routes":["100"],"categories":["high_bus"],"route_count":1},"geometry":{"type":"Point","coordinates":[152.971421,-27.606033]}},{"type":"Feature","properties":{"stop_id":"13048","name":"Pioneer Cr at Pioneer East","routes":["444"],"categories":["high_bus"],"route_count":1},"geometry":{"type":"Point","coordinates":[152.872281,-27.562617]}},{"type":"Feature","properties":{"stop_id":"13049","name":"Pioneer Cr at Pioneer West","routes":["444"],"categories":["high_bus"],"route_count":1},"geometry":{"type":"Point","coordinates":[152.867087,-27.560923]}},{"type":"Feature","properties":{"stop_id":"13057","name":"Grand Plaza Shopping Centre (Sth Car Park)","routes":["140","150"],"categories":["high_bus"],"route_count":2},"geometry":{"type":"Point","coordinates":[153.03812,-27.664153]}},{"type":"Feature","properties":{"stop_id":"13058","name":"Green St at Yeerongpilly station, stop 30","routes":["19"],"categories":["intermediate_bus"],"route_count":1},"geometry":{"type":"Point","coordinates":[153.014887,-27.525121]}},{"type":"Feature","properties":{"stop_id":"131","name":"Wickham Terrace at Chancellor Stop 131","routes":["30"],"categories":["intermediate_bus"],"route_count":1},"geometry":{"type":"Point","coordinates":[153.020934,-27.463285]}},{"type":"Feature","properties":{"stop_id":"13129","name":"Browns Plains station, stop 3A","routes":["140"],"categories":["high_bus"],"route_count":1},"geometry":{"type":"Point","coordinates":[153.041018,-27.661033]}},{"type":"Feature","properties":{"stop_id":"13130","name":"Browns Plains station, stop 3B","routes":["150"],"categories":["high_bus"],"route_count":1},"geometry":{"type":"Point","coordinates":[153.041536,-27.661118]}},{"type":"Feature","properties":{"stop_id":"13175","name":"Browns Plains station","routes":["150"],"categories":["high_bus"],"route_count":1},"geometry":{"type":"Point","coordinates":[153.041323,-27.661104]}},{"type":"Feature","properties":{"stop_id":"132","name":"Wickham Terrace Stop 132 near Albert St","routes":["30"],"categories":["intermediate_bus"],"route_count":1},"geometry":{"type":"Point","coordinates":[153.021096,-27.46456]}},{"type":"Feature","properties":{"stop_id":"1328","name":"Montague Rd at Raven Street, stop 12","routes":["60"],"categories":["high_bus"],"route_count":1},"geometry":{"type":"Point","coordinates":[153.001428,-27.486081]}},{"type":"Feature","properties":{"stop_id":"1329","name":"Montague Rd at Raven Street, stop 12","routes":["60"],"categories":["high_bus"],"route_count":1},"geometry":{"type":"Point","coordinates":[153.001487,-27.48628]}},{"type":"Feature","properties":{"stop_id":"133","name":"Wickham Terrace Stop 133 at Brisbane Private Hospital","routes":["30"],"categories":["intermediate_bus"],"route_count":1},"geometry":{"type":"Point","coordinates":[153.022451,-27.465352]}},{"type":"Feature","properties":{"stop_id":"1332","name":"Latrobe Tce at Gilday Street, stop 12","routes":["61","375"],"categories":["high_bus","intermediate_bus"],"route_count":2},"geometry":{"type":"Point","coordinates":[152.992833,-27.459346]}},{"type":"Feature","properties":{"stop_id":"1333","name":"Latrobe Tce at Perrott Street , stop 13","routes":["375"],"categories":["intermediate_bus"],"route_count":1},"geometry":{"type":"Point","coordinates":[152.990668,-27.459696]}},{"type":"Feature","properties":{"stop_id":"1334","name":"Latrobe Tce at Perrott Street, stop 13","routes":["375"],"categories":["intermediate_bus"],"route_count":1},"geometry":{"type":"Point","coordinates":[152.990979,-27.459658]}},{"type":"Feature","properties":{"stop_id":"1336","name":"Latrobe Tce at Gilday Street, stop 12","routes":["61","375"],"categories":["high_bus","intermediate_bus"],"route_count":2},"geometry":{"type":"Point","coordinates":[152.993397,-27.459042]}},{"type":"Feature","properties":{"stop_id":"1337","name":"Latrobe Tce at Trammies Corner, stop 11","routes":["375"],"categories":["intermediate_bus"],"route_count":1},"geometry":{"type":"Point","coordinates":[152.995067,-27.458323]}},{"type":"Feature","properties":{"stop_id":"1338","name":"Latrobe Tce at Paddington Central, stop 10","routes":["61","375","385"],"categories":["high_bus","intermediate_bus"],"route_count":3},"geometry":{"type":"Point","coordinates":[152.998149,-27.459135]}},{"type":"Feature","properties":{"stop_id":"134","name":"Wickham Tce at Windmill stop 134","routes":["30"],"categories":["intermediate_bus"],"route_count":1},"geometry":{"type":"Point","coordinates":[153.02333,-27.465598]}},{"type":"Feature","properties":{"stop_id":"1341","name":"Latrobe Tce at Trammies Corner, stop 11","routes":["375"],"categories":["intermediate_bus"],"route_count":1},"geometry":{"type":"Point","coordinates":[152.99495,-27.458437]}},{"type":"Feature","properties":{"stop_id":"135","name":"Upper Edward Street Stop 135 near Wickham Tce","routes":["30"],"categories":["intermediate_bus"],"route_count":1},"geometry":{"type":"Point","coordinates":[153.024786,-27.46439]}},{"type":"Feature","properties":{"stop_id":"1354","name":"MacGregor Tce near Tooth Ave, stop 14","routes":["375"],"categories":["intermediate_bus"],"route_count":1},"geometry":{"type":"Point","coordinates":[152.988274,-27.458992]}},{"type":"Feature","properties":{"stop_id":"1356","name":"MacGregor St at Tooth Ave, stop 14","routes":["375"],"categories":["intermediate_bus"],"route_count":1},"geometry":{"type":"Point","coordinates":[152.988136,-27.458537]}},{"type":"Feature","properties":{"stop_id":"1357","name":"MacGregor Tce at Bardon, stop 15","routes":["61","375","385"],"categories":["high_bus","intermediate_bus"],"route_count":3},"geometry":{"type":"Point","coordinates":[152.986977,-27.458036]}},{"type":"Feature","properties":{"stop_id":"1358","name":"MacGregor Tce at Bardon","routes":["61"],"categories":["high_bus"],"route_count":1},"geometry":{"type":"Point","coordinates":[152.986817,-27.458126]}},{"type":"Feature","properties":{"stop_id":"1360","name":"Simpsons Rd at Bardon, stop 16a","routes":["375"],"categories":["intermediate_bus"],"route_count":1},"geometry":{"type":"Point","coordinates":[152.98529,-27.458414]}},{"type":"Feature","properties":{"stop_id":"1361","name":"Simpsons Rd at Bardon, stop 16","routes":["375"],"categories":["intermediate_bus"],"route_count":1},"geometry":{"type":"Point","coordinates":[152.985252,-27.458217]}},{"type":"Feature","properties":{"stop_id":"1362","name":"Simpsons Rd at Greer Street, stop 16","routes":["375"],"categories":["intermediate_bus"],"route_count":1},"geometry":{"type":"Point","coordinates":[152.984458,-27.459221]}},{"type":"Feature","properties":{"stop_id":"1363","name":"Simpsons Rd at Greer Street, stop 17a","routes":["375"],"categories":["intermediate_bus"],"route_count":1},"geometry":{"type":"Point","coordinates":[152.982857,-27.459815]}},{"type":"Feature","properties":{"stop_id":"1364","name":"Simpsons Rd at The Drive, stop 17","routes":["375"],"categories":["intermediate_bus"],"route_count":1},"geometry":{"type":"Point","coordinates":[152.982578,-27.460568]}},{"type":"Feature","properties":{"stop_id":"1365","name":"Simpsons Rd at The Drive, stop 17","routes":["375"],"categories":["intermediate_bus"],"route_count":1},"geometry":{"type":"Point","coordinates":[152.982217,-27.461197]}},{"type":"Feature","properties":{"stop_id":"138","name":"Roma Street Stop 138 near Ann St","routes":["412"],"categories":["high_bus"],"route_count":1},"geometry":{"type":"Point","coordinates":[153.023155,-27.46799]}},{"type":"Feature","properties":{"stop_id":"14","name":"Ann Street Stop 12 at City Hall","routes":["375","390"],"categories":["intermediate_bus"],"route_count":2},"geometry":{"type":"Point","coordinates":[153.023057,-27.468761]}},{"type":"Feature","properties":{"stop_id":"141","name":"Edward Street Stop 141 near Ann St","routes":["30"],"categories":["intermediate_bus"],"route_count":1},"geometry":{"type":"Point","coordinates":[153.0252,-27.466432]}},{"type":"Feature","properties":{"stop_id":"1434","name":"Jubilee Tce near Effie St","routes":["61"],"categories":["high_bus"],"route_count":1},"geometry":{"type":"Point","coordinates":[152.988472,-27.452989]}},{"type":"Feature","properties":{"stop_id":"1435","name":"Jubilee Tce near Effie St","routes":["61"],"categories":["high_bus"],"route_count":1},"geometry":{"type":"Point","coordinates":[152.988232,-27.453522]}},{"type":"Feature","properties":{"stop_id":"1439","name":"Simpsons Rd at Bardon Treetops, stop 22a","routes":["375"],"categories":["intermediate_bus"],"route_count":1},"geometry":{"type":"Point","coordinates":[152.970674,-27.461311]}},{"type":"Feature","properties":{"stop_id":"1440","name":"Simpsons Rd at Bardon Treetops, stop 22a","routes":["375"],"categories":["intermediate_bus"],"route_count":1},"geometry":{"type":"Point","coordinates":[152.970707,-27.461379]}},{"type":"Feature","properties":{"stop_id":"1442","name":"Simpsons Rd at Bardon School, stop 21","routes":["375"],"categories":["intermediate_bus"],"route_count":1},"geometry":{"type":"Point","coordinates":[152.972513,-27.459427]}},{"type":"Feature","properties":{"stop_id":"1443","name":"Simpsons Rd at Bardon School, stop 21","routes":["375"],"categories":["intermediate_bus"],"route_count":1},"geometry":{"type":"Point","coordinates":[152.972352,-27.45971]}},{"type":"Feature","properties":{"stop_id":"1444","name":"Simpsons Rd at Bowman Park, stop 20","routes":["375"],"categories":["intermediate_bus"],"route_count":1},"geometry":{"type":"Point","coordinates":[152.976316,-27.459386]}},{"type":"Feature","properties":{"stop_id":"1445","name":"Simpsons Rd at Bowman Park, stop 20","routes":["375"],"categories":["intermediate_bus"],"route_count":1},"geometry":{"type":"Point","coordinates":[152.976475,-27.459283]}},{"type":"Feature","properties":{"stop_id":"1447","name":"Chiswick Rd at Chiswick Road West, stop 19","routes":["375"],"categories":["intermediate_bus"],"route_count":1},"geometry":{"type":"Point","coordinates":[152.978403,-27.459584]}},{"type":"Feature","properties":{"stop_id":"1448","name":"Chiswick Rd at Chiswick Road West, stop 19","routes":["375"],"categories":["intermediate_bus"],"route_count":1},"geometry":{"type":"Point","coordinates":[152.979221,-27.459939]}},{"type":"Feature","properties":{"stop_id":"1456","name":"Coopers Camp Rd at Coopers Camp Road, stop 29","routes":["385"],"categories":["high_bus"],"route_count":1},"geometry":{"type":"Point","coordinates":[152.979963,-27.452595]}},{"type":"Feature","properties":{"stop_id":"1457","name":"Coopers Camp Rd at Coopers Camp Road, stop 29","routes":["385"],"categories":["high_bus"],"route_count":1},"geometry":{"type":"Point","coordinates":[152.980093,-27.452531]}},{"type":"Feature","properties":{"stop_id":"1497","name":"Coopers Camp Rd at West Ashgrove, stop 24","routes":["385"],"categories":["high_bus"],"route_count":1},"geometry":{"type":"Point","coordinates":[152.977338,-27.448847]}},{"type":"Feature","properties":{"stop_id":"1498","name":"Coopers Camp Rd at West Ashgrove","routes":["385"],"categories":["high_bus"],"route_count":1},"geometry":{"type":"Point","coordinates":[152.977294,-27.449487]}},{"type":"Feature","properties":{"stop_id":"15002","name":"Waterworks Rd at Hilder Road, stop 46","routes":["385"],"categories":["high_bus"],"route_count":1},"geometry":{"type":"Point","coordinates":[152.938795,-27.44218]}},{"type":"Feature","properties":{"stop_id":"15003","name":"Waterworks Rd at Hilder Rd, stop 46","routes":["385"],"categories":["high_bus"],"route_count":1},"geometry":{"type":"Point","coordinates":[152.938695,-27.442005]}},{"type":"Feature","properties":{"stop_id":"152","name":"Eagle Street Stop 152 at Riverside Centre","routes":["125","175","185","204"],"categories":["intermediate_bus"],"route_count":4},"geometry":{"type":"Point","coordinates":[153.030039,-27.467282]}},{"type":"Feature","properties":{"stop_id":"156","name":"Wharf Street Stop 156 near Ann St","routes":["375"],"categories":["intermediate_bus"],"route_count":1},"geometry":{"type":"Point","coordinates":[153.028981,-27.464472]}},{"type":"Feature","properties":{"stop_id":"15753","name":"Mains Rd at Altandi, stop 68","routes":["130","140"],"categories":["high_bus"],"route_count":2},"geometry":{"type":"Point","coordinates":[153.062117,-27.582837]}},{"type":"Feature","properties":{"stop_id":"15764","name":"Mains Rd at Altandi, stop 68","routes":["130","140"],"categories":["high_bus"],"route_count":2},"geometry":{"type":"Point","coordinates":[153.062074,-27.581806]}},{"type":"Feature","properties":{"stop_id":"158","name":"Wickham Terrace Stop 158 Stand A near Turbot St","routes":["375"],"categories":["intermediate_bus"],"route_count":1},"geometry":{"type":"Point","coordinates":[153.027851,-27.464418]}},{"type":"Feature","properties":{"stop_id":"1584","name":"Moggill Rd at Chapel Hill, stop 28","routes":["444"],"categories":["high_bus"],"route_count":1},"geometry":{"type":"Point","coordinates":[152.961039,-27.505273]}},{"type":"Feature","properties":{"stop_id":"1586","name":"Moggill Rd at Alkira, stop 30","routes":["444"],"categories":["high_bus"],"route_count":1},"geometry":{"type":"Point","coordinates":[152.957314,-27.507831]}},{"type":"Feature","properties":{"stop_id":"1589","name":"Moggill Rd at Alkira, stop 30","routes":["444"],"categories":["high_bus"],"route_count":1},"geometry":{"type":"Point","coordinates":[152.956476,-27.507658]}},{"type":"Feature","properties":{"stop_id":"1591","name":"Moggill Rd at Chapel Hill, stop 28","routes":["444"],"categories":["high_bus"],"route_count":1},"geometry":{"type":"Point","coordinates":[152.96077,-27.505067]}},{"type":"Feature","properties":{"stop_id":"1592","name":"Moggill Rd at Indooroopilly School, stop 16","routes":["444"],"categories":["high_bus"],"route_count":1},"geometry":{"type":"Point","coordinates":[152.966678,-27.500103]}},{"type":"Feature","properties":{"stop_id":"1593","name":"Moggill Rd at Indooroopilly School, stop 27","routes":["444"],"categories":["high_bus"],"route_count":1},"geometry":{"type":"Point","coordinates":[152.967,-27.500292]}},{"type":"Feature","properties":{"stop_id":"1608","name":"Kingfisher Creek at Railway St","routes":["200"],"categories":["high_bus"],"route_count":1},"geometry":{"type":"Point","coordinates":[153.044381,-27.492281]}},{"type":"Feature","properties":{"stop_id":"1609","name":"Kingfisher Creek near Norman St","routes":["200"],"categories":["high_bus"],"route_count":1},"geometry":{"type":"Point","coordinates":[153.044236,-27.492124]}},{"type":"Feature","properties":{"stop_id":"1610","name":"Metroplex South","routes":["590"],"categories":["intermediate_bus"],"route_count":1},"geometry":{"type":"Point","coordinates":[153.098922,-27.454793]}},{"type":"Feature","properties":{"stop_id":"1642","name":"Creek Rd near Miller St","routes":["590"],"categories":["intermediate_bus"],"route_count":1},"geometry":{"type":"Point","coordinates":[153.098069,-27.46024]}},{"type":"Feature","properties":{"stop_id":"1643","name":"Creek Rd near Miller St","routes":["590"],"categories":["intermediate_bus"],"route_count":1},"geometry":{"type":"Point","coordinates":[153.097882,-27.460108]}},{"type":"Feature","properties":{"stop_id":"16507","name":"Garden City Shopping Centre station, stop I","routes":["590"],"categories":["intermediate_bus"],"route_count":1},"geometry":{"type":"Point","coordinates":[153.081105,-27.563766]}},{"type":"Feature","properties":{"stop_id":"16508","name":"Garden City Shopping Centre station, stop H","routes":["180"],"categories":["high_bus"],"route_count":1},"geometry":{"type":"Point","coordinates":[153.080901,-27.563633]}},{"type":"Feature","properties":{"stop_id":"16509","name":"Garden City Shopping Centre station, stop G","routes":["185"],"categories":["intermediate_bus"],"route_count":1},"geometry":{"type":"Point","coordinates":[153.080637,-27.563462]}},{"type":"Feature","properties":{"stop_id":"16512","name":"Garden City Shopping Centre station, stop D","routes":["120"],"categories":["high_bus"],"route_count":1},"geometry":{"type":"Point","coordinates":[153.080981,-27.563535]}},{"type":"Feature","properties":{"stop_id":"16513","name":"Garden City Shopping Centre station, stop C","routes":["175"],"categories":["intermediate_bus"],"route_count":1},"geometry":{"type":"Point","coordinates":[153.08071,-27.563365]}},{"type":"Feature","properties":{"stop_id":"172","name":"Boundary St Stop 172 at St Andrews","routes":["30"],"categories":["intermediate_bus"],"route_count":1},"geometry":{"type":"Point","coordinates":[153.022053,-27.460558]}},{"type":"Feature","properties":{"stop_id":"1743","name":"Walker St at Taringa, stop 19","routes":["444"],"categories":["high_bus"],"route_count":1},"geometry":{"type":"Point","coordinates":[152.977631,-27.492595]}},{"type":"Feature","properties":{"stop_id":"1747","name":"Moggill Rd at BBC, stop 16","routes":["444"],"categories":["high_bus"],"route_count":1},"geometry":{"type":"Point","coordinates":[152.987746,-27.489381]}},{"type":"Feature","properties":{"stop_id":"1748","name":"Moggill Rd at BBC, stop 16","routes":["444"],"categories":["high_bus"],"route_count":1},"geometry":{"type":"Point","coordinates":[152.985737,-27.49067]}},{"type":"Feature","properties":{"stop_id":"1754","name":"Moggill Rd at Taringa, stop 19","routes":["444"],"categories":["high_bus"],"route_count":1},"geometry":{"type":"Point","coordinates":[152.97914,-27.492934]}},{"type":"Feature","properties":{"stop_id":"178","name":"Leichhardt Street Stop 178 near Little Edward St","routes":["30"],"categories":["intermediate_bus"],"route_count":1},"geometry":{"type":"Point","coordinates":[153.024293,-27.461486]}},{"type":"Feature","properties":{"stop_id":"1797","name":"UQ Chancellor's Place, zone D","routes":["412"],"categories":["high_bus"],"route_count":1},"geometry":{"type":"Point","coordinates":[153.011139,-27.497974]}},{"type":"Feature","properties":{"stop_id":"18","name":"Adelaide Street Stop 18 at City Hall","routes":["300","555"],"categories":["high_bus","intermediate_bus"],"route_count":2},"geometry":{"type":"Point","coordinates":[153.023218,-27.469777]}},{"type":"Feature","properties":{"stop_id":"1802","name":"UQ Chancellor's Place, zone E","routes":["412"],"categories":["high_bus"],"route_count":1},"geometry":{"type":"Point","coordinates":[153.01117,-27.497798]}},{"type":"Feature","properties":{"stop_id":"1803","name":"Coldridge St at Field Street, stop 23","routes":["412"],"categories":["high_bus"],"route_count":1},"geometry":{"type":"Point","coordinates":[153.00632,-27.494703]}},{"type":"Feature","properties":{"stop_id":"1804","name":"Coldridge St at Field Street, stop 23","routes":["412"],"categories":["high_bus"],"route_count":1},"geometry":{"type":"Point","coordinates":[153.006123,-27.494435]}},{"type":"Feature","properties":{"stop_id":"1805","name":"Coldridge St near Carmody Rd, stop 23a","routes":["412"],"categories":["high_bus"],"route_count":1},"geometry":{"type":"Point","coordinates":[153.006804,-27.497482]}},{"type":"Feature","properties":{"stop_id":"18055","name":"Dutton Park Place","routes":["169"],"categories":["intermediate_bus"],"route_count":1},"geometry":{"type":"Point","coordinates":[153.024777,-27.497983]}},{"type":"Feature","properties":{"stop_id":"18056","name":"Dutton Park Place","routes":["169"],"categories":["intermediate_bus"],"route_count":1},"geometry":{"type":"Point","coordinates":[153.024484,-27.498096]}},{"type":"Feature","properties":{"stop_id":"1806","name":"Coldridge St near Carmody Rd, stop 23a","routes":["412"],"categories":["high_bus"],"route_count":1},"geometry":{"type":"Point","coordinates":[153.006601,-27.497651]}},{"type":"Feature","properties":{"stop_id":"1815","name":"Boomerang Rd W at St Lucia South near Hawken Dr","routes":["412"],"categories":["high_bus"],"route_count":1},"geometry":{"type":"Point","coordinates":[153.006885,-27.501517]}},{"type":"Feature","properties":{"stop_id":"1841","name":"Sir Fred Schonell Dr at Gailey Road, stop 17","routes":["412"],"categories":["high_bus"],"route_count":1},"geometry":{"type":"Point","coordinates":[152.994967,-27.492397]}},{"type":"Feature","properties":{"stop_id":"1842","name":"Sir Fred Schonell Dr at Gailey Road, stop 17","routes":["412"],"categories":["high_bus"],"route_count":1},"geometry":{"type":"Point","coordinates":[152.994705,-27.492398]}},{"type":"Feature","properties":{"stop_id":"1845","name":"Sir Fred Schonell Dr at St Lucia West, stop 19","routes":["412"],"categories":["high_bus"],"route_count":1},"geometry":{"type":"Point","coordinates":[152.997579,-27.493802]}},{"type":"Feature","properties":{"stop_id":"1846","name":"Sir Fred Schonell Dr at St Lucia West, stop 19","routes":["412"],"categories":["high_bus"],"route_count":1},"geometry":{"type":"Point","coordinates":[152.997587,-27.493953]}},{"type":"Feature","properties":{"stop_id":"1849","name":"Sir Fred Schonell Dr at St Lucia Ferry, stop 21","routes":["412"],"categories":["high_bus"],"route_count":1},"geometry":{"type":"Point","coordinates":[153.003065,-27.494233]}},{"type":"Feature","properties":{"stop_id":"1850","name":"Sir Fred Schonell Dr at St Lucia Ferry, stop 21","routes":["412"],"categories":["high_bus"],"route_count":1},"geometry":{"type":"Point","coordinates":[153.003118,-27.494352]}},{"type":"Feature","properties":{"stop_id":"1882","name":"UQ Lakes station","routes":["M2","169"],"categories":["high_bus","intermediate_bus"],"route_count":2},"geometry":{"type":"Point","coordinates":[153.018077,-27.49805]}},{"type":"Feature","properties":{"stop_id":"1886","name":"High St at Toowong, stop 14 (temp relocation)","routes":["444"],"categories":["high_bus"],"route_count":1},"geometry":{"type":"Point","coordinates":[152.990815,-27.487108]}},{"type":"Feature","properties":{"stop_id":"1889","name":"High St at Toowong, stop 14A","routes":["444"],"categories":["high_bus"],"route_count":1},"geometry":{"type":"Point","coordinates":[152.991665,-27.486728]}},{"type":"Feature","properties":{"stop_id":"1890","name":"Benson St at Toowong, stop 14","routes":["412"],"categories":["high_bus"],"route_count":1},"geometry":{"type":"Point","coordinates":[152.992981,-27.486615]}},{"type":"Feature","properties":{"stop_id":"1894","name":"Benson St at Toowong, stop 14","routes":["412"],"categories":["high_bus"],"route_count":1},"geometry":{"type":"Point","coordinates":[152.993096,-27.486886]}},{"type":"Feature","properties":{"stop_id":"19","name":"Adelaide Street Stop 19 at City Hall","routes":["196","199"],"categories":["high_bus"],"route_count":2},"geometry":{"type":"Point","coordinates":[153.023722,-27.469383]}},{"type":"Feature","properties":{"stop_id":"19050","name":"Woolloongabba station, platform 1","routes":["61","100","125","175","185","200","204","333","340"],"categories":["high_bus","intermediate_bus"],"route_count":9},"geometry":{"type":"Point","coordinates":[153.034648,-27.486079]}},{"type":"Feature","properties":{"stop_id":"19051","name":"Mater Hill station, platform 1","routes":["61","M1","M2","100","120","130","140","150","180","200","222","333","555"],"categories":["high_bus"],"route_count":13},"geometry":{"type":"Point","coordinates":[153.028213,-27.484505]}},{"type":"Feature","properties":{"stop_id":"19052","name":"South Bank busway station, platform 5","routes":["61","M1","M2","100","120","130","140","150","180","200","222","333","555"],"categories":["high_bus"],"route_count":13},"geometry":{"type":"Point","coordinates":[153.021835,-27.480721]}},{"type":"Feature","properties":{"stop_id":"19062","name":"Woolloongabba station, platform 2","routes":["61","100","125","175","185","200","204","333","340"],"categories":["high_bus","intermediate_bus"],"route_count":9},"geometry":{"type":"Point","coordinates":[153.035078,-27.486011]}},{"type":"Feature","properties":{"stop_id":"19063","name":"Mater Hill station, platform 2","routes":["61","M1","M2","100","120","130","140","150","180","200","222","333","555"],"categories":["high_bus"],"route_count":13},"geometry":{"type":"Point","coordinates":[153.028393,-27.484413]}},{"type":"Feature","properties":{"stop_id":"19064","name":"South Bank busway station, platform 4","routes":["61","M1","M2","100","120","130","140","150","180","200","222","333","555"],"categories":["high_bus"],"route_count":13},"geometry":{"type":"Point","coordinates":[153.022209,-27.481023]}},{"type":"Feature","properties":{"stop_id":"19066","name":"Jurgens St at Woolloongabba, stop E","routes":["125","175","204"],"categories":["intermediate_bus"],"route_count":3},"geometry":{"type":"Point","coordinates":[153.037587,-27.487147]}},{"type":"Feature","properties":{"stop_id":"19067","name":"Stanley St at Jurgens Street, stop F","routes":["175","204"],"categories":["intermediate_bus"],"route_count":2},"geometry":{"type":"Point","coordinates":[153.037337,-27.487043]}},{"type":"Feature","properties":{"stop_id":"19079","name":"Fairfield Rd near Ashby St, stop 19","routes":["19"],"categories":["intermediate_bus"],"route_count":1},"geometry":{"type":"Point","coordinates":[153.023891,-27.509528]}},{"type":"Feature","properties":{"stop_id":"19080","name":"Fairfield Rd near Ashby St, stop 18a","routes":["19"],"categories":["intermediate_bus"],"route_count":1},"geometry":{"type":"Point","coordinates":[153.023091,-27.509854]}},{"type":"Feature","properties":{"stop_id":"1944","name":"Coronation Dr at Wesley Hospital, stop 9","routes":["412","444"],"categories":["high_bus"],"route_count":2},"geometry":{"type":"Point","coordinates":[152.99815,-27.480297]}},{"type":"Feature","properties":{"stop_id":"1951","name":"Coronation Dr at Wesley Hospital, stop 9","routes":["412","444"],"categories":["high_bus"],"route_count":2},"geometry":{"type":"Point","coordinates":[152.998002,-27.480073]}},{"type":"Feature","properties":{"stop_id":"1960","name":"Stewart Rd at Ashgrove Village","routes":["61"],"categories":["high_bus"],"route_count":1},"geometry":{"type":"Point","coordinates":[152.99153,-27.444274]}},{"type":"Feature","properties":{"stop_id":"19910","name":"Merivale St at Queensland Theatre","routes":["300","444"],"categories":["high_bus","intermediate_bus"],"route_count":2},"geometry":{"type":"Point","coordinates":[153.014746,-27.472363]}},{"type":"Feature","properties":{"stop_id":"1996","name":"Enoggera Rd at Ashgrove Avenue, stop 20a","routes":["390"],"categories":["intermediate_bus"],"route_count":1},"geometry":{"type":"Point","coordinates":[153.006907,-27.437587]}},{"type":"Feature","properties":{"stop_id":"1998","name":"Enoggera Rd at St Ambroses, stop 18","routes":["390"],"categories":["intermediate_bus"],"route_count":1},"geometry":{"type":"Point","coordinates":[153.006826,-27.44018]}},{"type":"Feature","properties":{"stop_id":"1999","name":"Enoggera Rd at Newmarket, stop 20","routes":["345","390"],"categories":["high_bus","intermediate_bus"],"route_count":2},"geometry":{"type":"Point","coordinates":[153.007071,-27.438872]}},{"type":"Feature","properties":{"stop_id":"20","name":"Adelaide Street Stop 20 at City Hall","routes":["60"],"categories":["high_bus"],"route_count":1},"geometry":{"type":"Point","coordinates":[153.024221,-27.469016]}},{"type":"Feature","properties":{"stop_id":"2000","name":"Enoggera Rd at Thurlow Street, stop 17","routes":["390"],"categories":["intermediate_bus"],"route_count":1},"geometry":{"type":"Point","coordinates":[153.007053,-27.441473]}},{"type":"Feature","properties":{"stop_id":"2001","name":"Enoggera Rd at Thurlow Street, stop 17","routes":["390"],"categories":["intermediate_bus"],"route_count":1},"geometry":{"type":"Point","coordinates":[153.006721,-27.441598]}},{"type":"Feature","properties":{"stop_id":"2002","name":"Kelvin Grove Rd at Windsor Road, stop 16","routes":["345","390"],"categories":["high_bus","intermediate_bus"],"route_count":2},"geometry":{"type":"Point","coordinates":[153.007626,-27.444222]}},{"type":"Feature","properties":{"stop_id":"2003","name":"Kelvin Grove Rd at Windsor Road, stop 16","routes":["345","390"],"categories":["high_bus","intermediate_bus"],"route_count":2},"geometry":{"type":"Point","coordinates":[153.007731,-27.445031]}},{"type":"Feature","properties":{"stop_id":"200612","name":"Moray St near Sydney St","routes":["196"],"categories":["high_bus"],"route_count":1},"geometry":{"type":"Point","coordinates":[153.045715,-27.472164]}},{"type":"Feature","properties":{"stop_id":"201","name":"Brunswick Street Stop 201 near Alfred St CLOSED","routes":["338","348"],"categories":["intermediate_bus"],"route_count":2},"geometry":{"type":"Point","coordinates":[153.032226,-27.456195]}},{"type":"Feature","properties":{"stop_id":"202","name":"Brunswick Street Stop 202 near Wickham St","routes":["338","348"],"categories":["intermediate_bus"],"route_count":2},"geometry":{"type":"Point","coordinates":[153.033586,-27.457263]}},{"type":"Feature","properties":{"stop_id":"2021","name":"Kelvin Grove Rd at Guildford Street, stop 15","routes":["390"],"categories":["intermediate_bus"],"route_count":1},"geometry":{"type":"Point","coordinates":[153.009282,-27.446187]}},{"type":"Feature","properties":{"stop_id":"2022","name":"Kelvin Grove Rd at Guildford Street, stop 15","routes":["390"],"categories":["intermediate_bus"],"route_count":1},"geometry":{"type":"Point","coordinates":[153.009362,-27.446972]}},{"type":"Feature","properties":{"stop_id":"2023","name":"Kelvin Grove Rd at Moy Street, stop 14","routes":["390"],"categories":["intermediate_bus"],"route_count":1},"geometry":{"type":"Point","coordinates":[153.010667,-27.448303]}},{"type":"Feature","properties":{"stop_id":"2024","name":"Kelvin Grove Rd at Moy Street, stop 14","routes":["390"],"categories":["intermediate_bus"],"route_count":1},"geometry":{"type":"Point","coordinates":[153.010374,-27.448364]}},{"type":"Feature","properties":{"stop_id":"202462","name":"Easts Leagues","routes":["200"],"categories":["high_bus"],"route_count":1},"geometry":{"type":"Point","coordinates":[153.050729,-27.496766]}},{"type":"Feature","properties":{"stop_id":"203","name":"Warner Street Stop 203 near Wickham St","routes":["175","185","204"],"categories":["intermediate_bus"],"route_count":3},"geometry":{"type":"Point","coordinates":[153.034928,-27.457179]}},{"type":"Feature","properties":{"stop_id":"204","name":"Warner Street Stop 204 near Ann St","routes":["175","185","204"],"categories":["intermediate_bus"],"route_count":3},"geometry":{"type":"Point","coordinates":[153.03517,-27.457364]}},{"type":"Feature","properties":{"stop_id":"205","name":"Warner Street Stop 205 near Ann St","routes":["196"],"categories":["high_bus"],"route_count":1},"geometry":{"type":"Point","coordinates":[153.035583,-27.457683]}},{"type":"Feature","properties":{"stop_id":"20524","name":"Skyring Tce near Cunningham St","routes":["60"],"categories":["high_bus"],"route_count":1},"geometry":{"type":"Point","coordinates":[153.044363,-27.45]}},{"type":"Feature","properties":{"stop_id":"206","name":"Ballow Street Stop 206 near Ann St","routes":["125"],"categories":["intermediate_bus"],"route_count":1},"geometry":{"type":"Point","coordinates":[153.03603,-27.457009]}},{"type":"Feature","properties":{"stop_id":"2062","name":"Warrigal Road Green Link","routes":["150"],"categories":["high_bus"],"route_count":1},"geometry":{"type":"Point","coordinates":[153.08957,-27.57153]}},{"type":"Feature","properties":{"stop_id":"2063","name":"Warrigal Road Green Link","routes":["150"],"categories":["high_bus"],"route_count":1},"geometry":{"type":"Point","coordinates":[153.089084,-27.57167]}},{"type":"Feature","properties":{"stop_id":"2067","name":"Samford Rd at Gaythorne RSL, stop 33","routes":["390"],"categories":["intermediate_bus"],"route_count":1},"geometry":{"type":"Point","coordinates":[152.979202,-27.415837]}},{"type":"Feature","properties":{"stop_id":"2068","name":"Samford Rd at Gaythorne RSL, stop 33","routes":["390"],"categories":["intermediate_bus"],"route_count":1},"geometry":{"type":"Point","coordinates":[152.978961,-27.415885]}},{"type":"Feature","properties":{"stop_id":"2069","name":"Samford Rd at Gaythorne station, stop 32","routes":["390"],"categories":["intermediate_bus"],"route_count":1},"geometry":{"type":"Point","coordinates":[152.984854,-27.419568]}},{"type":"Feature","properties":{"stop_id":"207","name":"Brunswick Street Stop 207 near McLachlan St","routes":["196"],"categories":["high_bus"],"route_count":1},"geometry":{"type":"Point","coordinates":[153.035426,-27.458718]}},{"type":"Feature","properties":{"stop_id":"2070","name":"Samford Rd at Gaythorne station, stop 32","routes":["390"],"categories":["intermediate_bus"],"route_count":1},"geometry":{"type":"Point","coordinates":[152.983783,-27.418676]}},{"type":"Feature","properties":{"stop_id":"2072","name":"Brookside Shopping Centre","routes":["390"],"categories":["intermediate_bus"],"route_count":1},"geometry":{"type":"Point","coordinates":[152.978278,-27.409738]}},{"type":"Feature","properties":{"stop_id":"2088","name":"Griffith St at Burwood Street, stop 20/6","routes":["369"],"categories":["intermediate_bus"],"route_count":1},"geometry":{"type":"Point","coordinates":[152.985588,-27.408702]}},{"type":"Feature","properties":{"stop_id":"2089","name":"Griffith St at Burwood Street, stop 6/20","routes":["369"],"categories":["intermediate_bus"],"route_count":1},"geometry":{"type":"Point","coordinates":[152.985371,-27.408886]}},{"type":"Feature","properties":{"stop_id":"2099","name":"Ruby Rd near Blackwood St, stop 35","routes":["390"],"categories":["intermediate_bus"],"route_count":1},"geometry":{"type":"Point","coordinates":[152.975387,-27.409502]}},{"type":"Feature","properties":{"stop_id":"210","name":"Brunswick St near Ann St Stop 210","routes":["196"],"categories":["high_bus"],"route_count":1},"geometry":{"type":"Point","coordinates":[153.035336,-27.458815]}},{"type":"Feature","properties":{"stop_id":"2100","name":"Ruby Rd near McConahgy St, stop 35","routes":["390"],"categories":["intermediate_bus"],"route_count":1},"geometry":{"type":"Point","coordinates":[152.975623,-27.409426]}},{"type":"Feature","properties":{"stop_id":"2101","name":"Brookside Shopping Centre station, platform C","routes":["369"],"categories":["intermediate_bus"],"route_count":1},"geometry":{"type":"Point","coordinates":[152.977874,-27.408643]}},{"type":"Feature","properties":{"stop_id":"210919","name":"Easts Leagues","routes":["200"],"categories":["high_bus"],"route_count":1},"geometry":{"type":"Point","coordinates":[153.050602,-27.496971]}},{"type":"Feature","properties":{"stop_id":"211","name":"Brunswick Street Stop 211","routes":["338","348"],"categories":["intermediate_bus"],"route_count":2},"geometry":{"type":"Point","coordinates":[153.033119,-27.457063]}},{"type":"Feature","properties":{"stop_id":"2113","name":"Griffith St at Everton Park, stop 4/18","routes":["369"],"categories":["intermediate_bus"],"route_count":1},"geometry":{"type":"Point","coordinates":[152.990396,-27.407663]}},{"type":"Feature","properties":{"stop_id":"2114","name":"Blackwood St at Mitchelton, stop 34","routes":["390"],"categories":["intermediate_bus"],"route_count":1},"geometry":{"type":"Point","coordinates":[152.974268,-27.411783]}},{"type":"Feature","properties":{"stop_id":"2115","name":"Blackwood St at Mitchelton, stop 34","routes":["390"],"categories":["intermediate_bus"],"route_count":1},"geometry":{"type":"Point","coordinates":[152.974357,-27.411982]}},{"type":"Feature","properties":{"stop_id":"2133","name":"Griffith St near South Pine Rd, stop 18/4","routes":["369"],"categories":["intermediate_bus"],"route_count":1},"geometry":{"type":"Point","coordinates":[152.990376,-27.407537]}},{"type":"Feature","properties":{"stop_id":"2158","name":"Stafford Rd at Cutbush Rd, stop 5","routes":["369"],"categories":["intermediate_bus"],"route_count":1},"geometry":{"type":"Point","coordinates":[152.992656,-27.407061]}},{"type":"Feature","properties":{"stop_id":"2159","name":"Stafford Rd at Cutbush Rd, stop 5","routes":["369"],"categories":["intermediate_bus"],"route_count":1},"geometry":{"type":"Point","coordinates":[152.991959,-27.406922]}},{"type":"Feature","properties":{"stop_id":"216","name":"Ann Street Stop 216 at Valley Island","routes":["60","300"],"categories":["high_bus","intermediate_bus"],"route_count":2},"geometry":{"type":"Point","coordinates":[153.033935,-27.459476]}},{"type":"Feature","properties":{"stop_id":"218","name":"Ann Street Stop 218 at All Hallows","routes":["125","175","185","196","204"],"categories":["high_bus","intermediate_bus"],"route_count":5},"geometry":{"type":"Point","coordinates":[153.033278,-27.460299]}},{"type":"Feature","properties":{"stop_id":"2187","name":"Stafford Rd at Trouts Road, stop 7","routes":["369"],"categories":["intermediate_bus"],"route_count":1},"geometry":{"type":"Point","coordinates":[152.998726,-27.407407]}},{"type":"Feature","properties":{"stop_id":"2188","name":"Stafford Rd at Trouts Road, stop 7","routes":["369"],"categories":["intermediate_bus"],"route_count":1},"geometry":{"type":"Point","coordinates":[152.998977,-27.407305]}},{"type":"Feature","properties":{"stop_id":"219","name":"Ann Street Stop 219 at All Hallows","routes":["338","348"],"categories":["intermediate_bus"],"route_count":2},"geometry":{"type":"Point","coordinates":[153.033089,-27.460488]}},{"type":"Feature","properties":{"stop_id":"2191","name":"Indooroopilly Shopping Centre station, stop A","routes":["444"],"categories":["high_bus"],"route_count":1},"geometry":{"type":"Point","coordinates":[152.971855,-27.501246]}},{"type":"Feature","properties":{"stop_id":"2192","name":"Brookside Shopping Centre station, platform A","routes":["369"],"categories":["intermediate_bus"],"route_count":1},"geometry":{"type":"Point","coordinates":[152.978651,-27.409984]}},{"type":"Feature","properties":{"stop_id":"2193","name":"Brookside Shopping Centre station, platform B","routes":["390"],"categories":["intermediate_bus"],"route_count":1},"geometry":{"type":"Point","coordinates":[152.978278,-27.409738]}},{"type":"Feature","properties":{"stop_id":"22","name":"Adelaide Street Stop 22 near City Hall","routes":["390"],"categories":["intermediate_bus"],"route_count":1},"geometry":{"type":"Point","coordinates":[153.024996,-27.468397]}},{"type":"Feature","properties":{"stop_id":"2200","name":"Indooroopilly Shopping Centre station, stop B","routes":["444"],"categories":["high_bus"],"route_count":1},"geometry":{"type":"Point","coordinates":[152.971892,-27.501168]}},{"type":"Feature","properties":{"stop_id":"2223","name":"Logan Rd at Mt Gravatt Central, stop 37","routes":["175"],"categories":["intermediate_bus"],"route_count":1},"geometry":{"type":"Point","coordinates":[153.07864,-27.53764]}},{"type":"Feature","properties":{"stop_id":"2228","name":"Logan Rd at High Street, stop 36","routes":["175"],"categories":["intermediate_bus"],"route_count":1},"geometry":{"type":"Point","coordinates":[153.07754,-27.535977]}},{"type":"Feature","properties":{"stop_id":"2232","name":"Logan Rd at Mt Gravatt Central, stop 37","routes":["175"],"categories":["intermediate_bus"],"route_count":1},"geometry":{"type":"Point","coordinates":[153.079519,-27.538376]}},{"type":"Feature","properties":{"stop_id":"2233","name":"Logan Rd at High Street, stop 36","routes":["175"],"categories":["intermediate_bus"],"route_count":1},"geometry":{"type":"Point","coordinates":[153.076616,-27.535298]}},{"type":"Feature","properties":{"stop_id":"2236","name":"Logan Rd at Mt Gravatt School, stop 35s","routes":["175"],"categories":["intermediate_bus"],"route_count":1},"geometry":{"type":"Point","coordinates":[153.074774,-27.533448]}},{"type":"Feature","properties":{"stop_id":"2240","name":"Logan Rd at Mt Thompson, stop 34","routes":["175"],"categories":["intermediate_bus"],"route_count":1},"geometry":{"type":"Point","coordinates":[153.072288,-27.52993]}},{"type":"Feature","properties":{"stop_id":"2241","name":"Logan Rd at Mt Gravatt School, stop 35s","routes":["175"],"categories":["intermediate_bus"],"route_count":1},"geometry":{"type":"Point","coordinates":[153.074246,-27.53237]}},{"type":"Feature","properties":{"stop_id":"2242","name":"Logan Rd at Big Top, stop 35a","routes":["175"],"categories":["intermediate_bus"],"route_count":1},"geometry":{"type":"Point","coordinates":[153.072746,-27.531092]}},{"type":"Feature","properties":{"stop_id":"226","name":"Wickham Street Stop 226 near Gotha St","routes":["60","300","338","348"],"categories":["high_bus","intermediate_bus"],"route_count":4},"geometry":{"type":"Point","coordinates":[153.031708,-27.460223]}},{"type":"Feature","properties":{"stop_id":"2267","name":"Logan Rd at Mt Thompson, stop 34","routes":["175"],"categories":["intermediate_bus"],"route_count":1},"geometry":{"type":"Point","coordinates":[153.070652,-27.528397]}},{"type":"Feature","properties":{"stop_id":"227","name":"Wickham Street Stop 227 near Little St","routes":["125","175","185","196","204"],"categories":["high_bus","intermediate_bus"],"route_count":5},"geometry":{"type":"Point","coordinates":[153.032018,-27.459068]}},{"type":"Feature","properties":{"stop_id":"228","name":"Wickham Street Stop 228 near Brunswick","routes":["125"],"categories":["intermediate_bus"],"route_count":1},"geometry":{"type":"Point","coordinates":[153.033874,-27.45714]}},{"type":"Feature","properties":{"stop_id":"229","name":"Wickham Street Stop 229 near Warner St","routes":["60","300"],"categories":["high_bus","intermediate_bus"],"route_count":2},"geometry":{"type":"Point","coordinates":[153.034261,-27.456755]}},{"type":"Feature","properties":{"stop_id":"23","name":"Adelaide Street Stop 23 near David Jones","routes":["375"],"categories":["intermediate_bus"],"route_count":1},"geometry":{"type":"Point","coordinates":[153.025522,-27.467987]}},{"type":"Feature","properties":{"stop_id":"2309","name":"Toohey Rd at Tarragindi, stop 44/48","routes":["120"],"categories":["high_bus"],"route_count":1},"geometry":{"type":"Point","coordinates":[153.045158,-27.531235]}},{"type":"Feature","properties":{"stop_id":"2310","name":"Toohey Rd at Tarragindi, stop 44/48","routes":["120"],"categories":["high_bus"],"route_count":1},"geometry":{"type":"Point","coordinates":[153.04491,-27.531918]}},{"type":"Feature","properties":{"stop_id":"2316","name":"Toohey Rd at Toohey Forest, stop 53","routes":["120"],"categories":["high_bus"],"route_count":1},"geometry":{"type":"Point","coordinates":[153.039444,-27.543466]}},{"type":"Feature","properties":{"stop_id":"2318","name":"Toohey Rd at Toohey Forest, stop 53","routes":["120"],"categories":["high_bus"],"route_count":1},"geometry":{"type":"Point","coordinates":[153.039408,-27.5444]}},{"type":"Feature","properties":{"stop_id":"2339","name":"Logan Rd at Barter Street, stop 30","routes":["175"],"categories":["intermediate_bus"],"route_count":1},"geometry":{"type":"Point","coordinates":[153.063027,-27.520696]}},{"type":"Feature","properties":{"stop_id":"2340","name":"Logan Rd at Holland Park, stop 29","routes":["175","180"],"categories":["high_bus","intermediate_bus"],"route_count":2},"geometry":{"type":"Point","coordinates":[153.061705,-27.519676]}},{"type":"Feature","properties":{"stop_id":"2342","name":"Logan Rd at Harold Street, stop 28","routes":["175"],"categories":["intermediate_bus"],"route_count":1},"geometry":{"type":"Point","coordinates":[153.059793,-27.518102]}},{"type":"Feature","properties":{"stop_id":"2344","name":"Logan Rd at Swain Street, stop 27","routes":["175"],"categories":["intermediate_bus"],"route_count":1},"geometry":{"type":"Point","coordinates":[153.05873,-27.517276]}},{"type":"Feature","properties":{"stop_id":"2346","name":"Logan Rd at CB Mott Park, stop 26","routes":["175"],"categories":["intermediate_bus"],"route_count":1},"geometry":{"type":"Point","coordinates":[153.055769,-27.514948]}},{"type":"Feature","properties":{"stop_id":"2352","name":"Logan Rd at Greenslopes Mall, stop 25/24","routes":["175","180"],"categories":["high_bus","intermediate_bus"],"route_count":2},"geometry":{"type":"Point","coordinates":[153.053273,-27.512732]}},{"type":"Feature","properties":{"stop_id":"2355","name":"Logan Rd at Boronia Street, stop 32","routes":["175"],"categories":["intermediate_bus"],"route_count":1},"geometry":{"type":"Point","coordinates":[153.067422,-27.524848]}},{"type":"Feature","properties":{"stop_id":"2356","name":"Logan Rd at Glindemann Park, stop 33","routes":["175"],"categories":["intermediate_bus"],"route_count":1},"geometry":{"type":"Point","coordinates":[153.069075,-27.526597]}},{"type":"Feature","properties":{"stop_id":"2358","name":"Logan Rd at Holland Park South, stop 31","routes":["175"],"categories":["intermediate_bus"],"route_count":1},"geometry":{"type":"Point","coordinates":[153.065384,-27.52264]}},{"type":"Feature","properties":{"stop_id":"2370","name":"Logan Rd at Swain Street, stop 27","routes":["175"],"categories":["intermediate_bus"],"route_count":1},"geometry":{"type":"Point","coordinates":[153.058963,-27.517214]}},{"type":"Feature","properties":{"stop_id":"2371","name":"Logan Rd at Harold Street, stop 28","routes":["175"],"categories":["intermediate_bus"],"route_count":1},"geometry":{"type":"Point","coordinates":[153.059752,-27.517875]}},{"type":"Feature","properties":{"stop_id":"2377","name":"Logan Rd at Holland Park, stop 29","routes":["175","180"],"categories":["high_bus","intermediate_bus"],"route_count":2},"geometry":{"type":"Point","coordinates":[153.061848,-27.519455]}},{"type":"Feature","properties":{"stop_id":"2379","name":"Logan Rd at Barter St, stop 30","routes":["175"],"categories":["intermediate_bus"],"route_count":1},"geometry":{"type":"Point","coordinates":[153.063199,-27.520501]}},{"type":"Feature","properties":{"stop_id":"2380","name":"Logan Rd at Holland Park South, stop 31","routes":["175"],"categories":["intermediate_bus"],"route_count":1},"geometry":{"type":"Point","coordinates":[153.064818,-27.521794]}},{"type":"Feature","properties":{"stop_id":"2381","name":"Logan Rd at Boronia Street, stop 32","routes":["175"],"categories":["intermediate_bus"],"route_count":1},"geometry":{"type":"Point","coordinates":[153.067456,-27.524538]}},{"type":"Feature","properties":{"stop_id":"2382","name":"Logan Rd at Glindemann Park, stop 33","routes":["175"],"categories":["intermediate_bus"],"route_count":1},"geometry":{"type":"Point","coordinates":[153.069235,-27.52638]}},{"type":"Feature","properties":{"stop_id":"24","name":"Adelaide Street Stop 24 near Edward St","routes":["300","555"],"categories":["high_bus","intermediate_bus"],"route_count":2},"geometry":{"type":"Point","coordinates":[153.025995,-27.467609]}},{"type":"Feature","properties":{"stop_id":"2402","name":"Cavendish Rd at Holland Park East, stop 42","routes":["180","185"],"categories":["high_bus","intermediate_bus"],"route_count":2},"geometry":{"type":"Point","coordinates":[153.074424,-27.517879]}},{"type":"Feature","properties":{"stop_id":"2403","name":"Cavendish Rd at Holland Park East, stop 42","routes":["180","185"],"categories":["high_bus","intermediate_bus"],"route_count":2},"geometry":{"type":"Point","coordinates":[153.074713,-27.517859]}},{"type":"Feature","properties":{"stop_id":"2408","name":"Holland Rd near Rita St, stop 44","routes":["180"],"categories":["high_bus"],"route_count":1},"geometry":{"type":"Point","coordinates":[153.067675,-27.518311]}},{"type":"Feature","properties":{"stop_id":"241","name":"Breakfast Creek Rd at Evelyn Street, stop 10","routes":["300"],"categories":["intermediate_bus"],"route_count":1},"geometry":{"type":"Point","coordinates":[153.042693,-27.446439]}},{"type":"Feature","properties":{"stop_id":"2411","name":"Holland Rd near Stewart St, stop 44","routes":["180"],"categories":["high_bus"],"route_count":1},"geometry":{"type":"Point","coordinates":[153.067632,-27.518184]}},{"type":"Feature","properties":{"stop_id":"2412","name":"Cavendish Rd at Cavendish Rd Reservoir, stop 40","routes":["185"],"categories":["intermediate_bus"],"route_count":1},"geometry":{"type":"Point","coordinates":[153.072599,-27.514314]}},{"type":"Feature","properties":{"stop_id":"2413","name":"Cavendish Rd at Capella Street, stop 39","routes":["185"],"categories":["intermediate_bus"],"route_count":1},"geometry":{"type":"Point","coordinates":[153.071934,-27.513313]}},{"type":"Feature","properties":{"stop_id":"2414","name":"Cavendish Rd at Capella Street, stop 39","routes":["185"],"categories":["intermediate_bus"],"route_count":1},"geometry":{"type":"Point","coordinates":[153.072152,-27.513266]}},{"type":"Feature","properties":{"stop_id":"2415","name":"Cavendish Rd at Stoneleigh Street, stop 38","routes":["185"],"categories":["intermediate_bus"],"route_count":1},"geometry":{"type":"Point","coordinates":[153.069764,-27.512902]}},{"type":"Feature","properties":{"stop_id":"2416","name":"Cavendish Rd at Meridian Street, stop 37a","routes":["185"],"categories":["intermediate_bus"],"route_count":1},"geometry":{"type":"Point","coordinates":[153.067987,-27.512378]}},{"type":"Feature","properties":{"stop_id":"2417","name":"Cavendish Rd at Arlington Street, stop 37","routes":["185"],"categories":["intermediate_bus"],"route_count":1},"geometry":{"type":"Point","coordinates":[153.066994,-27.51215]}},{"type":"Feature","properties":{"stop_id":"242","name":"Breakfast Creek Rd at Riverpark Stop 9","routes":["300"],"categories":["intermediate_bus"],"route_count":1},"geometry":{"type":"Point","coordinates":[153.04268,-27.449131]}},{"type":"Feature","properties":{"stop_id":"2420","name":"Logan Rd at Greenslopes Mall, stop 24","routes":["175","180"],"categories":["high_bus","intermediate_bus"],"route_count":2},"geometry":{"type":"Point","coordinates":[153.05353,-27.512563]}},{"type":"Feature","properties":{"stop_id":"2424","name":"Cavendish Rd at Goring Street, stop 34","routes":["185"],"categories":["intermediate_bus"],"route_count":1},"geometry":{"type":"Point","coordinates":[153.063881,-27.507422]}},{"type":"Feature","properties":{"stop_id":"2425","name":"Cavendish Rd at Cavendish Rd High School, stop 41","routes":["185"],"categories":["intermediate_bus"],"route_count":1},"geometry":{"type":"Point","coordinates":[153.073252,-27.516998]}},{"type":"Feature","properties":{"stop_id":"2427","name":"Cavendish Rd at Goring Street, stop 34","routes":["185"],"categories":["intermediate_bus"],"route_count":1},"geometry":{"type":"Point","coordinates":[153.063058,-27.506739]}},{"type":"Feature","properties":{"stop_id":"2431","name":"Logan Rd at Greenslopes, stop 22","routes":["175","180"],"categories":["high_bus","intermediate_bus"],"route_count":2},"geometry":{"type":"Point","coordinates":[153.052009,-27.50856]}},{"type":"Feature","properties":{"stop_id":"2432","name":"Logan Rd at Donaldson Street, stop 23","routes":["175"],"categories":["intermediate_bus"],"route_count":1},"geometry":{"type":"Point","coordinates":[153.053188,-27.510206]}},{"type":"Feature","properties":{"stop_id":"2433","name":"Cavendish Rd at Cavendish Rd High School, stop 41","routes":["185"],"categories":["intermediate_bus"],"route_count":1},"geometry":{"type":"Point","coordinates":[153.073566,-27.517106]}},{"type":"Feature","properties":{"stop_id":"2434","name":"Logan Rd at Donaldson Street, stop 23","routes":["175"],"categories":["intermediate_bus"],"route_count":1},"geometry":{"type":"Point","coordinates":[153.052852,-27.510808]}},{"type":"Feature","properties":{"stop_id":"2435","name":"Logan Rd at Greenslopes, stop 22","routes":["175","180"],"categories":["high_bus","intermediate_bus"],"route_count":2},"geometry":{"type":"Point","coordinates":[153.051598,-27.508571]}},{"type":"Feature","properties":{"stop_id":"2436","name":"Logan Rd at Greenslopes School, stop 21","routes":["175"],"categories":["intermediate_bus"],"route_count":1},"geometry":{"type":"Point","coordinates":[153.049988,-27.506899]}},{"type":"Feature","properties":{"stop_id":"2437","name":"Cavendish Rd at Loreto College, stop 35","routes":["185"],"categories":["intermediate_bus"],"route_count":1},"geometry":{"type":"Point","coordinates":[153.063905,-27.509197]}},{"type":"Feature","properties":{"stop_id":"2438","name":"Cavendish Rd at Loreto College, stop 35","routes":["185"],"categories":["intermediate_bus"],"route_count":1},"geometry":{"type":"Point","coordinates":[153.064067,-27.50935]}},{"type":"Feature","properties":{"stop_id":"2439","name":"Cavendish Rd at Turquoise Street, stop 49/43","routes":["185"],"categories":["intermediate_bus"],"route_count":1},"geometry":{"type":"Point","coordinates":[153.076703,-27.518491]}},{"type":"Feature","properties":{"stop_id":"244","name":"Wickham St at Knapp Street Stop 8","routes":["300"],"categories":["intermediate_bus"],"route_count":1},"geometry":{"type":"Point","coordinates":[153.039955,-27.451175]}},{"type":"Feature","properties":{"stop_id":"245","name":"Breakfast Creek Rd at Riverpark Stop 9","routes":["300"],"categories":["intermediate_bus"],"route_count":1},"geometry":{"type":"Point","coordinates":[153.042407,-27.448094]}},{"type":"Feature","properties":{"stop_id":"2453","name":"Logan Rd at Greenslopes School, stop 21","routes":["175"],"categories":["intermediate_bus"],"route_count":1},"geometry":{"type":"Point","coordinates":[153.050271,-27.506816]}},{"type":"Feature","properties":{"stop_id":"2457","name":"Old Cleveland Rd at Dowar Street Stop 20","routes":["204"],"categories":["intermediate_bus"],"route_count":1},"geometry":{"type":"Point","coordinates":[153.053306,-27.497953]}},{"type":"Feature","properties":{"stop_id":"2459","name":"Old Cleveland Rd at Knowsley Street Stop 19","routes":["204"],"categories":["intermediate_bus"],"route_count":1},"geometry":{"type":"Point","coordinates":[153.049787,-27.498991]}},{"type":"Feature","properties":{"stop_id":"246","name":"Breakfast Creek Rd at Evelyn Street Stop 10","routes":["300"],"categories":["intermediate_bus"],"route_count":1},"geometry":{"type":"Point","coordinates":[153.04237,-27.446403]}},{"type":"Feature","properties":{"stop_id":"2460","name":"Old Cleveland Rd at Panitya Street, stop 18","routes":["204"],"categories":["intermediate_bus"],"route_count":1},"geometry":{"type":"Point","coordinates":[153.048181,-27.498881]}},{"type":"Feature","properties":{"stop_id":"2461","name":"Old Cleveland Rd at Panitya Street, stop 18","routes":["204"],"categories":["intermediate_bus"],"route_count":1},"geometry":{"type":"Point","coordinates":[153.048469,-27.498702]}},{"type":"Feature","properties":{"stop_id":"2462","name":"Old Cleveland Rd at Coorparoo West Stop 19","routes":["204"],"categories":["intermediate_bus"],"route_count":1},"geometry":{"type":"Point","coordinates":[153.052087,-27.498515]}},{"type":"Feature","properties":{"stop_id":"2467","name":"Cavendish Rd at Shire Street, stop 28/27","routes":["185"],"categories":["intermediate_bus"],"route_count":1},"geometry":{"type":"Point","coordinates":[153.060659,-27.49687]}},{"type":"Feature","properties":{"stop_id":"2469","name":"Cavendish Rd at York Street, stop 29","routes":["185"],"categories":["intermediate_bus"],"route_count":1},"geometry":{"type":"Point","coordinates":[153.062336,-27.499294]}},{"type":"Feature","properties":{"stop_id":"2470","name":"Cavendish Rd at Emlyn Street, stop 30/31","routes":["185"],"categories":["intermediate_bus"],"route_count":1},"geometry":{"type":"Point","coordinates":[153.062011,-27.501458]}},{"type":"Feature","properties":{"stop_id":"2471","name":"Cavendish Rd at Emlyn Street, stop 31/30","routes":["185"],"categories":["intermediate_bus"],"route_count":1},"geometry":{"type":"Point","coordinates":[153.061812,-27.501631]}},{"type":"Feature","properties":{"stop_id":"2473","name":"Cavendish Rd at Mt Carmel School, stop 32","routes":["185"],"categories":["intermediate_bus"],"route_count":1},"geometry":{"type":"Point","coordinates":[153.061765,-27.503159]}},{"type":"Feature","properties":{"stop_id":"2474","name":"Cavendish Rd at St Stephens, stop 33","routes":["185"],"categories":["intermediate_bus"],"route_count":1},"geometry":{"type":"Point","coordinates":[153.061498,-27.50488]}},{"type":"Feature","properties":{"stop_id":"2475","name":"Cavendish Rd at St Stephens, stop 33","routes":["185"],"categories":["intermediate_bus"],"route_count":1},"geometry":{"type":"Point","coordinates":[153.061439,-27.504275]}},{"type":"Feature","properties":{"stop_id":"248","name":"Breakfast Creek Rd at Newstead House, stop 12","routes":["300"],"categories":["intermediate_bus"],"route_count":1},"geometry":{"type":"Point","coordinates":[153.043474,-27.443906]}},{"type":"Feature","properties":{"stop_id":"2481","name":"Coorparoo Square - Holdsworth St","routes":["61"],"categories":["high_bus"],"route_count":1},"geometry":{"type":"Point","coordinates":[153.057494,-27.494449]}},{"type":"Feature","properties":{"stop_id":"2482","name":"Old Cleveland Rd at Saint Leonards Street Stop 21","routes":["204"],"categories":["intermediate_bus"],"route_count":1},"geometry":{"type":"Point","coordinates":[153.055326,-27.496691]}},{"type":"Feature","properties":{"stop_id":"2483","name":"Old Cleveland Rd at Saint Leonards Street Stop 21","routes":["204"],"categories":["intermediate_bus"],"route_count":1},"geometry":{"type":"Point","coordinates":[153.055007,-27.496667]}},{"type":"Feature","properties":{"stop_id":"2484","name":"Old Cleveland Rd at Macaulay Street Stop 22","routes":["204"],"categories":["intermediate_bus"],"route_count":1},"geometry":{"type":"Point","coordinates":[153.056513,-27.496055]}},{"type":"Feature","properties":{"stop_id":"2487","name":"Old Cleveland Rd at Macauly Street, stop 22","routes":["204"],"categories":["intermediate_bus"],"route_count":1},"geometry":{"type":"Point","coordinates":[153.057139,-27.495911]}},{"type":"Feature","properties":{"stop_id":"2488","name":"Cavendish Rd at Coorparoo Shops, stop 26","routes":["185"],"categories":["intermediate_bus"],"route_count":1},"geometry":{"type":"Point","coordinates":[153.059579,-27.49516]}},{"type":"Feature","properties":{"stop_id":"25","name":"Adelaide Street Stop 25 near Edward St","routes":["196"],"categories":["high_bus"],"route_count":1},"geometry":{"type":"Point","coordinates":[153.026411,-27.46728]}},{"type":"Feature","properties":{"stop_id":"2554","name":"Old Cleveland Rd at Orana Street, stop 37","routes":["204"],"categories":["intermediate_bus"],"route_count":1},"geometry":{"type":"Point","coordinates":[153.09334,-27.495785]}},{"type":"Feature","properties":{"stop_id":"2555","name":"Old Cleveland Rd at Pembroke Street, stop 36","routes":["204"],"categories":["intermediate_bus"],"route_count":1},"geometry":{"type":"Point","coordinates":[153.091841,-27.4956]}},{"type":"Feature","properties":{"stop_id":"2556","name":"Old Cleveland Rd at Carina, stop 35","routes":["200","204","222"],"categories":["high_bus","intermediate_bus"],"route_count":3},"geometry":{"type":"Point","coordinates":[153.089286,-27.495768]}},{"type":"Feature","properties":{"stop_id":"2557","name":"Old Cleveland Rd at Wonersh Street, stop 34","routes":["204"],"categories":["intermediate_bus"],"route_count":1},"geometry":{"type":"Point","coordinates":[153.085567,-27.494886]}},{"type":"Feature","properties":{"stop_id":"2558","name":"Old Cleveland Rd at Orwell Street, stop 33","routes":["204"],"categories":["intermediate_bus"],"route_count":1},"geometry":{"type":"Point","coordinates":[153.083771,-27.493278]}},{"type":"Feature","properties":{"stop_id":"2559","name":"Old Cleveland Rd at Camp Hill Primary","routes":["204"],"categories":["intermediate_bus"],"route_count":1},"geometry":{"type":"Point","coordinates":[153.080292,-27.493233]}},{"type":"Feature","properties":{"stop_id":"2561","name":"Old Cleveland Rd at Camp Hill, stop 30","routes":["200","204","222"],"categories":["high_bus","intermediate_bus"],"route_count":3},"geometry":{"type":"Point","coordinates":[153.074812,-27.492811]}},{"type":"Feature","properties":{"stop_id":"2562","name":"Old Cleveland Rd at Pampling Street, stop 29","routes":["204"],"categories":["intermediate_bus"],"route_count":1},"geometry":{"type":"Point","coordinates":[153.071932,-27.491983]}},{"type":"Feature","properties":{"stop_id":"2564","name":"Old Cleveland Rd at Madeline Street, stop 27","routes":["204"],"categories":["intermediate_bus"],"route_count":1},"geometry":{"type":"Point","coordinates":[153.068498,-27.491573]}},{"type":"Feature","properties":{"stop_id":"2565","name":"Old Cleveland Rd at Kismet Street, stop 26","routes":["204","222"],"categories":["high_bus","intermediate_bus"],"route_count":2},"geometry":{"type":"Point","coordinates":[153.065325,-27.492134]}},{"type":"Feature","properties":{"stop_id":"2566","name":"Old Cleveland Rd at Coorparoo Primary","routes":["204"],"categories":["intermediate_bus"],"route_count":1},"geometry":{"type":"Point","coordinates":[153.061801,-27.493252]}},{"type":"Feature","properties":{"stop_id":"2567","name":"Old Cleveland Rd at Burke Street, stop 25","routes":["204"],"categories":["intermediate_bus"],"route_count":1},"geometry":{"type":"Point","coordinates":[153.063334,-27.492532]}},{"type":"Feature","properties":{"stop_id":"2569","name":"Old Cleveland Rd at Coorparoo Primary","routes":["204"],"categories":["intermediate_bus"],"route_count":1},"geometry":{"type":"Point","coordinates":[153.060644,-27.493578]}},{"type":"Feature","properties":{"stop_id":"2572","name":"Old Cleveland Rd at Kismet Street Stop 26","routes":["204","222"],"categories":["high_bus","intermediate_bus"],"route_count":2},"geometry":{"type":"Point","coordinates":[153.065981,-27.491798]}},{"type":"Feature","properties":{"stop_id":"2573","name":"Old Cleveland Rd at Madeline Street Stop 27","routes":["204"],"categories":["intermediate_bus"],"route_count":1},"geometry":{"type":"Point","coordinates":[153.068011,-27.491445]}},{"type":"Feature","properties":{"stop_id":"2574","name":"Old Cleveland Rd at Dorothy Lane Stop 28","routes":["204"],"categories":["intermediate_bus"],"route_count":1},"geometry":{"type":"Point","coordinates":[153.070532,-27.491238]}},{"type":"Feature","properties":{"stop_id":"2575","name":"Old Cleveland Rd at Pampling Street Stop 29","routes":["204"],"categories":["intermediate_bus"],"route_count":1},"geometry":{"type":"Point","coordinates":[153.072274,-27.491918]}},{"type":"Feature","properties":{"stop_id":"2576","name":"Old Cleveland Rd at Camp Hill","routes":["200","204","222"],"categories":["high_bus","intermediate_bus"],"route_count":3},"geometry":{"type":"Point","coordinates":[153.074614,-27.492507]}},{"type":"Feature","properties":{"stop_id":"2578","name":"Old Cleveland Rd at Camp Hill Primary","routes":["204"],"categories":["intermediate_bus"],"route_count":1},"geometry":{"type":"Point","coordinates":[153.079632,-27.492953]}},{"type":"Feature","properties":{"stop_id":"2579","name":"Old Cleveland Rd at Orwell Street Stop 33","routes":["204"],"categories":["intermediate_bus"],"route_count":1},"geometry":{"type":"Point","coordinates":[153.084094,-27.493026]}},{"type":"Feature","properties":{"stop_id":"2580","name":"Old Cleveland Rd at Wonersh Street Stop 34","routes":["204"],"categories":["intermediate_bus"],"route_count":1},"geometry":{"type":"Point","coordinates":[153.085931,-27.494846]}},{"type":"Feature","properties":{"stop_id":"2581","name":"Old Cleveland Rd at Carina Stop 35","routes":["200","204","222"],"categories":["high_bus","intermediate_bus"],"route_count":3},"geometry":{"type":"Point","coordinates":[153.088293,-27.49562]}},{"type":"Feature","properties":{"stop_id":"2584","name":"Old Cleveland Rd at Pembroke Street Stop 36","routes":["204"],"categories":["intermediate_bus"],"route_count":1},"geometry":{"type":"Point","coordinates":[153.09162,-27.495256]}},{"type":"Feature","properties":{"stop_id":"26","name":"Adelaide Street Stop 26 at Anzac Square","routes":["199"],"categories":["high_bus"],"route_count":1},"geometry":{"type":"Point","coordinates":[153.026667,-27.467098]}},{"type":"Feature","properties":{"stop_id":"266","name":"Coronation Dr at Auchenflower, stop 7","routes":["412","444"],"categories":["high_bus"],"route_count":2},"geometry":{"type":"Point","coordinates":[153.003194,-27.474943]}},{"type":"Feature","properties":{"stop_id":"267","name":"Coronation Dr at Auchenflower, stop 7","routes":["412","444"],"categories":["high_bus"],"route_count":2},"geometry":{"type":"Point","coordinates":[153.00324,-27.475273]}},{"type":"Feature","properties":{"stop_id":"271","name":"Coronation Dr at Cribb Street, stop 5/4","routes":["412","444"],"categories":["high_bus"],"route_count":2},"geometry":{"type":"Point","coordinates":[153.00644,-27.472072]}},{"type":"Feature","properties":{"stop_id":"272","name":"Coronation Dr at Cribb Street, stop 4","routes":["412","444"],"categories":["high_bus"],"route_count":2},"geometry":{"type":"Point","coordinates":[153.007921,-27.471125]}},{"type":"Feature","properties":{"stop_id":"273","name":"Coronation Dr at Boomerang St, stop 3","routes":["412"],"categories":["high_bus"],"route_count":1},"geometry":{"type":"Point","coordinates":[153.00984,-27.469223]}},{"type":"Feature","properties":{"stop_id":"28","name":"Adelaide Street Stop 28 near Hutton Lane","routes":["60","375","390"],"categories":["high_bus","intermediate_bus"],"route_count":3},"geometry":{"type":"Point","coordinates":[153.028426,-27.465718]}},{"type":"Feature","properties":{"stop_id":"2894","name":"Kingsford Smith Dr at French St, stop 40","routes":["590"],"categories":["intermediate_bus"],"route_count":1},"geometry":{"type":"Point","coordinates":[153.095283,-27.429321]}},{"type":"Feature","properties":{"stop_id":"29","name":"Adelaide Street Stop 29 near Wharf St","routes":["196","199","300"],"categories":["high_bus","intermediate_bus"],"route_count":3},"geometry":{"type":"Point","coordinates":[153.029766,-27.464681]}},{"type":"Feature","properties":{"stop_id":"2941","name":"Lancaster Rd at Ascot Rail, stop 24/13","routes":["300"],"categories":["intermediate_bus"],"route_count":1},"geometry":{"type":"Point","coordinates":[153.063957,-27.431011]}},{"type":"Feature","properties":{"stop_id":"2944","name":"Racecourse Rd at Beatrice Street, stop 22","routes":["300"],"categories":["intermediate_bus"],"route_count":1},"geometry":{"type":"Point","coordinates":[153.065388,-27.432872]}},{"type":"Feature","properties":{"stop_id":"2945","name":"Racecourse Rd at Kent Street, stop 21","routes":["300"],"categories":["intermediate_bus"],"route_count":1},"geometry":{"type":"Point","coordinates":[153.064949,-27.435692]}},{"type":"Feature","properties":{"stop_id":"2946","name":"Racecourse Rd at Beatrice Terrace, stop 22","routes":["300"],"categories":["intermediate_bus"],"route_count":1},"geometry":{"type":"Point","coordinates":[153.065147,-27.433614]}},{"type":"Feature","properties":{"stop_id":"2965","name":"Zillman Rd at Junction Road, stop 35a/42","routes":["300"],"categories":["intermediate_bus"],"route_count":1},"geometry":{"type":"Point","coordinates":[153.064509,-27.416433]}},{"type":"Feature","properties":{"stop_id":"2966","name":"Gellibrand St near Zillman Rd, stop 36/4","routes":["300"],"categories":["intermediate_bus"],"route_count":1},"geometry":{"type":"Point","coordinates":[153.064252,-27.415696]}},{"type":"Feature","properties":{"stop_id":"2967","name":"Zillman Rd at Union Street, stop 35/6","routes":["300"],"categories":["intermediate_bus"],"route_count":1},"geometry":{"type":"Point","coordinates":[153.064038,-27.418582]}},{"type":"Feature","properties":{"stop_id":"2968","name":"Zillman Rd at Union Street, stop 35/6","routes":["300"],"categories":["intermediate_bus"],"route_count":1},"geometry":{"type":"Point","coordinates":[153.0641,-27.418952]}},{"type":"Feature","properties":{"stop_id":"2969","name":"Zillman Rd at Bowley Street, stop 33/34","routes":["300"],"categories":["intermediate_bus"],"route_count":1},"geometry":{"type":"Point","coordinates":[153.063732,-27.420468]}},{"type":"Feature","properties":{"stop_id":"2970","name":"Zillman Rd at Bowley Street, stop 34/33","routes":["300"],"categories":["intermediate_bus"],"route_count":1},"geometry":{"type":"Point","coordinates":[153.063797,-27.420811]}},{"type":"Feature","properties":{"stop_id":"2974","name":"East West Arterial Rd at Nudgee Rd","routes":["590"],"categories":["intermediate_bus"],"route_count":1},"geometry":{"type":"Point","coordinates":[153.073538,-27.411473]}},{"type":"Feature","properties":{"stop_id":"2975","name":"East West Arterial Rd at Nudgee Rd","routes":["590"],"categories":["intermediate_bus"],"route_count":1},"geometry":{"type":"Point","coordinates":[153.073932,-27.410904]}},{"type":"Feature","properties":{"stop_id":"2979","name":"Toohey Rd at Wellers Hill School, stop 47a","routes":["120"],"categories":["high_bus"],"route_count":1},"geometry":{"type":"Point","coordinates":[153.046019,-27.526632]}},{"type":"Feature","properties":{"stop_id":"2980","name":"Toohey Rd at Wellers Hill School, stop 47a","routes":["120"],"categories":["high_bus"],"route_count":1},"geometry":{"type":"Point","coordinates":[153.045885,-27.526577]}},{"type":"Feature","properties":{"stop_id":"2986","name":"Toohey Rd at Denham Terrace, stop 44/41","routes":["120"],"categories":["high_bus"],"route_count":1},"geometry":{"type":"Point","coordinates":[153.046734,-27.522167]}},{"type":"Feature","properties":{"stop_id":"2987","name":"Toohey Rd at Denham Terrace, stop 44/41","routes":["120"],"categories":["high_bus"],"route_count":1},"geometry":{"type":"Point","coordinates":[153.046749,-27.522838]}},{"type":"Feature","properties":{"stop_id":"2994","name":"Sexton St near Effingham St","routes":["120"],"categories":["high_bus"],"route_count":1},"geometry":{"type":"Point","coordinates":[153.044799,-27.517708]}},{"type":"Feature","properties":{"stop_id":"2995","name":"Sexton St near Effingham St","routes":["120"],"categories":["high_bus"],"route_count":1},"geometry":{"type":"Point","coordinates":[153.044826,-27.517846]}},{"type":"Feature","properties":{"stop_id":"2999","name":"Ekibin Rd E at Ekibin, stop 30","routes":["120"],"categories":["high_bus"],"route_count":1},"geometry":{"type":"Point","coordinates":[153.038745,-27.515316]}},{"type":"Feature","properties":{"stop_id":"30","name":"Adelaide Street Stop 30 near Macrossan St","routes":["199"],"categories":["high_bus"],"route_count":1},"geometry":{"type":"Point","coordinates":[153.031688,-27.463027]}},{"type":"Feature","properties":{"stop_id":"3000","name":"Ekibin Rd E at Ekibin, stop 30","routes":["120"],"categories":["high_bus"],"route_count":1},"geometry":{"type":"Point","coordinates":[153.038972,-27.51482]}},{"type":"Feature","properties":{"stop_id":"3001","name":"Langlands Park station, platform 2","routes":["61","222"],"categories":["high_bus"],"route_count":2},"geometry":{"type":"Point","coordinates":[153.049707,-27.498513]}},{"type":"Feature","properties":{"stop_id":"3043","name":"Ipswich Rd at PA Hospital, stop 14","routes":["100","125"],"categories":["high_bus","intermediate_bus"],"route_count":2},"geometry":{"type":"Point","coordinates":[153.035375,-27.499003]}},{"type":"Feature","properties":{"stop_id":"3044","name":"Ipswich Rd at OKeefe Street, stop 13","routes":["125"],"categories":["intermediate_bus"],"route_count":1},"geometry":{"type":"Point","coordinates":[153.035149,-27.497755]}},{"type":"Feature","properties":{"stop_id":"3047","name":"Ipswich Rd at Broadway, stop 10a","routes":["125"],"categories":["intermediate_bus"],"route_count":1},"geometry":{"type":"Point","coordinates":[153.035246,-27.4908]}},{"type":"Feature","properties":{"stop_id":"3048","name":"Ipswich Rd at Balaclava Street, stop 10","routes":["125"],"categories":["intermediate_bus"],"route_count":1},"geometry":{"type":"Point","coordinates":[153.035837,-27.488829]}},{"type":"Feature","properties":{"stop_id":"3051","name":"Logan Rd at Walker Street, stop 10a","routes":["175","204"],"categories":["intermediate_bus"],"route_count":2},"geometry":{"type":"Point","coordinates":[153.038471,-27.489562]}},{"type":"Feature","properties":{"stop_id":"3052","name":"Jurgens St at Balaclava Street, stop 10","routes":["125"],"categories":["intermediate_bus"],"route_count":1},"geometry":{"type":"Point","coordinates":[153.036661,-27.489532]}},{"type":"Feature","properties":{"stop_id":"3053","name":"Logan Rd at Lotus Street, stop 10a","routes":["175","204"],"categories":["intermediate_bus"],"route_count":2},"geometry":{"type":"Point","coordinates":[153.038428,-27.48927]}},{"type":"Feature","properties":{"stop_id":"3054","name":"Logan Rd at Lewis Street, stop 11/12","routes":["61","175","204"],"categories":["high_bus","intermediate_bus"],"route_count":3},"geometry":{"type":"Point","coordinates":[153.041284,-27.492647]}},{"type":"Feature","properties":{"stop_id":"3055","name":"Logan Rd at Vanda Street, stop 13","routes":["175","204"],"categories":["intermediate_bus"],"route_count":2},"geometry":{"type":"Point","coordinates":[153.041447,-27.495019]}},{"type":"Feature","properties":{"stop_id":"3056","name":"Logan Rd at Buranda Railway, stop 14/16","routes":["175","204"],"categories":["intermediate_bus"],"route_count":2},"geometry":{"type":"Point","coordinates":[153.042147,-27.497484]}},{"type":"Feature","properties":{"stop_id":"3057","name":"Old Cleveland Rd at Stones Corner Library","routes":["204"],"categories":["intermediate_bus"],"route_count":1},"geometry":{"type":"Point","coordinates":[153.043772,-27.498292]}},{"type":"Feature","properties":{"stop_id":"3058","name":"Old Cleveland Rd at Edith Street, stop 17a","routes":["204"],"categories":["intermediate_bus"],"route_count":1},"geometry":{"type":"Point","coordinates":[153.045348,-27.498543]}},{"type":"Feature","properties":{"stop_id":"3059","name":"Logan Rd at Buranda Railway, stop 16/14","routes":["175","204"],"categories":["intermediate_bus"],"route_count":2},"geometry":{"type":"Point","coordinates":[153.041814,-27.497383]}},{"type":"Feature","properties":{"stop_id":"3060","name":"Logan Rd at Vanda Street, stop 13","routes":["175","204"],"categories":["intermediate_bus"],"route_count":2},"geometry":{"type":"Point","coordinates":[153.041262,-27.495436]}},{"type":"Feature","properties":{"stop_id":"3061","name":"Logan Rd at Buranda Street, stop 12","routes":["175","204"],"categories":["intermediate_bus"],"route_count":2},"geometry":{"type":"Point","coordinates":[153.041197,-27.49378]}},{"type":"Feature","properties":{"stop_id":"3062","name":"Logan Rd at Lewis Street, stop 11","routes":["61","175","204"],"categories":["high_bus","intermediate_bus"],"route_count":3},"geometry":{"type":"Point","coordinates":[153.040728,-27.491992]}},{"type":"Feature","properties":{"stop_id":"3063","name":"Ipswich Rd at Broadway, stop 10a","routes":["125"],"categories":["intermediate_bus"],"route_count":1},"geometry":{"type":"Point","coordinates":[153.035236,-27.491501]}},{"type":"Feature","properties":{"stop_id":"3067","name":"Ipswich Rd at PA Hospital Citybus, stop 14A","routes":["125"],"categories":["intermediate_bus"],"route_count":1},"geometry":{"type":"Point","coordinates":[153.035711,-27.499166]}},{"type":"Feature","properties":{"stop_id":"3071","name":"Langlands Park station, platform 1","routes":["61","222"],"categories":["high_bus"],"route_count":2},"geometry":{"type":"Point","coordinates":[153.049224,-27.49863]}},{"type":"Feature","properties":{"stop_id":"307147","name":"Apollo Road ferry terminal","routes":["F1"],"categories":["ferry"],"route_count":1},"geometry":{"type":"Point","coordinates":[153.063814,-27.443253]}},{"type":"Feature","properties":{"stop_id":"3072","name":"Stones Corner station, platform 2","routes":["61","222"],"categories":["high_bus"],"route_count":2},"geometry":{"type":"Point","coordinates":[153.04465,-27.497829]}},{"type":"Feature","properties":{"stop_id":"3073","name":"Stanley St at East Brisbane School, stop 10","routes":["185"],"categories":["intermediate_bus"],"route_count":1},"geometry":{"type":"Point","coordinates":[153.039649,-27.487035]}},{"type":"Feature","properties":{"stop_id":"3091","name":"Stones Corner station, platform 1","routes":["61","222"],"categories":["high_bus"],"route_count":2},"geometry":{"type":"Point","coordinates":[153.043994,-27.497811]}},{"type":"Feature","properties":{"stop_id":"3100","name":"Newnham Rd at Delavan, stop 78","routes":["185","590"],"categories":["intermediate_bus"],"route_count":2},"geometry":{"type":"Point","coordinates":[153.089335,-27.560344]}},{"type":"Feature","properties":{"stop_id":"3101","name":"Newnham Rd at Arila Street, stop 77","routes":["185"],"categories":["intermediate_bus"],"route_count":1},"geometry":{"type":"Point","coordinates":[153.090209,-27.554924]}},{"type":"Feature","properties":{"stop_id":"3120","name":"Newnham Rd at Tolson Street, stop 75","routes":["185"],"categories":["intermediate_bus"],"route_count":1},"geometry":{"type":"Point","coordinates":[153.091418,-27.549259]}},{"type":"Feature","properties":{"stop_id":"3122","name":"Newnham Rd at Wishart West, stop 76","routes":["185","590"],"categories":["intermediate_bus"],"route_count":2},"geometry":{"type":"Point","coordinates":[153.090927,-27.551929]}},{"type":"Feature","properties":{"stop_id":"3123","name":"Newnham Rd at Arila Street, stop 77","routes":["185"],"categories":["intermediate_bus"],"route_count":1},"geometry":{"type":"Point","coordinates":[153.090565,-27.553833]}},{"type":"Feature","properties":{"stop_id":"3124","name":"Newnham Rd at Wishart West, stop 76","routes":["185","590"],"categories":["intermediate_bus"],"route_count":2},"geometry":{"type":"Point","coordinates":[153.09076,-27.551943]}},{"type":"Feature","properties":{"stop_id":"3125","name":"Newnham Rd at Tolson Street, stop 75","routes":["185"],"categories":["intermediate_bus"],"route_count":1},"geometry":{"type":"Point","coordinates":[153.091224,-27.549424]}},{"type":"Feature","properties":{"stop_id":"3134","name":"Barrett St at Bracken Ridge Library, stop 37","routes":["330"],"categories":["high_bus"],"route_count":1},"geometry":{"type":"Point","coordinates":[153.039532,-27.318977]}},{"type":"Feature","properties":{"stop_id":"3136","name":"Bracken St at Bracken Ridge Library","routes":["330"],"categories":["high_bus"],"route_count":1},"geometry":{"type":"Point","coordinates":[153.03827,-27.318459]}},{"type":"Feature","properties":{"stop_id":"3145","name":"Gawain Rd at Gawain East, stop 42","routes":["330"],"categories":["high_bus"],"route_count":1},"geometry":{"type":"Point","coordinates":[153.038295,-27.316234]}},{"type":"Feature","properties":{"stop_id":"3146","name":"Gawain Rd at Gawain East, stop 42","routes":["330"],"categories":["high_bus"],"route_count":1},"geometry":{"type":"Point","coordinates":[153.03801,-27.31608]}},{"type":"Feature","properties":{"stop_id":"3147","name":"Gawain Rd at Bracken Ridge, stop 43","routes":["330"],"categories":["high_bus"],"route_count":1},"geometry":{"type":"Point","coordinates":[153.031609,-27.315106]}},{"type":"Feature","properties":{"stop_id":"3148","name":"Gawain Rd at Bracken Ridge, stop 43","routes":["330"],"categories":["high_bus"],"route_count":1},"geometry":{"type":"Point","coordinates":[153.032592,-27.315372]}},{"type":"Feature","properties":{"stop_id":"3166","name":"Barbour Rd near Phillips St","routes":["330"],"categories":["high_bus"],"route_count":1},"geometry":{"type":"Point","coordinates":[153.028914,-27.324101]}},{"type":"Feature","properties":{"stop_id":"3167","name":"Norris Rd at Bracken Ridge TAFE","routes":["330"],"categories":["high_bus"],"route_count":1},"geometry":{"type":"Point","coordinates":[153.02705,-27.320995]}},{"type":"Feature","properties":{"stop_id":"3168","name":"Norris Rd at Bracken Ridge TAFE","routes":["330"],"categories":["high_bus"],"route_count":1},"geometry":{"type":"Point","coordinates":[153.027092,-27.321544]}},{"type":"Feature","properties":{"stop_id":"3169","name":"Norris Rd at Greenore Street","routes":["330"],"categories":["high_bus"],"route_count":1},"geometry":{"type":"Point","coordinates":[153.027995,-27.31667]}},{"type":"Feature","properties":{"stop_id":"3170","name":"Norris Rd at Greenore Street, stop 45","routes":["330"],"categories":["high_bus"],"route_count":1},"geometry":{"type":"Point","coordinates":[153.027746,-27.317229]}},{"type":"Feature","properties":{"stop_id":"3171","name":"Phillips St at St Josephs","routes":["330"],"categories":["high_bus"],"route_count":1},"geometry":{"type":"Point","coordinates":[153.034168,-27.327231]}},{"type":"Feature","properties":{"stop_id":"3172","name":"Phillips St at St Josephs","routes":["330"],"categories":["high_bus"],"route_count":1},"geometry":{"type":"Point","coordinates":[153.034177,-27.327343]}},{"type":"Feature","properties":{"stop_id":"317571","name":"Regatta ferry terminal","routes":["F1"],"categories":["ferry"],"route_count":1},"geometry":{"type":"Point","coordinates":[152.996899,-27.483199]}},{"type":"Feature","properties":{"stop_id":"317572","name":"Guyatt Park ferry terminal","routes":["F1"],"categories":["ferry"],"route_count":1},"geometry":{"type":"Point","coordinates":[153.002217,-27.492284]}},{"type":"Feature","properties":{"stop_id":"317574","name":"West End ferry terminal","routes":["F1"],"categories":["ferry"],"route_count":1},"geometry":{"type":"Point","coordinates":[153.003328,-27.490234]}},{"type":"Feature","properties":{"stop_id":"317578","name":"Maritime Museum ferry terminal","routes":["F24"],"categories":["ferry"],"route_count":1},"geometry":{"type":"Point","coordinates":[153.028832,-27.481937]}},{"type":"Feature","properties":{"stop_id":"317580","name":"Holman Street ferry terminal","routes":["F23"],"categories":["ferry"],"route_count":1},"geometry":{"type":"Point","coordinates":[153.033444,-27.465638]}},{"type":"Feature","properties":{"stop_id":"317581","name":"Dockside ferry terminal","routes":["F22"],"categories":["ferry"],"route_count":1},"geometry":{"type":"Point","coordinates":[153.039214,-27.472428]}},{"type":"Feature","properties":{"stop_id":"317582","name":"Mowbray Park ferry terminal","routes":["F1"],"categories":["ferry"],"route_count":1},"geometry":{"type":"Point","coordinates":[153.043527,-27.477332]}},{"type":"Feature","properties":{"stop_id":"317583","name":"Hawthorne ferry terminal","routes":["F1"],"categories":["ferry"],"route_count":1},"geometry":{"type":"Point","coordinates":[153.053132,-27.461179]}},{"type":"Feature","properties":{"stop_id":"317584","name":"Bulimba ferry terminal","routes":["F1","F21"],"categories":["ferry"],"route_count":2},"geometry":{"type":"Point","coordinates":[153.052222,-27.450432]}},{"type":"Feature","properties":{"stop_id":"317587","name":"Teneriffe ferry terminal","routes":["F1","F21"],"categories":["ferry"],"route_count":2},"geometry":{"type":"Point","coordinates":[153.049421,-27.451838]}},{"type":"Feature","properties":{"stop_id":"317588","name":"New Farm Park ferry terminal","routes":["F1"],"categories":["ferry"],"route_count":1},"geometry":{"type":"Point","coordinates":[153.052479,-27.471669]}},{"type":"Feature","properties":{"stop_id":"317589","name":"Sydney Street ferry terminal","routes":["F1","F22"],"categories":["ferry"],"route_count":2},"geometry":{"type":"Point","coordinates":[153.042216,-27.474811]}},{"type":"Feature","properties":{"stop_id":"317590","name":"Riverside ferry terminal","routes":["F1","F23"],"categories":["ferry"],"route_count":2},"geometry":{"type":"Point","coordinates":[153.031315,-27.466871]}},{"type":"Feature","properties":{"stop_id":"317593","name":"North Quay ferry terminal","routes":["F1"],"categories":["ferry"],"route_count":1},"geometry":{"type":"Point","coordinates":[153.022477,-27.472707]}},{"type":"Feature","properties":{"stop_id":"318002","name":"Northshore Hamilton ferry terminal","routes":["F1"],"categories":["ferry"],"route_count":1},"geometry":{"type":"Point","coordinates":[153.083784,-27.445456]}},{"type":"Feature","properties":{"stop_id":"3182","name":"Denham St at Warra, stop 31","routes":["330"],"categories":["high_bus"],"route_count":1},"geometry":{"type":"Point","coordinates":[153.04186,-27.330398]}},{"type":"Feature","properties":{"stop_id":"3183","name":"Denham St at Warra","routes":["330"],"categories":["high_bus"],"route_count":1},"geometry":{"type":"Point","coordinates":[153.041638,-27.330774]}},{"type":"Feature","properties":{"stop_id":"319586","name":"Milton ferry terminal","routes":["F1"],"categories":["ferry"],"route_count":1},"geometry":{"type":"Point","coordinates":[153.005633,-27.473584]}},{"type":"Feature","properties":{"stop_id":"319637","name":"QUT Gardens Point ferry terminal","routes":["F1","F24"],"categories":["ferry"],"route_count":2},"geometry":{"type":"Point","coordinates":[153.026226,-27.478495]}},{"type":"Feature","properties":{"stop_id":"319665","name":"UQ St Lucia ferry terminal","routes":["F1"],"categories":["ferry"],"route_count":1},"geometry":{"type":"Point","coordinates":[153.019549,-27.496777]}},{"type":"Feature","properties":{"stop_id":"319743","name":"Bretts Wharf ferry terminal","routes":["F1"],"categories":["ferry"],"route_count":1},"geometry":{"type":"Point","coordinates":[153.064097,-27.440237]}},{"type":"Feature","properties":{"stop_id":"32","name":"Adelaide St app Wharf St Stop 32","routes":["300"],"categories":["intermediate_bus"],"route_count":1},"geometry":{"type":"Point","coordinates":[153.030371,-27.464389]}},{"type":"Feature","properties":{"stop_id":"320684","name":"Loganholme, stop B","routes":["555"],"categories":["high_bus"],"route_count":1},"geometry":{"type":"Point","coordinates":[153.173611,-27.660607]}},{"type":"Feature","properties":{"stop_id":"320687","name":"Springwood station, platform 1","routes":["555"],"categories":["high_bus"],"route_count":1},"geometry":{"type":"Point","coordinates":[153.124979,-27.615057]}},{"type":"Feature","properties":{"stop_id":"320688","name":"Springwood station, platform 2","routes":["555"],"categories":["high_bus"],"route_count":1},"geometry":{"type":"Point","coordinates":[153.124573,-27.615083]}},{"type":"Feature","properties":{"stop_id":"321208","name":"Howard Smith Wharves ferry terminal","routes":["F1"],"categories":["ferry"],"route_count":1},"geometry":{"type":"Point","coordinates":[153.03765,-27.463126]}},{"type":"Feature","properties":{"stop_id":"321666","name":"South Bank ferry terminal","routes":["F1"],"categories":["ferry"],"route_count":1},"geometry":{"type":"Point","coordinates":[153.022276,-27.475897]}},{"type":"Feature","properties":{"stop_id":"321945","name":"Rochedale station, platform 2","routes":["555"],"categories":["high_bus"],"route_count":1},"geometry":{"type":"Point","coordinates":[153.111267,-27.592965]}},{"type":"Feature","properties":{"stop_id":"321946","name":"Rochedale station, platform 1","routes":["555"],"categories":["high_bus"],"route_count":1},"geometry":{"type":"Point","coordinates":[153.111058,-27.592831]}},{"type":"Feature","properties":{"stop_id":"33","name":"Adelaide Street Stop 33 near Wharf St","routes":["196","199"],"categories":["high_bus"],"route_count":2},"geometry":{"type":"Point","coordinates":[153.029796,-27.464835]}},{"type":"Feature","properties":{"stop_id":"3337","name":"Murphy Rd at Zillmere School, stop 44","routes":["330"],"categories":["high_bus"],"route_count":1},"geometry":{"type":"Point","coordinates":[153.037138,-27.364714]}},{"type":"Feature","properties":{"stop_id":"3340","name":"Murphy Rd at Zillmere School, stop 44","routes":["330"],"categories":["high_bus"],"route_count":1},"geometry":{"type":"Point","coordinates":[153.03736,-27.364303]}},{"type":"Feature","properties":{"stop_id":"3342","name":"Handford Rd at Zillmere station","routes":["330"],"categories":["high_bus"],"route_count":1},"geometry":{"type":"Point","coordinates":[153.038204,-27.359145]}},{"type":"Feature","properties":{"stop_id":"3343","name":"Handford Rd at Zillmere station","routes":["330"],"categories":["high_bus"],"route_count":1},"geometry":{"type":"Point","coordinates":[153.038444,-27.358545]}},{"type":"Feature","properties":{"stop_id":"3350","name":"Handford Rd at Handford - Battersby, stop 48","routes":["330"],"categories":["high_bus"],"route_count":1},"geometry":{"type":"Point","coordinates":[153.039168,-27.353816]}},{"type":"Feature","properties":{"stop_id":"3351","name":"Handford Rd at Handford - Battersby, stop 49","routes":["330"],"categories":["high_bus"],"route_count":1},"geometry":{"type":"Point","coordinates":[153.039315,-27.353794]}},{"type":"Feature","properties":{"stop_id":"3359","name":"Handford Rd at Symes Grove","routes":["330"],"categories":["high_bus"],"route_count":1},"geometry":{"type":"Point","coordinates":[153.041018,-27.343725]}},{"type":"Feature","properties":{"stop_id":"3360","name":"Handford Rd at Symes Grove, stop 49","routes":["330"],"categories":["high_bus"],"route_count":1},"geometry":{"type":"Point","coordinates":[153.040988,-27.34484]}},{"type":"Feature","properties":{"stop_id":"3364","name":"Handford Rd at St Flannans School","routes":["330"],"categories":["high_bus"],"route_count":1},"geometry":{"type":"Point","coordinates":[153.039815,-27.350948]}},{"type":"Feature","properties":{"stop_id":"3365","name":"Carseldine station","routes":["340"],"categories":["high_bus"],"route_count":1},"geometry":{"type":"Point","coordinates":[153.028745,-27.347704]}},{"type":"Feature","properties":{"stop_id":"3366","name":"Beams Rd at Carseldine Campus","routes":["340"],"categories":["high_bus"],"route_count":1},"geometry":{"type":"Point","coordinates":[153.023013,-27.347573]}},{"type":"Feature","properties":{"stop_id":"3367","name":"Beams Rd at Carseldine Campus","routes":["340"],"categories":["high_bus"],"route_count":1},"geometry":{"type":"Point","coordinates":[153.023646,-27.3479]}},{"type":"Feature","properties":{"stop_id":"3376","name":"Handford Rd at St Flannans School","routes":["330"],"categories":["high_bus"],"route_count":1},"geometry":{"type":"Point","coordinates":[153.039536,-27.351807]}},{"type":"Feature","properties":{"stop_id":"3412","name":"Gympie Rd at Aspley South, stop 41","routes":["340"],"categories":["high_bus"],"route_count":1},"geometry":{"type":"Point","coordinates":[153.020115,-27.370728]}},{"type":"Feature","properties":{"stop_id":"3421","name":"Murphy Rd at Ellison Road, stop 41","routes":["330"],"categories":["high_bus"],"route_count":1},"geometry":{"type":"Point","coordinates":[153.034986,-27.375088]}},{"type":"Feature","properties":{"stop_id":"35","name":"Adelaide Street Stop 35 near Creek St","routes":["300","375"],"categories":["intermediate_bus"],"route_count":2},"geometry":{"type":"Point","coordinates":[153.028155,-27.466093]}},{"type":"Feature","properties":{"stop_id":"36","name":"Adelaide Street Stop 36 near Anzac Square","routes":["60"],"categories":["high_bus"],"route_count":1},"geometry":{"type":"Point","coordinates":[153.026852,-27.467126]}},{"type":"Feature","properties":{"stop_id":"3627","name":"Alexandra Rd at Reeve Street Stop 27","routes":["300"],"categories":["intermediate_bus"],"route_count":1},"geometry":{"type":"Point","coordinates":[153.058197,-27.428899]}},{"type":"Feature","properties":{"stop_id":"3628","name":"Alexandra Rd at Reeve Street Stop 27","routes":["300"],"categories":["intermediate_bus"],"route_count":1},"geometry":{"type":"Point","coordinates":[153.058311,-27.428955]}},{"type":"Feature","properties":{"stop_id":"3629","name":"Alexandra Rd at Oriel Road Stop 28","routes":["300"],"categories":["intermediate_bus"],"route_count":1},"geometry":{"type":"Point","coordinates":[153.058513,-27.427021]}},{"type":"Feature","properties":{"stop_id":"3630","name":"Alexandra Rd at Oriel Road Stop 28","routes":["300"],"categories":["intermediate_bus"],"route_count":1},"geometry":{"type":"Point","coordinates":[153.058626,-27.427079]}},{"type":"Feature","properties":{"stop_id":"3631","name":"Alexandra Rd at Palm Avenue Stop 29","routes":["300"],"categories":["intermediate_bus"],"route_count":1},"geometry":{"type":"Point","coordinates":[153.058791,-27.425409]}},{"type":"Feature","properties":{"stop_id":"3633","name":"Alexandra Rd at Florence Street Stop 29","routes":["300"],"categories":["intermediate_bus"],"route_count":1},"geometry":{"type":"Point","coordinates":[153.058774,-27.42626]}},{"type":"Feature","properties":{"stop_id":"3634","name":"Alexandra Rd at Sefton Road Stop 30","routes":["300"],"categories":["intermediate_bus"],"route_count":1},"geometry":{"type":"Point","coordinates":[153.059128,-27.423394]}},{"type":"Feature","properties":{"stop_id":"3641","name":"Sefton Rd near Alexandra Rd, stop 30","routes":["300"],"categories":["intermediate_bus"],"route_count":1},"geometry":{"type":"Point","coordinates":[153.059472,-27.423162]}},{"type":"Feature","properties":{"stop_id":"3643","name":"Sefton Rd at Marie Street, stop 31","routes":["300"],"categories":["intermediate_bus"],"route_count":1},"geometry":{"type":"Point","coordinates":[153.062623,-27.423489]}},{"type":"Feature","properties":{"stop_id":"3644","name":"Zillman Rd at Hendra Rail, stop 32/8","routes":["300"],"categories":["intermediate_bus"],"route_count":1},"geometry":{"type":"Point","coordinates":[153.063429,-27.422206]}},{"type":"Feature","properties":{"stop_id":"3645","name":"Zillman Rd at Hendra Rail, stop 32/8","routes":["300"],"categories":["intermediate_bus"],"route_count":1},"geometry":{"type":"Point","coordinates":[153.06355,-27.422217]}},{"type":"Feature","properties":{"stop_id":"3646","name":"Lancaster Rd at Kitchener Road, stop 25","routes":["300"],"categories":["intermediate_bus"],"route_count":1},"geometry":{"type":"Point","coordinates":[153.061606,-27.430706]}},{"type":"Feature","properties":{"stop_id":"3647","name":"Lancaster Rd at Ormond Street, stop 26","routes":["300"],"categories":["intermediate_bus"],"route_count":1},"geometry":{"type":"Point","coordinates":[153.059171,-27.430377]}},{"type":"Feature","properties":{"stop_id":"3648","name":"Lancaster Rd at Ormond Street, stop 26","routes":["300"],"categories":["intermediate_bus"],"route_count":1},"geometry":{"type":"Point","coordinates":[153.059774,-27.430334]}},{"type":"Feature","properties":{"stop_id":"3649","name":"Lancaster Rd at Kitchener Road, stop 25","routes":["300"],"categories":["intermediate_bus"],"route_count":1},"geometry":{"type":"Point","coordinates":[153.061839,-27.43061]}},{"type":"Feature","properties":{"stop_id":"3650","name":"Lancaster Rd at Ascot Rail, stop 24/12","routes":["300"],"categories":["intermediate_bus"],"route_count":1},"geometry":{"type":"Point","coordinates":[153.063919,-27.43088]}},{"type":"Feature","properties":{"stop_id":"3689","name":"Home St at Brougham Street, stop 17A","routes":["19","196"],"categories":["high_bus","intermediate_bus"],"route_count":2},"geometry":{"type":"Point","coordinates":[153.02421,-27.507592]}},{"type":"Feature","properties":{"stop_id":"3690","name":"Home St at Victoria Street, stop 16A","routes":["19","196"],"categories":["high_bus","intermediate_bus"],"route_count":2},"geometry":{"type":"Point","coordinates":[153.024301,-27.505287]}},{"type":"Feature","properties":{"stop_id":"3691","name":"Home St at Fairfield Park, stop 15a","routes":["196"],"categories":["high_bus"],"route_count":1},"geometry":{"type":"Point","coordinates":[153.025125,-27.503858]}},{"type":"Feature","properties":{"stop_id":"3692","name":"Fairfield Rd at Fenton Street, stop 14a","routes":["19","196"],"categories":["high_bus","intermediate_bus"],"route_count":2},"geometry":{"type":"Point","coordinates":[153.025946,-27.502503]}},{"type":"Feature","properties":{"stop_id":"3693","name":"Fairfield Rd at Princess Street, stop 13a","routes":["19","196"],"categories":["high_bus","intermediate_bus"],"route_count":2},"geometry":{"type":"Point","coordinates":[153.026263,-27.500952]}},{"type":"Feature","properties":{"stop_id":"3694","name":"Noble St at Princess Street, stop 13a","routes":["19","196"],"categories":["high_bus","intermediate_bus"],"route_count":2},"geometry":{"type":"Point","coordinates":[153.02834,-27.500458]}},{"type":"Feature","properties":{"stop_id":"3695","name":"Noble St at Fenton Street, stop 14a","routes":["19","196"],"categories":["high_bus","intermediate_bus"],"route_count":2},"geometry":{"type":"Point","coordinates":[153.027071,-27.5025]}},{"type":"Feature","properties":{"stop_id":"37","name":"Adelaide Street Stop 37 near Anzac Square","routes":["196","199"],"categories":["high_bus"],"route_count":2},"geometry":{"type":"Point","coordinates":[153.026699,-27.467224]}},{"type":"Feature","properties":{"stop_id":"3712","name":"Fairfield Rd at Victoria Street, stop 16a","routes":["19","196"],"categories":["high_bus","intermediate_bus"],"route_count":2},"geometry":{"type":"Point","coordinates":[153.025421,-27.505576]}},{"type":"Feature","properties":{"stop_id":"3713","name":"Fairfield Rd at Brougham Street, stop 17A","routes":["19","196"],"categories":["high_bus","intermediate_bus"],"route_count":2},"geometry":{"type":"Point","coordinates":[153.025013,-27.507813]}},{"type":"Feature","properties":{"stop_id":"3716","name":"Brougham St near Fairfield Rd, stop 18","routes":["196"],"categories":["high_bus"],"route_count":1},"geometry":{"type":"Point","coordinates":[153.025306,-27.508267]}},{"type":"Feature","properties":{"stop_id":"3736","name":"Ipswich Rd at PA Hospital, stop 14","routes":["100","125"],"categories":["high_bus","intermediate_bus"],"route_count":2},"geometry":{"type":"Point","coordinates":[153.035397,-27.500489]}},{"type":"Feature","properties":{"stop_id":"3737","name":"Ipswich Rd at Juliette Street, stop 15/16","routes":["125"],"categories":["intermediate_bus"],"route_count":1},"geometry":{"type":"Point","coordinates":[153.034508,-27.502976]}},{"type":"Feature","properties":{"stop_id":"3738","name":"Ipswich Rd at Victoria Terrace, stop 17","routes":["100","125"],"categories":["high_bus","intermediate_bus"],"route_count":2},"geometry":{"type":"Point","coordinates":[153.034741,-27.505994]}},{"type":"Feature","properties":{"stop_id":"3740","name":"Ipswich Rd at Waldheim Street, stop 18/21","routes":["125"],"categories":["intermediate_bus"],"route_count":1},"geometry":{"type":"Point","coordinates":[153.033226,-27.509426]}},{"type":"Feature","properties":{"stop_id":"3741","name":"Ipswich Rd at Annerley Junction, stop 22","routes":["100","125"],"categories":["high_bus","intermediate_bus"],"route_count":2},"geometry":{"type":"Point","coordinates":[153.031997,-27.511609]}},{"type":"Feature","properties":{"stop_id":"3746","name":"Ipswich Rd at Ekibin Road, stop 23","routes":["125"],"categories":["intermediate_bus"],"route_count":1},"geometry":{"type":"Point","coordinates":[153.031456,-27.51291]}},{"type":"Feature","properties":{"stop_id":"3747","name":"Ipswich Rd at Venner - Waterton, stop 24","routes":["125"],"categories":["intermediate_bus"],"route_count":1},"geometry":{"type":"Point","coordinates":[153.030952,-27.514289]}},{"type":"Feature","properties":{"stop_id":"3748","name":"Ipswich Rd at Ekibin Road, stop 23","routes":["125"],"categories":["intermediate_bus"],"route_count":1},"geometry":{"type":"Point","coordinates":[153.031215,-27.512691]}},{"type":"Feature","properties":{"stop_id":"3749","name":"Ipswich Rd at Annerley Junction, stop 22/21","routes":["100","125"],"categories":["high_bus","intermediate_bus"],"route_count":2},"geometry":{"type":"Point","coordinates":[153.031938,-27.511005]}},{"type":"Feature","properties":{"stop_id":"3754","name":"Ipswich Rd at Victoria Terrace, stop 17","routes":["100","125"],"categories":["high_bus","intermediate_bus"],"route_count":2},"geometry":{"type":"Point","coordinates":[153.034287,-27.506769]}},{"type":"Feature","properties":{"stop_id":"3755","name":"Ipswich Rd at Juliette Street, stop 16","routes":["125"],"categories":["intermediate_bus"],"route_count":1},"geometry":{"type":"Point","coordinates":[153.034238,-27.504886]}},{"type":"Feature","properties":{"stop_id":"3756","name":"Ipswich Rd at Cornwall Street, stop 15","routes":["125"],"categories":["intermediate_bus"],"route_count":1},"geometry":{"type":"Point","coordinates":[153.034824,-27.501293]}},{"type":"Feature","properties":{"stop_id":"3763","name":"Logan Rd at Stones Corner Shops, stop 17","routes":["175"],"categories":["intermediate_bus"],"route_count":1},"geometry":{"type":"Point","coordinates":[153.045504,-27.50029]}},{"type":"Feature","properties":{"stop_id":"3764","name":"Logan Rd at Vine Street, stop 18","routes":["175"],"categories":["intermediate_bus"],"route_count":1},"geometry":{"type":"Point","coordinates":[153.046518,-27.501997]}},{"type":"Feature","properties":{"stop_id":"3765","name":"Logan Rd at Stones Corner Shops, stop 17a","routes":["175"],"categories":["intermediate_bus"],"route_count":1},"geometry":{"type":"Point","coordinates":[153.045383,-27.499859]}},{"type":"Feature","properties":{"stop_id":"3766","name":"Logan Rd at Vine Street, stop 18","routes":["175"],"categories":["intermediate_bus"],"route_count":1},"geometry":{"type":"Point","coordinates":[153.046832,-27.502024]}},{"type":"Feature","properties":{"stop_id":"3767","name":"Logan Rd at Logan Rd North, stop 19","routes":["175"],"categories":["intermediate_bus"],"route_count":1},"geometry":{"type":"Point","coordinates":[153.047231,-27.503267]}},{"type":"Feature","properties":{"stop_id":"3768","name":"Logan Rd at Logan Rd North, stop 19","routes":["175"],"categories":["intermediate_bus"],"route_count":1},"geometry":{"type":"Point","coordinates":[153.046978,-27.503531]}},{"type":"Feature","properties":{"stop_id":"3779","name":"Earl St at Thompson Estate, stop 17","routes":["120"],"categories":["high_bus"],"route_count":1},"geometry":{"type":"Point","coordinates":[153.040337,-27.506006]}},{"type":"Feature","properties":{"stop_id":"3780","name":"Earl St at Thompson Estate, stop 17","routes":["120"],"categories":["high_bus"],"route_count":1},"geometry":{"type":"Point","coordinates":[153.040551,-27.505518]}},{"type":"Feature","properties":{"stop_id":"3803","name":"Fairfield Rd at Fairfield Park, stop 15a","routes":["196"],"categories":["high_bus"],"route_count":1},"geometry":{"type":"Point","coordinates":[153.025895,-27.503876]}},{"type":"Feature","properties":{"stop_id":"3804","name":"Sefton Rd at Marie Street, stop 31","routes":["300"],"categories":["intermediate_bus"],"route_count":1},"geometry":{"type":"Point","coordinates":[153.062359,-27.423563]}},{"type":"Feature","properties":{"stop_id":"3842","name":"Waterworks Rd at Parkdale near Petmar St","routes":["385"],"categories":["high_bus"],"route_count":1},"geometry":{"type":"Point","coordinates":[152.934488,-27.444977]}},{"type":"Feature","properties":{"stop_id":"3843","name":"Waterworks Rd at Parkdale near Petmar St","routes":["385"],"categories":["high_bus"],"route_count":1},"geometry":{"type":"Point","coordinates":[152.934919,-27.445005]}},{"type":"Feature","properties":{"stop_id":"3870","name":"Gympie Rd at Kitchener Road","routes":["333","338","340"],"categories":["high_bus","intermediate_bus"],"route_count":3},"geometry":{"type":"Point","coordinates":[153.031332,-27.400624]}},{"type":"Feature","properties":{"stop_id":"3872","name":"Gympie Rd at Rode Road","routes":["333","338","340"],"categories":["high_bus","intermediate_bus"],"route_count":3},"geometry":{"type":"Point","coordinates":[153.030887,-27.393012]}},{"type":"Feature","properties":{"stop_id":"3873","name":"Gympie Rd at Wallace Street","routes":["338"],"categories":["intermediate_bus"],"route_count":1},"geometry":{"type":"Point","coordinates":[153.031273,-27.390392]}},{"type":"Feature","properties":{"stop_id":"3874","name":"Gympie Rd near Wallace Street","routes":["338"],"categories":["intermediate_bus"],"route_count":1},"geometry":{"type":"Point","coordinates":[153.03162,-27.390316]}},{"type":"Feature","properties":{"stop_id":"3875","name":"Gympie Rd at Rode Road","routes":["333","338","340"],"categories":["high_bus","intermediate_bus"],"route_count":3},"geometry":{"type":"Point","coordinates":[153.031059,-27.394001]}},{"type":"Feature","properties":{"stop_id":"3877","name":"Gympie Rd near Strathmore Street","routes":["333","338","340"],"categories":["high_bus","intermediate_bus"],"route_count":3},"geometry":{"type":"Point","coordinates":[153.031897,-27.403548]}},{"type":"Feature","properties":{"stop_id":"39","name":"Adelaide Street Stop 39 at David Jones","routes":["555"],"categories":["high_bus"],"route_count":1},"geometry":{"type":"Point","coordinates":[153.02586,-27.467873]}},{"type":"Feature","properties":{"stop_id":"3932","name":"Chermside Shopping Centre interchange B","routes":["338"],"categories":["intermediate_bus"],"route_count":1},"geometry":{"type":"Point","coordinates":[153.031283,-27.385564]}},{"type":"Feature","properties":{"stop_id":"3935","name":"Gympie Rd at The Gardens Stop 38a","routes":["330"],"categories":["high_bus"],"route_count":1},"geometry":{"type":"Point","coordinates":[153.02997,-27.383362]}},{"type":"Feature","properties":{"stop_id":"3940","name":"Gympie Rd at The Gardens, stop 38A","routes":["330"],"categories":["high_bus"],"route_count":1},"geometry":{"type":"Point","coordinates":[153.030287,-27.383079]}},{"type":"Feature","properties":{"stop_id":"3943","name":"Gympie Rd at Chermside, stop 37/38","routes":["330","333","338","340"],"categories":["high_bus","intermediate_bus"],"route_count":4},"geometry":{"type":"Point","coordinates":[153.031171,-27.386357]}},{"type":"Feature","properties":{"stop_id":"3944","name":"Chermside Shopping Centre interchange A","routes":["333"],"categories":["high_bus"],"route_count":1},"geometry":{"type":"Point","coordinates":[153.03152,-27.385597]}},{"type":"Feature","properties":{"stop_id":"3945","name":"Hamilton Rd at Farnell Street, stop 39","routes":["340"],"categories":["high_bus"],"route_count":1},"geometry":{"type":"Point","coordinates":[153.025463,-27.385185]}},{"type":"Feature","properties":{"stop_id":"3946","name":"Hamilton Rd at Farnell Street, stop 39","routes":["340"],"categories":["high_bus"],"route_count":1},"geometry":{"type":"Point","coordinates":[153.025662,-27.385086]}},{"type":"Feature","properties":{"stop_id":"3947","name":"Chermside Shopping Centre interchange E","routes":["330","340"],"categories":["high_bus"],"route_count":2},"geometry":{"type":"Point","coordinates":[153.03165,-27.385725]}},{"type":"Feature","properties":{"stop_id":"3957","name":"Webster Rd at Milburn Street, stop 40","routes":["340"],"categories":["high_bus"],"route_count":1},"geometry":{"type":"Point","coordinates":[153.022465,-27.380987]}},{"type":"Feature","properties":{"stop_id":"3958","name":"Webster Rd at Milburn Street, stop 40/3","routes":["340"],"categories":["high_bus"],"route_count":1},"geometry":{"type":"Point","coordinates":[153.022661,-27.381183]}},{"type":"Feature","properties":{"stop_id":"3968","name":"Webster Rd at Chermside Markets, stop 43","routes":["340"],"categories":["high_bus"],"route_count":1},"geometry":{"type":"Point","coordinates":[153.023355,-27.375412]}},{"type":"Feature","properties":{"stop_id":"3969","name":"Webster Rd at Chermside Markets","routes":["340"],"categories":["high_bus"],"route_count":1},"geometry":{"type":"Point","coordinates":[153.023464,-27.376597]}},{"type":"Feature","properties":{"stop_id":"3979","name":"Chermside interchange","routes":["333","338"],"categories":["high_bus","intermediate_bus"],"route_count":2},"geometry":{"type":"Point","coordinates":[153.031649,-27.385601]}},{"type":"Feature","properties":{"stop_id":"3982","name":"Maundrell Tce at Chermside West, stop 48/11","routes":["345"],"categories":["high_bus"],"route_count":1},"geometry":{"type":"Point","coordinates":[153.014115,-27.376556]}},{"type":"Feature","properties":{"stop_id":"3983","name":"Maundrell Tce at Chermside West, stop 48","routes":["345"],"categories":["high_bus"],"route_count":1},"geometry":{"type":"Point","coordinates":[153.01398,-27.37651]}},{"type":"Feature","properties":{"stop_id":"3984","name":"Maundrell Tce at John Goss Reserve, stop 47","routes":["345"],"categories":["high_bus"],"route_count":1},"geometry":{"type":"Point","coordinates":[153.01347,-27.3792]}},{"type":"Feature","properties":{"stop_id":"3985","name":"Maundrell Tce at John Goss Reserve, stop 47/12","routes":["345"],"categories":["high_bus"],"route_count":1},"geometry":{"type":"Point","coordinates":[153.013489,-27.379851]}},{"type":"Feature","properties":{"stop_id":"3990","name":"Maundrell Tce at Craigslea, stop 44","routes":["345"],"categories":["high_bus"],"route_count":1},"geometry":{"type":"Point","coordinates":[153.0126,-27.383837]}},{"type":"Feature","properties":{"stop_id":"3993","name":"Maundrell Tce at Craigslea, stop 44/15","routes":["345"],"categories":["high_bus"],"route_count":1},"geometry":{"type":"Point","coordinates":[153.012899,-27.383873]}},{"type":"Feature","properties":{"stop_id":"40","name":"Adelaide Street Stop 40 near Broadway","routes":["300"],"categories":["intermediate_bus"],"route_count":1},"geometry":{"type":"Point","coordinates":[153.025547,-27.468122]}},{"type":"Feature","properties":{"stop_id":"4004","name":"Aspley Hypermarket","routes":["345"],"categories":["high_bus"],"route_count":1},"geometry":{"type":"Point","coordinates":[153.012743,-27.36313]}},{"type":"Feature","properties":{"stop_id":"4033","name":"Maundrell Tce at Horn Road, stop 50a","routes":["345"],"categories":["high_bus"],"route_count":1},"geometry":{"type":"Point","coordinates":[153.014969,-27.371189]}},{"type":"Feature","properties":{"stop_id":"4034","name":"Maundrell Tce at Horn Road, stop 50a","routes":["345"],"categories":["high_bus"],"route_count":1},"geometry":{"type":"Point","coordinates":[153.015259,-27.370401]}},{"type":"Feature","properties":{"stop_id":"4047","name":"Graham Rd at Carseldine Chateaus, stop 4","routes":["340"],"categories":["high_bus"],"route_count":1},"geometry":{"type":"Point","coordinates":[153.013387,-27.355534]}},{"type":"Feature","properties":{"stop_id":"4048","name":"Graham Rd at Carseldine Chateaus, stop 4","routes":["340"],"categories":["high_bus"],"route_count":1},"geometry":{"type":"Point","coordinates":[153.013335,-27.355654]}},{"type":"Feature","properties":{"stop_id":"4051","name":"Graham Rd at Carseldine West near Kentia St","routes":["340"],"categories":["high_bus"],"route_count":1},"geometry":{"type":"Point","coordinates":[153.004789,-27.354357]}},{"type":"Feature","properties":{"stop_id":"4052","name":"Graham Rd at Carseldine West near Kentia St","routes":["340"],"categories":["high_bus"],"route_count":1},"geometry":{"type":"Point","coordinates":[153.004792,-27.354228]}},{"type":"Feature","properties":{"stop_id":"4065","name":"Beams Rd near Tintara St","routes":["340"],"categories":["high_bus"],"route_count":1},"geometry":{"type":"Point","coordinates":[153.010489,-27.345708]}},{"type":"Feature","properties":{"stop_id":"4066","name":"Beams Rd near Tintara St","routes":["340"],"categories":["high_bus"],"route_count":1},"geometry":{"type":"Point","coordinates":[153.009779,-27.345462]}},{"type":"Feature","properties":{"stop_id":"4067","name":"Ridley Rd near Centurion St","routes":["340"],"categories":["high_bus"],"route_count":1},"geometry":{"type":"Point","coordinates":[153.005301,-27.346311]}},{"type":"Feature","properties":{"stop_id":"4068","name":"Ridley Rd near Centurion St","routes":["340"],"categories":["high_bus"],"route_count":1},"geometry":{"type":"Point","coordinates":[153.005275,-27.347123]}},{"type":"Feature","properties":{"stop_id":"4069","name":"Beams Rd at Bangalore Street","routes":["340"],"categories":["high_bus"],"route_count":1},"geometry":{"type":"Point","coordinates":[153.01719,-27.346683]}},{"type":"Feature","properties":{"stop_id":"4070","name":"Beams Rd at Bangalore Street","routes":["340"],"categories":["high_bus"],"route_count":1},"geometry":{"type":"Point","coordinates":[153.017151,-27.346823]}},{"type":"Feature","properties":{"stop_id":"4076","name":"Murphy Rd at Ellison Road, stop 41","routes":["330"],"categories":["high_bus"],"route_count":1},"geometry":{"type":"Point","coordinates":[153.035467,-27.373151]}},{"type":"Feature","properties":{"stop_id":"4080","name":"Waterworks Rd at Settlement Road, stop 36","routes":["385"],"categories":["high_bus"],"route_count":1},"geometry":{"type":"Point","coordinates":[152.943281,-27.443228]}},{"type":"Feature","properties":{"stop_id":"4087","name":"Waterworks Rd at The Gap Village, stop 33","routes":["385"],"categories":["high_bus"],"route_count":1},"geometry":{"type":"Point","coordinates":[152.9525,-27.444899]}},{"type":"Feature","properties":{"stop_id":"4088","name":"Waterworks Rd at The Gap Village, stop 33","routes":["385"],"categories":["high_bus"],"route_count":1},"geometry":{"type":"Point","coordinates":[152.952509,-27.445044]}},{"type":"Feature","properties":{"stop_id":"41","name":"Adelaide Street Stop 41 at Broadway","routes":["375"],"categories":["intermediate_bus"],"route_count":1},"geometry":{"type":"Point","coordinates":[153.025234,-27.468355]}},{"type":"Feature","properties":{"stop_id":"4109","name":"Waterworks Rd at Payne Road, stop 31","routes":["385"],"categories":["high_bus"],"route_count":1},"geometry":{"type":"Point","coordinates":[152.959289,-27.446326]}},{"type":"Feature","properties":{"stop_id":"4110","name":"Waterworks Rd at Payne Road, stop 31","routes":["385"],"categories":["high_bus"],"route_count":1},"geometry":{"type":"Point","coordinates":[152.959574,-27.446525]}},{"type":"Feature","properties":{"stop_id":"4114","name":"Waterworks Rd at Glenquarie Place, stop 29","routes":["385"],"categories":["high_bus"],"route_count":1},"geometry":{"type":"Point","coordinates":[152.966089,-27.449044]}},{"type":"Feature","properties":{"stop_id":"4117","name":"Waterworks Rd at Greenlanes Road, stop 28/27","routes":["385"],"categories":["high_bus"],"route_count":1},"geometry":{"type":"Point","coordinates":[152.968691,-27.448456]}},{"type":"Feature","properties":{"stop_id":"4125","name":"Waterworks Rd at Settlement Road, stop 36","routes":["385"],"categories":["high_bus"],"route_count":1},"geometry":{"type":"Point","coordinates":[152.944763,-27.44329]}},{"type":"Feature","properties":{"stop_id":"4150","name":"Winstanley St near Firmiston St","routes":["200"],"categories":["high_bus"],"route_count":1},"geometry":{"type":"Point","coordinates":[153.107567,-27.506745]}},{"type":"Feature","properties":{"stop_id":"4194","name":"Aspley Hypermarket station, platform A","routes":["345"],"categories":["high_bus"],"route_count":1},"geometry":{"type":"Point","coordinates":[153.013171,-27.363192]}},{"type":"Feature","properties":{"stop_id":"42","name":"Adelaide Street Stop 42 near Albert St","routes":["60"],"categories":["high_bus"],"route_count":1},"geometry":{"type":"Point","coordinates":[153.024701,-27.468751]}},{"type":"Feature","properties":{"stop_id":"4267","name":"Kingsford Smith Dr at Holt St, stop 43","routes":["590"],"categories":["intermediate_bus"],"route_count":1},"geometry":{"type":"Point","coordinates":[153.100955,-27.428786]}},{"type":"Feature","properties":{"stop_id":"4268","name":"Kingsford Smith Dr at Holt St, stop 43","routes":["590"],"categories":["intermediate_bus"],"route_count":1},"geometry":{"type":"Point","coordinates":[153.101348,-27.428587]}},{"type":"Feature","properties":{"stop_id":"4271","name":"Kingsford Smith Dr at French St, stop 40","routes":["590"],"categories":["intermediate_bus"],"route_count":1},"geometry":{"type":"Point","coordinates":[153.095843,-27.429456]}},{"type":"Feature","properties":{"stop_id":"43","name":"Adelaide Street Stop 43 near City Hall","routes":["196","199"],"categories":["high_bus"],"route_count":2},"geometry":{"type":"Point","coordinates":[153.024347,-27.469025]}},{"type":"Feature","properties":{"stop_id":"4396","name":"Grand Ave at Grand Avenue School","routes":["100"],"categories":["high_bus"],"route_count":1},"geometry":{"type":"Point","coordinates":[152.960397,-27.625229]}},{"type":"Feature","properties":{"stop_id":"4397","name":"Woogaroo St at Lochwood Ave","routes":["100"],"categories":["high_bus"],"route_count":1},"geometry":{"type":"Point","coordinates":[152.956047,-27.620325]}},{"type":"Feature","properties":{"stop_id":"4403","name":"Shand St at Sicklefield Rd, stop 31","routes":["345"],"categories":["high_bus"],"route_count":1},"geometry":{"type":"Point","coordinates":[152.999904,-27.417577]}},{"type":"Feature","properties":{"stop_id":"4404","name":"Shand St at Sicklefield Rd, stop 31","routes":["345"],"categories":["high_bus"],"route_count":1},"geometry":{"type":"Point","coordinates":[153.000089,-27.417896]}},{"type":"Feature","properties":{"stop_id":"4405","name":"Beaudesert Rd at Kameruka Street","routes":["140"],"categories":["high_bus"],"route_count":1},"geometry":{"type":"Point","coordinates":[153.048139,-27.624277]}},{"type":"Feature","properties":{"stop_id":"4406","name":"Beaudesert Rd at Kameruka Street","routes":["140"],"categories":["high_bus"],"route_count":1},"geometry":{"type":"Point","coordinates":[153.047892,-27.624093]}},{"type":"Feature","properties":{"stop_id":"4409","name":"Beaudesert Rd at Honeysuckle Way","routes":["140","150"],"categories":["high_bus"],"route_count":2},"geometry":{"type":"Point","coordinates":[153.046829,-27.631402]}},{"type":"Feature","properties":{"stop_id":"4410","name":"Beaudesert Rd at Calamvale College","routes":["140"],"categories":["high_bus"],"route_count":1},"geometry":{"type":"Point","coordinates":[153.046272,-27.629293]}},{"type":"Feature","properties":{"stop_id":"4412","name":"Beaudesert Rd at Illaweena Street","routes":["140","150"],"categories":["high_bus"],"route_count":2},"geometry":{"type":"Point","coordinates":[153.044942,-27.639045]}},{"type":"Feature","properties":{"stop_id":"4413","name":"Gowan Rd at Parkside","routes":["150"],"categories":["high_bus"],"route_count":1},"geometry":{"type":"Point","coordinates":[153.059251,-27.625827]}},{"type":"Feature","properties":{"stop_id":"4436","name":"Appleby Rd at Stafford Heights","routes":["345"],"categories":["high_bus"],"route_count":1},"geometry":{"type":"Point","coordinates":[153.011338,-27.3925]}},{"type":"Feature","properties":{"stop_id":"4439","name":"Appleby Rd at Stafford Heights South","routes":["345"],"categories":["high_bus"],"route_count":1},"geometry":{"type":"Point","coordinates":[153.009689,-27.400475]}},{"type":"Feature","properties":{"stop_id":"4446","name":"Maundrell Tce at Stafford Heights","routes":["345"],"categories":["high_bus"],"route_count":1},"geometry":{"type":"Point","coordinates":[153.011398,-27.390675]}},{"type":"Feature","properties":{"stop_id":"4447","name":"Stafford Rd near Windorah Street, stop 31","routes":["369"],"categories":["intermediate_bus"],"route_count":1},"geometry":{"type":"Point","coordinates":[153.012351,-27.409977]}},{"type":"Feature","properties":{"stop_id":"4473","name":"Stafford City","routes":["348"],"categories":["intermediate_bus"],"route_count":1},"geometry":{"type":"Point","coordinates":[153.013346,-27.412455]}},{"type":"Feature","properties":{"stop_id":"4476","name":"Stafford Rd at Shand Street, stop 33","routes":["369"],"categories":["intermediate_bus"],"route_count":1},"geometry":{"type":"Point","coordinates":[153.00709,-27.409204]}},{"type":"Feature","properties":{"stop_id":"4478","name":"Stafford Rd at Cockle Street, stop 35","routes":["369"],"categories":["intermediate_bus"],"route_count":1},"geometry":{"type":"Point","coordinates":[153.002531,-27.408524]}},{"type":"Feature","properties":{"stop_id":"4479","name":"Shand St at Sparkes Hill","routes":["345"],"categories":["high_bus"],"route_count":1},"geometry":{"type":"Point","coordinates":[153.007312,-27.411971]}},{"type":"Feature","properties":{"stop_id":"4480","name":"Shand St at Sparkes Hill","routes":["345"],"categories":["high_bus"],"route_count":1},"geometry":{"type":"Point","coordinates":[153.007401,-27.410612]}},{"type":"Feature","properties":{"stop_id":"4481","name":"Stafford Rd at Cockle Street, stop 35","routes":["369"],"categories":["intermediate_bus"],"route_count":1},"geometry":{"type":"Point","coordinates":[153.003213,-27.408436]}},{"type":"Feature","properties":{"stop_id":"4483","name":"Stafford Rd at Shand Street, stop 33","routes":["369"],"categories":["intermediate_bus"],"route_count":1},"geometry":{"type":"Point","coordinates":[153.007345,-27.409095]}},{"type":"Feature","properties":{"stop_id":"4487","name":"Appleby Rd at Stafford North, stop 34a","routes":["345"],"categories":["high_bus"],"route_count":1},"geometry":{"type":"Point","coordinates":[153.008832,-27.404974]}},{"type":"Feature","properties":{"stop_id":"4488","name":"Appleby Rd at Stafford North, stop 34a","routes":["345"],"categories":["high_bus"],"route_count":1},"geometry":{"type":"Point","coordinates":[153.008753,-27.404627]}},{"type":"Feature","properties":{"stop_id":"4492","name":"Stafford Rd at Willowie Street, stop 30a","routes":["348"],"categories":["intermediate_bus"],"route_count":1},"geometry":{"type":"Point","coordinates":[153.015069,-27.41011]}},{"type":"Feature","properties":{"stop_id":"4498","name":"Stafford Rd at Windorah Street, stop 31","routes":["369"],"categories":["intermediate_bus"],"route_count":1},"geometry":{"type":"Point","coordinates":[153.012411,-27.40976]}},{"type":"Feature","properties":{"stop_id":"4505","name":"Oxlade Dr at Riverside, stop 25","routes":["196"],"categories":["high_bus"],"route_count":1},"geometry":{"type":"Point","coordinates":[153.048911,-27.473317]}},{"type":"Feature","properties":{"stop_id":"4506","name":"Oxlade Dr at Lower Bowen Terrace, stop 19","routes":["196"],"categories":["high_bus"],"route_count":1},"geometry":{"type":"Point","coordinates":[153.049403,-27.472715]}},{"type":"Feature","properties":{"stop_id":"4507","name":"Oxlade Dr near Brunswick St, stop 19","routes":["196"],"categories":["high_bus"],"route_count":1},"geometry":{"type":"Point","coordinates":[153.050732,-27.47152]}},{"type":"Feature","properties":{"stop_id":"4509","name":"Brunswick St at Parkview, stop 17","routes":["196"],"categories":["high_bus"],"route_count":1},"geometry":{"type":"Point","coordinates":[153.050983,-27.470821]}},{"type":"Feature","properties":{"stop_id":"4510","name":"Brunswick St at Oxlade Drive, stop 17","routes":["196"],"categories":["high_bus"],"route_count":1},"geometry":{"type":"Point","coordinates":[153.050683,-27.470756]}},{"type":"Feature","properties":{"stop_id":"4511","name":"Brunswick St at Bowls Club, stop 16","routes":["196"],"categories":["high_bus"],"route_count":1},"geometry":{"type":"Point","coordinates":[153.04958,-27.469733]}},{"type":"Feature","properties":{"stop_id":"4512","name":"Brunswick St at Bowls Club, stop 16","routes":["196"],"categories":["high_bus"],"route_count":1},"geometry":{"type":"Point","coordinates":[153.049334,-27.469709]}},{"type":"Feature","properties":{"stop_id":"4513","name":"Brunswick St at Sydney Street, stop 15","routes":["196"],"categories":["high_bus"],"route_count":1},"geometry":{"type":"Point","coordinates":[153.048309,-27.468744]}},{"type":"Feature","properties":{"stop_id":"4514","name":"Brunswick St at Sydney Street, stop 15","routes":["196"],"categories":["high_bus"],"route_count":1},"geometry":{"type":"Point","coordinates":[153.048196,-27.468822]}},{"type":"Feature","properties":{"stop_id":"4520","name":"Stafford Heights South, Appleby Road","routes":["345"],"categories":["high_bus"],"route_count":1},"geometry":{"type":"Point","coordinates":[153.009564,-27.400288]}},{"type":"Feature","properties":{"stop_id":"46","name":"Adelaide Street Stop 46 near George St","routes":["300","555"],"categories":["high_bus","intermediate_bus"],"route_count":2},"geometry":{"type":"Point","coordinates":[153.02335,-27.469846]}},{"type":"Feature","properties":{"stop_id":"4640","name":"Church Rd near Pine County Pl","routes":["444"],"categories":["high_bus"],"route_count":1},"geometry":{"type":"Point","coordinates":[152.869719,-27.564224]}},{"type":"Feature","properties":{"stop_id":"4641","name":"Moggill Rd at Moggill","routes":["444"],"categories":["high_bus"],"route_count":1},"geometry":{"type":"Point","coordinates":[152.874198,-27.570473]}},{"type":"Feature","properties":{"stop_id":"4647","name":"Montanus Dr at Kangaroo Gully","routes":["444"],"categories":["high_bus"],"route_count":1},"geometry":{"type":"Point","coordinates":[152.878998,-27.561989]}},{"type":"Feature","properties":{"stop_id":"4648","name":"Montanus Dr at Kangaroo Gully","routes":["444"],"categories":["high_bus"],"route_count":1},"geometry":{"type":"Point","coordinates":[152.878573,-27.561532]}},{"type":"Feature","properties":{"stop_id":"4650","name":"Moggill Rd at Bellbowrie","routes":["444"],"categories":["high_bus"],"route_count":1},"geometry":{"type":"Point","coordinates":[152.886892,-27.562424]}},{"type":"Feature","properties":{"stop_id":"4651","name":"Moggill Rd at Bellbowrie","routes":["444"],"categories":["high_bus"],"route_count":1},"geometry":{"type":"Point","coordinates":[152.886545,-27.562578]}},{"type":"Feature","properties":{"stop_id":"4653","name":"Moggill Rd at Kenmore Churches, stop 34","routes":["444"],"categories":["high_bus"],"route_count":1},"geometry":{"type":"Point","coordinates":[152.943424,-27.509748]}},{"type":"Feature","properties":{"stop_id":"4655","name":"Montanus Dr at Montanus East","routes":["444"],"categories":["high_bus"],"route_count":1},"geometry":{"type":"Point","coordinates":[152.882379,-27.563535]}},{"type":"Feature","properties":{"stop_id":"4656","name":"Montanus Dr at Montanus East","routes":["444"],"categories":["high_bus"],"route_count":1},"geometry":{"type":"Point","coordinates":[152.882384,-27.563674]}},{"type":"Feature","properties":{"stop_id":"4657","name":"Moggill Rd at Kenmore park 'n' ride","routes":["444"],"categories":["high_bus"],"route_count":1},"geometry":{"type":"Point","coordinates":[152.929232,-27.514946]}},{"type":"Feature","properties":{"stop_id":"466","name":"Lutwyche Rd at Windsor State School, stop 15","routes":["338","348"],"categories":["intermediate_bus"],"route_count":2},"geometry":{"type":"Point","coordinates":[153.031759,-27.43117]}},{"type":"Feature","properties":{"stop_id":"4663","name":"Moggill Rd at Diggers Rest","routes":["444"],"categories":["high_bus"],"route_count":1},"geometry":{"type":"Point","coordinates":[152.915654,-27.530408]}},{"type":"Feature","properties":{"stop_id":"4665","name":"Moggill Rd at QCAT","routes":["444"],"categories":["high_bus"],"route_count":1},"geometry":{"type":"Point","coordinates":[152.911694,-27.530377]}},{"type":"Feature","properties":{"stop_id":"4669","name":"Moggill Rd at Grandview Road","routes":["444"],"categories":["high_bus"],"route_count":1},"geometry":{"type":"Point","coordinates":[152.898421,-27.538369]}},{"type":"Feature","properties":{"stop_id":"4671","name":"Moggill Rd at Mt Crosby Road","routes":["444"],"categories":["high_bus"],"route_count":1},"geometry":{"type":"Point","coordinates":[152.889887,-27.543974]}},{"type":"Feature","properties":{"stop_id":"4675","name":"Moggill Rd at Sugars Road","routes":["444"],"categories":["high_bus"],"route_count":1},"geometry":{"type":"Point","coordinates":[152.888242,-27.555754]}},{"type":"Feature","properties":{"stop_id":"4678","name":"Moggill Rd at Sugars Road","routes":["444"],"categories":["high_bus"],"route_count":1},"geometry":{"type":"Point","coordinates":[152.888098,-27.555648]}},{"type":"Feature","properties":{"stop_id":"468","name":"Lutwyche Rd at Bowen Street, stop 14","routes":["338","348"],"categories":["intermediate_bus"],"route_count":2},"geometry":{"type":"Point","coordinates":[153.032041,-27.433018]}},{"type":"Feature","properties":{"stop_id":"4682","name":"Moggill Rd at Mt Crosby Road","routes":["444"],"categories":["high_bus"],"route_count":1},"geometry":{"type":"Point","coordinates":[152.889931,-27.543503]}},{"type":"Feature","properties":{"stop_id":"4684","name":"Moggill Rd at Grandview Road","routes":["444"],"categories":["high_bus"],"route_count":1},"geometry":{"type":"Point","coordinates":[152.898017,-27.53854]}},{"type":"Feature","properties":{"stop_id":"4688","name":"Moggill Rd at Diggers Rest","routes":["444"],"categories":["high_bus"],"route_count":1},"geometry":{"type":"Point","coordinates":[152.916129,-27.529997]}},{"type":"Feature","properties":{"stop_id":"469","name":"Lutwyche Rd at Windsor Rail, stop 13","routes":["333","338","340","348"],"categories":["high_bus","intermediate_bus"],"route_count":4},"geometry":{"type":"Point","coordinates":[153.031572,-27.435617]}},{"type":"Feature","properties":{"stop_id":"4691","name":"Moggill Rd at Rafting Ground Park","routes":["444"],"categories":["high_bus"],"route_count":1},"geometry":{"type":"Point","coordinates":[152.922595,-27.520411]}},{"type":"Feature","properties":{"stop_id":"4693","name":"Moggill Rd at Kenmore park 'n' ride","routes":["444"],"categories":["high_bus"],"route_count":1},"geometry":{"type":"Point","coordinates":[152.9301,-27.514615]}},{"type":"Feature","properties":{"stop_id":"4697","name":"Moggill Rd at Kenmore Central, stop 37","routes":["444"],"categories":["high_bus"],"route_count":1},"geometry":{"type":"Point","coordinates":[152.938518,-27.508154]}},{"type":"Feature","properties":{"stop_id":"470","name":"Lutwyche Rd at Windsor Rail","routes":["333","338","340","348"],"categories":["high_bus","intermediate_bus"],"route_count":4},"geometry":{"type":"Point","coordinates":[153.03153,-27.434761]}},{"type":"Feature","properties":{"stop_id":"4701","name":"Moggill Rd at Kenmore Churches, stop 35","routes":["444"],"categories":["high_bus"],"route_count":1},"geometry":{"type":"Point","coordinates":[152.943248,-27.509463]}},{"type":"Feature","properties":{"stop_id":"4720","name":"Moggill Rd at Marshall Lane, stop 32","routes":["444"],"categories":["high_bus"],"route_count":1},"geometry":{"type":"Point","coordinates":[152.948909,-27.507095]}},{"type":"Feature","properties":{"stop_id":"4782","name":"Ipswich Rd near Michlin St, stop 37","routes":["100"],"categories":["high_bus"],"route_count":1},"geometry":{"type":"Point","coordinates":[153.017187,-27.531495]}},{"type":"Feature","properties":{"stop_id":"4788","name":"Ipswich Rd at Michlin Street, stop 37","routes":["100"],"categories":["high_bus"],"route_count":1},"geometry":{"type":"Point","coordinates":[153.017346,-27.531802]}},{"type":"Feature","properties":{"stop_id":"4789","name":"Ipswich Rd at Gainsborough Street, stop 38","routes":["19"],"categories":["intermediate_bus"],"route_count":1},"geometry":{"type":"Point","coordinates":[153.015621,-27.534105]}},{"type":"Feature","properties":{"stop_id":"4794","name":"Ipswich Rd at Moorooka station, stop 39","routes":["19","100"],"categories":["high_bus","intermediate_bus"],"route_count":2},"geometry":{"type":"Point","coordinates":[153.014301,-27.536657]}},{"type":"Feature","properties":{"stop_id":"4804","name":"Beaudesert Rd at Muriel - Evans, stop 37","routes":["125"],"categories":["intermediate_bus"],"route_count":1},"geometry":{"type":"Point","coordinates":[153.021232,-27.542197]}},{"type":"Feature","properties":{"stop_id":"4805","name":"Beaudesert Rd at Fegan Drive, stop 36","routes":["125"],"categories":["intermediate_bus"],"route_count":1},"geometry":{"type":"Point","coordinates":[153.022035,-27.539974]}},{"type":"Feature","properties":{"stop_id":"4806","name":"Beaudesert Rd at Keats Street, stop 35","routes":["125"],"categories":["intermediate_bus"],"route_count":1},"geometry":{"type":"Point","coordinates":[153.022305,-27.537772]}},{"type":"Feature","properties":{"stop_id":"4807","name":"Beaudesert Rd at Gainsborough Street, stop 34","routes":["125"],"categories":["intermediate_bus"],"route_count":1},"geometry":{"type":"Point","coordinates":[153.022676,-27.53612]}},{"type":"Feature","properties":{"stop_id":"4808","name":"Beaudesert Rd at Dora Street, stop 33","routes":["125"],"categories":["intermediate_bus"],"route_count":1},"geometry":{"type":"Point","coordinates":[153.024495,-27.534269]}},{"type":"Feature","properties":{"stop_id":"4809","name":"Beaudesert Rd at Moorvale, stop 32","routes":["125"],"categories":["intermediate_bus"],"route_count":1},"geometry":{"type":"Point","coordinates":[153.024117,-27.532193]}},{"type":"Feature","properties":{"stop_id":"4810","name":"Beaudesert Rd at Moorvale, stop 32","routes":["125"],"categories":["intermediate_bus"],"route_count":1},"geometry":{"type":"Point","coordinates":[153.02456,-27.532221]}},{"type":"Feature","properties":{"stop_id":"4818","name":"Beaudesert Rd at Dora Street, stop 33","routes":["125"],"categories":["intermediate_bus"],"route_count":1},"geometry":{"type":"Point","coordinates":[153.024831,-27.534386]}},{"type":"Feature","properties":{"stop_id":"4820","name":"Beaudesert Rd at Keats Street, stop 35","routes":["125"],"categories":["intermediate_bus"],"route_count":1},"geometry":{"type":"Point","coordinates":[153.022722,-27.538427]}},{"type":"Feature","properties":{"stop_id":"4821","name":"Beaudesert Rd at Gainsborough Street, stop 34","routes":["125"],"categories":["intermediate_bus"],"route_count":1},"geometry":{"type":"Point","coordinates":[153.022833,-27.536492]}},{"type":"Feature","properties":{"stop_id":"4822","name":"Beaudesert Rd at Fegan Drive, stop 36","routes":["125"],"categories":["intermediate_bus"],"route_count":1},"geometry":{"type":"Point","coordinates":[153.022147,-27.540481]}},{"type":"Feature","properties":{"stop_id":"4867","name":"Park Rd at Memorial Park","routes":["19"],"categories":["intermediate_bus"],"route_count":1},"geometry":{"type":"Point","coordinates":[153.01987,-27.51773]}},{"type":"Feature","properties":{"stop_id":"4877","name":"Park Rd at Memorial Park","routes":["19"],"categories":["intermediate_bus"],"route_count":1},"geometry":{"type":"Point","coordinates":[153.019768,-27.517623]}},{"type":"Feature","properties":{"stop_id":"4880","name":"Green St at Yeerongpilly station, stop 30","routes":["19"],"categories":["intermediate_bus"],"route_count":1},"geometry":{"type":"Point","coordinates":[153.014613,-27.525179]}},{"type":"Feature","properties":{"stop_id":"4889","name":"Beaudesert Rd at Helles Street, stop 31","routes":["125"],"categories":["intermediate_bus"],"route_count":1},"geometry":{"type":"Point","coordinates":[153.023726,-27.52956]}},{"type":"Feature","properties":{"stop_id":"4890","name":"Beaudesert Rd at Colebrook - Wharton, stop 30","routes":["125"],"categories":["intermediate_bus"],"route_count":1},"geometry":{"type":"Point","coordinates":[153.023112,-27.52779]}},{"type":"Feature","properties":{"stop_id":"4891","name":"Beaudesert Rd at Helles Street, stop 31","routes":["125"],"categories":["intermediate_bus"],"route_count":1},"geometry":{"type":"Point","coordinates":[153.02332,-27.528943]}},{"type":"Feature","properties":{"stop_id":"4892","name":"Beaudesert Rd at Colebrook - Wharton, stop 30","routes":["125"],"categories":["intermediate_bus"],"route_count":1},"geometry":{"type":"Point","coordinates":[153.022598,-27.527485]}},{"type":"Feature","properties":{"stop_id":"4893","name":"Beaudesert Rd at Stimpson Park, stop 29","routes":["125"],"categories":["intermediate_bus"],"route_count":1},"geometry":{"type":"Point","coordinates":[153.022705,-27.525992]}},{"type":"Feature","properties":{"stop_id":"49","name":"Adelaide St Stop 31 near Macrossan St","routes":["196","199"],"categories":["high_bus"],"route_count":2},"geometry":{"type":"Point","coordinates":[153.031931,-27.462957]}},{"type":"Feature","properties":{"stop_id":"4911","name":"Ipswich Rd at Clifton Hill, stop 28","routes":["100","125"],"categories":["high_bus","intermediate_bus"],"route_count":2},"geometry":{"type":"Point","coordinates":[153.024236,-27.523295]}},{"type":"Feature","properties":{"stop_id":"4912","name":"Ipswich Rd at School Road, stop 27","routes":["125"],"categories":["intermediate_bus"],"route_count":1},"geometry":{"type":"Point","coordinates":[153.025168,-27.522267]}},{"type":"Feature","properties":{"stop_id":"4913","name":"Ipswich Rd at Yeronga Park, stop 26","routes":["125"],"categories":["intermediate_bus"],"route_count":1},"geometry":{"type":"Point","coordinates":[153.026516,-27.520772]}},{"type":"Feature","properties":{"stop_id":"4914","name":"Ipswich Rd at Chardons Corner","routes":["100","125"],"categories":["high_bus","intermediate_bus"],"route_count":2},"geometry":{"type":"Point","coordinates":[153.029807,-27.516621]}},{"type":"Feature","properties":{"stop_id":"4918","name":"Ipswich Rd at Venner - Waterton, stop 24","routes":["125"],"categories":["intermediate_bus"],"route_count":1},"geometry":{"type":"Point","coordinates":[153.030377,-27.514959]}},{"type":"Feature","properties":{"stop_id":"4920","name":"Ipswich Rd at Chardons Corner, stop 25","routes":["100","125"],"categories":["high_bus","intermediate_bus"],"route_count":2},"geometry":{"type":"Point","coordinates":[153.02978,-27.517804]}},{"type":"Feature","properties":{"stop_id":"4922","name":"Ipswich Rd at Yeronga Park, stop 26/27","routes":["125"],"categories":["intermediate_bus"],"route_count":1},"geometry":{"type":"Point","coordinates":[153.027247,-27.52048]}},{"type":"Feature","properties":{"stop_id":"4923","name":"Ipswich Rd at Clifton Hill, stop 28","routes":["125"],"categories":["intermediate_bus"],"route_count":1},"geometry":{"type":"Point","coordinates":[153.024424,-27.52359]}},{"type":"Feature","properties":{"stop_id":"4925","name":"Beaudesert Rd at Moorooka South, stop 38","routes":["125"],"categories":["intermediate_bus"],"route_count":1},"geometry":{"type":"Point","coordinates":[153.020599,-27.544233]}},{"type":"Feature","properties":{"stop_id":"4929","name":"Orange Grove Rd at Dulcie Street, stop 52","routes":["120"],"categories":["high_bus"],"route_count":1},"geometry":{"type":"Point","coordinates":[153.039993,-27.548122]}},{"type":"Feature","properties":{"stop_id":"4930","name":"Orange Grove Rd at Dulcie Street, stop 52","routes":["120"],"categories":["high_bus"],"route_count":1},"geometry":{"type":"Point","coordinates":[153.040768,-27.549088]}},{"type":"Feature","properties":{"stop_id":"4932","name":"Henson Rd at Meynell Street, stop 49a","routes":["125"],"categories":["intermediate_bus"],"route_count":1},"geometry":{"type":"Point","coordinates":[153.038853,-27.55382]}},{"type":"Feature","properties":{"stop_id":"4933","name":"Henson Rd at Ainsworth Street, stop 49","routes":["125"],"categories":["intermediate_bus"],"route_count":1},"geometry":{"type":"Point","coordinates":[153.035786,-27.553362]}},{"type":"Feature","properties":{"stop_id":"4934","name":"Henson Rd at Ainger Street, stop 48","routes":["125"],"categories":["intermediate_bus"],"route_count":1},"geometry":{"type":"Point","coordinates":[153.03307,-27.552962]}},{"type":"Feature","properties":{"stop_id":"4935","name":"Henson Rd at Ainsworth Street, stop 49","routes":["125"],"categories":["intermediate_bus"],"route_count":1},"geometry":{"type":"Point","coordinates":[153.036753,-27.553394]}},{"type":"Feature","properties":{"stop_id":"4936","name":"Henson Rd at Meynell Street, stop 49A","routes":["125"],"categories":["intermediate_bus"],"route_count":1},"geometry":{"type":"Point","coordinates":[153.038503,-27.553657]}},{"type":"Feature","properties":{"stop_id":"4937","name":"Henson Rd at Salisbury East, stop 50","routes":["125"],"categories":["intermediate_bus"],"route_count":1},"geometry":{"type":"Point","coordinates":[153.040524,-27.553984]}},{"type":"Feature","properties":{"stop_id":"4938","name":"Henson Rd at Salisbury East, stop 50","routes":["125"],"categories":["intermediate_bus"],"route_count":1},"geometry":{"type":"Point","coordinates":[153.040519,-27.554095]}},{"type":"Feature","properties":{"stop_id":"4939","name":"Kessels Rd near Orange Grove Rd","routes":["125"],"categories":["intermediate_bus"],"route_count":1},"geometry":{"type":"Point","coordinates":[153.04114,-27.557375]}},{"type":"Feature","properties":{"stop_id":"4942","name":"Orange Grove Rd at Salisbury East, stop 51","routes":["120","125"],"categories":["high_bus","intermediate_bus"],"route_count":2},"geometry":{"type":"Point","coordinates":[153.040993,-27.554994]}},{"type":"Feature","properties":{"stop_id":"4945","name":"Orange Grove Rd at Salisbury East, stop 51","routes":["120","125"],"categories":["high_bus","intermediate_bus"],"route_count":2},"geometry":{"type":"Point","coordinates":[153.041099,-27.555194]}},{"type":"Feature","properties":{"stop_id":"4950","name":"Musgrave Rd at Musgrave Road, stop 53","routes":["120"],"categories":["high_bus"],"route_count":1},"geometry":{"type":"Point","coordinates":[153.048891,-27.564741]}},{"type":"Feature","properties":{"stop_id":"4954","name":"Orange Grove Rd at QG Laboratory","routes":["120"],"categories":["high_bus"],"route_count":1},"geometry":{"type":"Point","coordinates":[153.040066,-27.560043]}},{"type":"Feature","properties":{"stop_id":"4955","name":"Orange Grove Rd at QG Laboratory","routes":["120"],"categories":["high_bus"],"route_count":1},"geometry":{"type":"Point","coordinates":[153.040141,-27.560397]}},{"type":"Feature","properties":{"stop_id":"4956","name":"Griffith Rd at Recreation Road, stop 55a","routes":["125"],"categories":["intermediate_bus"],"route_count":1},"geometry":{"type":"Point","coordinates":[153.051247,-27.558227]}},{"type":"Feature","properties":{"stop_id":"496","name":"Lutwyche Rd near Taylor St, stop 11","routes":["338","348"],"categories":["intermediate_bus"],"route_count":2},"geometry":{"type":"Point","coordinates":[153.030747,-27.439183]}},{"type":"Feature","properties":{"stop_id":"4963","name":"Kessels Rd near Troughton Rd, stop 55","routes":["125"],"categories":["intermediate_bus"],"route_count":1},"geometry":{"type":"Point","coordinates":[153.04989,-27.558716]}},{"type":"Feature","properties":{"stop_id":"4968","name":"Cavendish Rd at Wakefield Street, stop 25/21","routes":["185"],"categories":["intermediate_bus"],"route_count":1},"geometry":{"type":"Point","coordinates":[153.057798,-27.492458]}},{"type":"Feature","properties":{"stop_id":"4969","name":"Cavendish Rd at Yarrabin Street, stop 20","routes":["185"],"categories":["intermediate_bus"],"route_count":1},"geometry":{"type":"Point","coordinates":[153.056167,-27.489989]}},{"type":"Feature","properties":{"stop_id":"497","name":"Lutwyche Rd near Newmarket Rd, stop 12","routes":["338","348"],"categories":["intermediate_bus"],"route_count":2},"geometry":{"type":"Point","coordinates":[153.031058,-27.437317]}},{"type":"Feature","properties":{"stop_id":"4970","name":"Cavendish Rd at Milsom St, stop 19","routes":["185"],"categories":["intermediate_bus"],"route_count":1},"geometry":{"type":"Point","coordinates":[153.054842,-27.487996]}},{"type":"Feature","properties":{"stop_id":"4971","name":"Cavendish Rd at Yarrabin Street, stop 20","routes":["185"],"categories":["intermediate_bus"],"route_count":1},"geometry":{"type":"Point","coordinates":[153.056252,-27.489869]}},{"type":"Feature","properties":{"stop_id":"4972","name":"Cavendish Rd at Wakefield Street, stop 21/25","routes":["185"],"categories":["intermediate_bus"],"route_count":1},"geometry":{"type":"Point","coordinates":[153.057979,-27.49239]}},{"type":"Feature","properties":{"stop_id":"4973","name":"Cavendish Rd at Coorparoo Shops, stop 26s","routes":["185"],"categories":["intermediate_bus"],"route_count":1},"geometry":{"type":"Point","coordinates":[153.059048,-27.494097]}},{"type":"Feature","properties":{"stop_id":"4982","name":"Cavendish Rd at Coorparoo College, stop 19","routes":["185"],"categories":["intermediate_bus"],"route_count":1},"geometry":{"type":"Point","coordinates":[153.05405,-27.486969]}},{"type":"Feature","properties":{"stop_id":"4983","name":"Stanley St East at Edgar Street, stop 18","routes":["185"],"categories":["intermediate_bus"],"route_count":1},"geometry":{"type":"Point","coordinates":[153.049145,-27.488133]}},{"type":"Feature","properties":{"stop_id":"4984","name":"Orange Grove Rd at Aldi, stop 52","routes":["125"],"categories":["intermediate_bus"],"route_count":1},"geometry":{"type":"Point","coordinates":[153.04053,-27.55828]}},{"type":"Feature","properties":{"stop_id":"4986","name":"Moray St at Langshaw Street, stop 11","routes":["196"],"categories":["high_bus"],"route_count":1},"geometry":{"type":"Point","coordinates":[153.041672,-27.468522]}},{"type":"Feature","properties":{"stop_id":"4987","name":"Moray St at Langshaw Street, stop 11","routes":["196"],"categories":["high_bus"],"route_count":1},"geometry":{"type":"Point","coordinates":[153.041701,-27.468779]}},{"type":"Feature","properties":{"stop_id":"4988","name":"Moray St at Roundabout, stop 12","routes":["196"],"categories":["high_bus"],"route_count":1},"geometry":{"type":"Point","coordinates":[153.042778,-27.470002]}},{"type":"Feature","properties":{"stop_id":"499","name":"Lutwyche Rd near Bryden St, stop 11","routes":["338","348"],"categories":["intermediate_bus"],"route_count":2},"geometry":{"type":"Point","coordinates":[153.03106,-27.438477]}},{"type":"Feature","properties":{"stop_id":"4993","name":"Oxlade Dr at River Path, stop 25","routes":["196"],"categories":["high_bus"],"route_count":1},"geometry":{"type":"Point","coordinates":[153.046568,-27.474209]}},{"type":"Feature","properties":{"stop_id":"4994","name":"Oxlade Dr at River Path, stop 25a","routes":["196"],"categories":["high_bus"],"route_count":1},"geometry":{"type":"Point","coordinates":[153.047165,-27.474113]}},{"type":"Feature","properties":{"stop_id":"4996","name":"Oxlade Dr at Sargent Street, stop 26","routes":["196"],"categories":["high_bus"],"route_count":1},"geometry":{"type":"Point","coordinates":[153.045732,-27.474639]}},{"type":"Feature","properties":{"stop_id":"4997","name":"Oxlade Dr at Hazelwood Street, stop 27/24a","routes":["196"],"categories":["high_bus"],"route_count":1},"geometry":{"type":"Point","coordinates":[153.044476,-27.474716]}},{"type":"Feature","properties":{"stop_id":"4998","name":"Oxlade Dr at Merthyr, stop 1","routes":["196"],"categories":["high_bus"],"route_count":1},"geometry":{"type":"Point","coordinates":[153.043179,-27.474088]}},{"type":"Feature","properties":{"stop_id":"4999","name":"Sydney St near Griffith St","routes":["196"],"categories":["high_bus"],"route_count":1},"geometry":{"type":"Point","coordinates":[153.04297,-27.473622]}},{"type":"Feature","properties":{"stop_id":"50","name":"Mary Street Stop 50 near Albert St","routes":["125","175","185","204"],"categories":["intermediate_bus"],"route_count":4},"geometry":{"type":"Point","coordinates":[153.026816,-27.472537]}},{"type":"Feature","properties":{"stop_id":"5000","name":"Sydney St at Llewellyn Street, stop 23","routes":["196"],"categories":["high_bus"],"route_count":1},"geometry":{"type":"Point","coordinates":[153.04461,-27.472019]}},{"type":"Feature","properties":{"stop_id":"5007","name":"Merthyr Rd at Roundabout, stop 12","routes":["196"],"categories":["high_bus"],"route_count":1},"geometry":{"type":"Point","coordinates":[153.043317,-27.470146]}},{"type":"Feature","properties":{"stop_id":"5008","name":"Merthyr Rd at Mark Street, stop 13","routes":["196"],"categories":["high_bus"],"route_count":1},"geometry":{"type":"Point","coordinates":[153.044582,-27.468649]}},{"type":"Feature","properties":{"stop_id":"5009","name":"Merthyr Rd at Mark Street, stop 13","routes":["196"],"categories":["high_bus"],"route_count":1},"geometry":{"type":"Point","coordinates":[153.0449,-27.468515]}},{"type":"Feature","properties":{"stop_id":"5010","name":"Brunswick St at New Farm Junction, stop 14","routes":["196"],"categories":["high_bus"],"route_count":1},"geometry":{"type":"Point","coordinates":[153.046438,-27.467301]}},{"type":"Feature","properties":{"stop_id":"5011","name":"Mitchelton Rail station","routes":["369"],"categories":["intermediate_bus"],"route_count":1},"geometry":{"type":"Point","coordinates":[152.976389,-27.411489]}},{"type":"Feature","properties":{"stop_id":"5025","name":"Racecourse Rd at Kent Street, stop 21","routes":["300"],"categories":["intermediate_bus"],"route_count":1},"geometry":{"type":"Point","coordinates":[153.064718,-27.436446]}},{"type":"Feature","properties":{"stop_id":"5027","name":"Racecourse Rd at Hamilton Central, stop 20","routes":["300"],"categories":["intermediate_bus"],"route_count":1},"geometry":{"type":"Point","coordinates":[153.064378,-27.438488]}},{"type":"Feature","properties":{"stop_id":"5028","name":"Racecourse Rd at Hamilton Central, stop 20","routes":["300"],"categories":["intermediate_bus"],"route_count":1},"geometry":{"type":"Point","coordinates":[153.064585,-27.437983]}},{"type":"Feature","properties":{"stop_id":"5029","name":"Teneriffe Ferry Skyring Tce","routes":["199"],"categories":["high_bus"],"route_count":1},"geometry":{"type":"Point","coordinates":[153.048048,-27.452182]}},{"type":"Feature","properties":{"stop_id":"5031","name":"Kingsford Smith Dr at Bretts Wharf, stop 19","routes":["300"],"categories":["intermediate_bus"],"route_count":1},"geometry":{"type":"Point","coordinates":[153.063634,-27.439645]}},{"type":"Feature","properties":{"stop_id":"5032","name":"Commercial Rd at Teneriffe Ferry, stop 16","routes":["60"],"categories":["high_bus"],"route_count":1},"geometry":{"type":"Point","coordinates":[153.048687,-27.452213]}},{"type":"Feature","properties":{"stop_id":"5035","name":"Kingsford Smith Dr at Crescent Road, stop 16","routes":["300"],"categories":["intermediate_bus"],"route_count":1},"geometry":{"type":"Point","coordinates":[153.056223,-27.439009]}},{"type":"Feature","properties":{"stop_id":"5038","name":"Kingsford Smith Dr at Bretts Wharf, stop 19","routes":["300"],"categories":["intermediate_bus"],"route_count":1},"geometry":{"type":"Point","coordinates":[153.063107,-27.439393]}},{"type":"Feature","properties":{"stop_id":"5041","name":"Kingsford Smith Dr at Crescent Road, stop 16","routes":["300"],"categories":["intermediate_bus"],"route_count":1},"geometry":{"type":"Point","coordinates":[153.055527,-27.439282]}},{"type":"Feature","properties":{"stop_id":"5043","name":"Kingsford Smith Dr at Cooksley Street, stop 14","routes":["300"],"categories":["intermediate_bus"],"route_count":1},"geometry":{"type":"Point","coordinates":[153.049944,-27.44002]}},{"type":"Feature","properties":{"stop_id":"5045","name":"Kingsford Smith Dr at Cooksley Street, stop 13/14","routes":["300"],"categories":["intermediate_bus"],"route_count":1},"geometry":{"type":"Point","coordinates":[153.049971,-27.439717]}},{"type":"Feature","properties":{"stop_id":"5064","name":"Mountford Rd near Sargent St","routes":["196"],"categories":["high_bus"],"route_count":1},"geometry":{"type":"Point","coordinates":[153.045123,-27.47321]}},{"type":"Feature","properties":{"stop_id":"5086","name":"Samford Rd at Wardell Street, stop 30","routes":["390"],"categories":["intermediate_bus"],"route_count":1},"geometry":{"type":"Point","coordinates":[152.990005,-27.42236]}},{"type":"Feature","properties":{"stop_id":"5087","name":"Samford Rd at Norman Terrace, stop 31","routes":["390"],"categories":["intermediate_bus"],"route_count":1},"geometry":{"type":"Point","coordinates":[152.987932,-27.421709]}},{"type":"Feature","properties":{"stop_id":"5089","name":"Samford Rd at Norman Terrace, stop 31","routes":["390"],"categories":["intermediate_bus"],"route_count":1},"geometry":{"type":"Point","coordinates":[152.9876,-27.421489]}},{"type":"Feature","properties":{"stop_id":"5090","name":"Samford Rd at Wardell Street, stop 30","routes":["390"],"categories":["intermediate_bus"],"route_count":1},"geometry":{"type":"Point","coordinates":[152.990302,-27.422233]}},{"type":"Feature","properties":{"stop_id":"5091","name":"Samford Rd at Bond Street, stop 29","routes":["390"],"categories":["intermediate_bus"],"route_count":1},"geometry":{"type":"Point","coordinates":[152.993333,-27.423106]}},{"type":"Feature","properties":{"stop_id":"5092","name":"Samford Rd at Camborne Street, stop 28","routes":["390"],"categories":["intermediate_bus"],"route_count":1},"geometry":{"type":"Point","coordinates":[152.995566,-27.423579]}},{"type":"Feature","properties":{"stop_id":"5093","name":"Samford Rd at Musgrave Terrace, stop 27","routes":["390"],"categories":["intermediate_bus"],"route_count":1},"geometry":{"type":"Point","coordinates":[152.997583,-27.423923]}},{"type":"Feature","properties":{"stop_id":"5095","name":"Samford Rd at Alderley Junction, stop 26","routes":["390"],"categories":["intermediate_bus"],"route_count":1},"geometry":{"type":"Point","coordinates":[153.000417,-27.425118]}},{"type":"Feature","properties":{"stop_id":"5118","name":"South Pine Rd at Alderley, stop 26","routes":["345"],"categories":["high_bus"],"route_count":1},"geometry":{"type":"Point","coordinates":[153.000391,-27.423908]}},{"type":"Feature","properties":{"stop_id":"5119","name":"Enoggera Rd at Lloyd Street, stop 25","routes":["390"],"categories":["intermediate_bus"],"route_count":1},"geometry":{"type":"Point","coordinates":[153.002311,-27.426871]}},{"type":"Feature","properties":{"stop_id":"5120","name":"Enoggera Rd at Beaufort Street, stop 24","routes":["390"],"categories":["intermediate_bus"],"route_count":1},"geometry":{"type":"Point","coordinates":[153.003268,-27.428124]}},{"type":"Feature","properties":{"stop_id":"5121","name":"Enoggera Rd at Sedgley Park, stop 23","routes":["390"],"categories":["intermediate_bus"],"route_count":1},"geometry":{"type":"Point","coordinates":[153.005121,-27.429653]}},{"type":"Feature","properties":{"stop_id":"5122","name":"Enoggera Rd at Banks Street, stop 22","routes":["345","390"],"categories":["high_bus","intermediate_bus"],"route_count":2},"geometry":{"type":"Point","coordinates":[153.005205,-27.431804]}},{"type":"Feature","properties":{"stop_id":"5123","name":"Enoggera Rd at Terang Street, stop 21","routes":["390"],"categories":["intermediate_bus"],"route_count":1},"geometry":{"type":"Point","coordinates":[153.00609,-27.434466]}},{"type":"Feature","properties":{"stop_id":"5124","name":"Enoggera Rd at Terang Street, stop 21","routes":["390"],"categories":["intermediate_bus"],"route_count":1},"geometry":{"type":"Point","coordinates":[153.005891,-27.434819]}},{"type":"Feature","properties":{"stop_id":"5125","name":"Enoggera Rd at Banks Street, stop 22","routes":["345","390"],"categories":["high_bus","intermediate_bus"],"route_count":2},"geometry":{"type":"Point","coordinates":[153.00491,-27.431839]}},{"type":"Feature","properties":{"stop_id":"5126","name":"Enoggera Rd at Sedgley Park, stop 23","routes":["390"],"categories":["intermediate_bus"],"route_count":1},"geometry":{"type":"Point","coordinates":[153.004393,-27.429441]}},{"type":"Feature","properties":{"stop_id":"5127","name":"Enoggera Rd at Beaufort Street, stop 24","routes":["390"],"categories":["intermediate_bus"],"route_count":1},"geometry":{"type":"Point","coordinates":[153.002932,-27.428154]}},{"type":"Feature","properties":{"stop_id":"5128","name":"Enoggera Rd at Lloyd Street, stop 25","routes":["390"],"categories":["intermediate_bus"],"route_count":1},"geometry":{"type":"Point","coordinates":[153.001917,-27.426778]}},{"type":"Feature","properties":{"stop_id":"5131","name":"South Pine Rd at Alderley, stop 27","routes":["345"],"categories":["high_bus"],"route_count":1},"geometry":{"type":"Point","coordinates":[153.00019,-27.423944]}},{"type":"Feature","properties":{"stop_id":"516","name":"Barrett St at McKeering-Barrett","routes":["330"],"categories":["high_bus"],"route_count":1},"geometry":{"type":"Point","coordinates":[153.042865,-27.319609]}},{"type":"Feature","properties":{"stop_id":"51766","name":"Gowan Rd at Stretton State College","routes":["130"],"categories":["high_bus"],"route_count":1},"geometry":{"type":"Point","coordinates":[153.056868,-27.639289]}},{"type":"Feature","properties":{"stop_id":"519","name":"Barrett St at McKeering-Barrett","routes":["330"],"categories":["high_bus"],"route_count":1},"geometry":{"type":"Point","coordinates":[153.042891,-27.319484]}},{"type":"Feature","properties":{"stop_id":"520","name":"Quinlan St at Bracken Ridge near Barrett St","routes":["330"],"categories":["high_bus"],"route_count":1},"geometry":{"type":"Point","coordinates":[153.048455,-27.320839]}},{"type":"Feature","properties":{"stop_id":"5402","name":"Partridge St at Partridge North, stop 72","routes":["100"],"categories":["high_bus"],"route_count":1},"geometry":{"type":"Point","coordinates":[152.972369,-27.602578]}},{"type":"Feature","properties":{"stop_id":"5403","name":"Blunder Rd at Blunder - Oxley, stop 66","routes":["100"],"categories":["high_bus"],"route_count":1},"geometry":{"type":"Point","coordinates":[152.980029,-27.567964]}},{"type":"Feature","properties":{"stop_id":"5404","name":"Blunder Rd at Blunder - Oxley, stop 66","routes":["100"],"categories":["high_bus"],"route_count":1},"geometry":{"type":"Point","coordinates":[152.980197,-27.567405]}},{"type":"Feature","properties":{"stop_id":"5405","name":"Blunder Rd at Oxley Ridge, stop 67","routes":["100"],"categories":["high_bus"],"route_count":1},"geometry":{"type":"Point","coordinates":[152.981853,-27.573814]}},{"type":"Feature","properties":{"stop_id":"5406","name":"Blunder Rd at Oxley Ridge, stop 67","routes":["100"],"categories":["high_bus"],"route_count":1},"geometry":{"type":"Point","coordinates":[152.981564,-27.573739]}},{"type":"Feature","properties":{"stop_id":"5407","name":"Blunder Rd at Blunder - Freeman, stop 68","routes":["100"],"categories":["high_bus"],"route_count":1},"geometry":{"type":"Point","coordinates":[152.982631,-27.577206]}},{"type":"Feature","properties":{"stop_id":"5408","name":"Blunder Rd at Freeman Rd, stop 68","routes":["100"],"categories":["high_bus"],"route_count":1},"geometry":{"type":"Point","coordinates":[152.982031,-27.576129]}},{"type":"Feature","properties":{"stop_id":"5409","name":"Blunder Rd at Forest Place North, stop 69","routes":["100"],"categories":["high_bus"],"route_count":1},"geometry":{"type":"Point","coordinates":[152.983176,-27.579411]}},{"type":"Feature","properties":{"stop_id":"5410","name":"Blunder Rd at Forest Place North, stop 69","routes":["100"],"categories":["high_bus"],"route_count":1},"geometry":{"type":"Point","coordinates":[152.982861,-27.579494]}},{"type":"Feature","properties":{"stop_id":"5411","name":"Blunder Rd at Forest Place South, stop 70","routes":["100"],"categories":["high_bus"],"route_count":1},"geometry":{"type":"Point","coordinates":[152.983853,-27.582072]}},{"type":"Feature","properties":{"stop_id":"5412","name":"Blunder Rd at Forest Place South, stop 70","routes":["100"],"categories":["high_bus"],"route_count":1},"geometry":{"type":"Point","coordinates":[152.983797,-27.582751]}},{"type":"Feature","properties":{"stop_id":"5420","name":"Serviceton Ave at Hyacinth St, stop 77","routes":["100"],"categories":["high_bus"],"route_count":1},"geometry":{"type":"Point","coordinates":[152.976133,-27.592525]}},{"type":"Feature","properties":{"stop_id":"5421","name":"Serviceton Ave at Serviceton - Hyacinth, stop 77","routes":["100"],"categories":["high_bus"],"route_count":1},"geometry":{"type":"Point","coordinates":[152.976389,-27.592692]}},{"type":"Feature","properties":{"stop_id":"5422","name":"Serviceton Ave at Viola Street, stop 78","routes":["100"],"categories":["high_bus"],"route_count":1},"geometry":{"type":"Point","coordinates":[152.975474,-27.594979]}},{"type":"Feature","properties":{"stop_id":"5423","name":"Serviceton Ave at Viola Street, stop 78","routes":["100"],"categories":["high_bus"],"route_count":1},"geometry":{"type":"Point","coordinates":[152.975245,-27.594801]}},{"type":"Feature","properties":{"stop_id":"5424","name":"Serviceton Ave at Inala Ave, stop 79","routes":["100"],"categories":["high_bus"],"route_count":1},"geometry":{"type":"Point","coordinates":[152.974811,-27.596737]}},{"type":"Feature","properties":{"stop_id":"5425","name":"Serviceton Ave at Inala Ave, stop 79","routes":["100"],"categories":["high_bus"],"route_count":1},"geometry":{"type":"Point","coordinates":[152.97455,-27.596586]}},{"type":"Feature","properties":{"stop_id":"5428","name":"Partridge St at Partridge North, stop 72","routes":["100"],"categories":["high_bus"],"route_count":1},"geometry":{"type":"Point","coordinates":[152.972309,-27.60241]}},{"type":"Feature","properties":{"stop_id":"5452","name":"Durella St at Durella East, stop 75","routes":["100"],"categories":["high_bus"],"route_count":1},"geometry":{"type":"Point","coordinates":[152.981225,-27.592191]}},{"type":"Feature","properties":{"stop_id":"5453","name":"Durella St at Durella East, stop 75","routes":["100"],"categories":["high_bus"],"route_count":1},"geometry":{"type":"Point","coordinates":[152.981397,-27.591961]}},{"type":"Feature","properties":{"stop_id":"5454","name":"Durella St at Durella West, stop 76","routes":["100"],"categories":["high_bus"],"route_count":1},"geometry":{"type":"Point","coordinates":[152.977658,-27.590874]}},{"type":"Feature","properties":{"stop_id":"5455","name":"Durella St at Durella West, stop 76","routes":["100"],"categories":["high_bus"],"route_count":1},"geometry":{"type":"Point","coordinates":[152.977838,-27.590949]}},{"type":"Feature","properties":{"stop_id":"5456","name":"Serviceton Ave at Kev Hooper Park, stop 76","routes":["100"],"categories":["high_bus"],"route_count":1},"geometry":{"type":"Point","coordinates":[152.976793,-27.591654]}},{"type":"Feature","properties":{"stop_id":"5461","name":"Akama Rd at Akama Central Stop 73","routes":["100"],"categories":["high_bus"],"route_count":1},"geometry":{"type":"Point","coordinates":[152.980845,-27.588592]}},{"type":"Feature","properties":{"stop_id":"5462","name":"Akama Rd at Akama Central Stop 73","routes":["100"],"categories":["high_bus"],"route_count":1},"geometry":{"type":"Point","coordinates":[152.980964,-27.58869]}},{"type":"Feature","properties":{"stop_id":"5463","name":"Akama Rd at Akama South Stop 74","routes":["100"],"categories":["high_bus"],"route_count":1},"geometry":{"type":"Point","coordinates":[152.981642,-27.591001]}},{"type":"Feature","properties":{"stop_id":"5464","name":"Akama Rd at Akama South Stop 74","routes":["100"],"categories":["high_bus"],"route_count":1},"geometry":{"type":"Point","coordinates":[152.981399,-27.590842]}},{"type":"Feature","properties":{"stop_id":"5465","name":"Glenala Rd at Glenala East, stop 71","routes":["100"],"categories":["high_bus"],"route_count":1},"geometry":{"type":"Point","coordinates":[152.982624,-27.585762]}},{"type":"Feature","properties":{"stop_id":"5466","name":"Glenala Rd at Glenala East, stop 71","routes":["100"],"categories":["high_bus"],"route_count":1},"geometry":{"type":"Point","coordinates":[152.982271,-27.585959]}},{"type":"Feature","properties":{"stop_id":"547","name":"Kedron Brook Stop 3","routes":["369"],"categories":["intermediate_bus"],"route_count":1},"geometry":{"type":"Point","coordinates":[153.035279,-27.415423]}},{"type":"Feature","properties":{"stop_id":"5524","name":"Fairlie Tce at Nyanda, stop 41","routes":["125"],"categories":["intermediate_bus"],"route_count":1},"geometry":{"type":"Point","coordinates":[153.020561,-27.54934]}},{"type":"Feature","properties":{"stop_id":"553","name":"Truro Street, platform 2","routes":["333","340","348"],"categories":["high_bus","intermediate_bus"],"route_count":3},"geometry":{"type":"Point","coordinates":[153.032896,-27.426778]}},{"type":"Feature","properties":{"stop_id":"5534","name":"Cripps St at Salisbury Interchange","routes":["125"],"categories":["intermediate_bus"],"route_count":1},"geometry":{"type":"Point","coordinates":[153.031947,-27.554349]}},{"type":"Feature","properties":{"stop_id":"5536","name":"Lillian Ave at Tuckett Road, stop 49","routes":["125"],"categories":["intermediate_bus"],"route_count":1},"geometry":{"type":"Point","coordinates":[153.028187,-27.554077]}},{"type":"Feature","properties":{"stop_id":"5537","name":"Lillian Ave at Tuckett Road, stop 49","routes":["125"],"categories":["intermediate_bus"],"route_count":1},"geometry":{"type":"Point","coordinates":[153.028201,-27.553951]}},{"type":"Feature","properties":{"stop_id":"5538","name":"Lillian Ave at Kellett Road, stop 50L","routes":["125"],"categories":["intermediate_bus"],"route_count":1},"geometry":{"type":"Point","coordinates":[153.025476,-27.553536]}},{"type":"Feature","properties":{"stop_id":"5539","name":"Lillian Ave at Salisbury station","routes":["125"],"categories":["intermediate_bus"],"route_count":1},"geometry":{"type":"Point","coordinates":[153.023921,-27.553426]}},{"type":"Feature","properties":{"stop_id":"5540","name":"Lillian Ave at Salisbury station","routes":["125"],"categories":["intermediate_bus"],"route_count":1},"geometry":{"type":"Point","coordinates":[153.02391,-27.553296]}},{"type":"Feature","properties":{"stop_id":"5564","name":"Lillian Ave at Salisbury Interchange, zone A","routes":["125"],"categories":["intermediate_bus"],"route_count":1},"geometry":{"type":"Point","coordinates":[153.032641,-27.554622]}},{"type":"Feature","properties":{"stop_id":"5577","name":"Troughton Rd at Musgrave Road, stop 39","routes":["120"],"categories":["high_bus"],"route_count":1},"geometry":{"type":"Point","coordinates":[153.049586,-27.564357]}},{"type":"Feature","properties":{"stop_id":"5579","name":"Musgrave Rd at Boundary Street, stop 54a","routes":["120"],"categories":["high_bus"],"route_count":1},"geometry":{"type":"Point","coordinates":[153.043643,-27.563929]}},{"type":"Feature","properties":{"stop_id":"558","name":"Truro Street, platform 1","routes":["333","338","340","348"],"categories":["high_bus","intermediate_bus"],"route_count":4},"geometry":{"type":"Point","coordinates":[153.032966,-27.426825]}},{"type":"Feature","properties":{"stop_id":"5580","name":"Musgrave Rd at Boundary Street","routes":["120"],"categories":["high_bus"],"route_count":1},"geometry":{"type":"Point","coordinates":[153.043358,-27.563773]}},{"type":"Feature","properties":{"stop_id":"5602","name":"Mains Rd at Robertson","routes":["130","140"],"categories":["high_bus"],"route_count":2},"geometry":{"type":"Point","coordinates":[153.065322,-27.56422]}},{"type":"Feature","properties":{"stop_id":"5603","name":"Mains Rd at Robertson","routes":["130","140"],"categories":["high_bus"],"route_count":2},"geometry":{"type":"Point","coordinates":[153.065564,-27.564688]}},{"type":"Feature","properties":{"stop_id":"562","name":"Federation Street, platform 2","routes":["338","348"],"categories":["intermediate_bus"],"route_count":2},"geometry":{"type":"Point","coordinates":[153.031096,-27.441111]}},{"type":"Feature","properties":{"stop_id":"5635","name":"Mains Rd at Sunnybank","routes":["130","140"],"categories":["high_bus"],"route_count":2},"geometry":{"type":"Point","coordinates":[153.064526,-27.570468]}},{"type":"Feature","properties":{"stop_id":"5638","name":"Mains Rd at Sunnybank","routes":["130","140"],"categories":["high_bus"],"route_count":2},"geometry":{"type":"Point","coordinates":[153.064236,-27.570168]}},{"type":"Feature","properties":{"stop_id":"5643","name":"Mains Rd at Turton Street, stop 80","routes":["130","140"],"categories":["high_bus"],"route_count":2},"geometry":{"type":"Point","coordinates":[153.063379,-27.576117]}},{"type":"Feature","properties":{"stop_id":"5644","name":"Mains Rd at Turton Street, stop 80","routes":["130","140"],"categories":["high_bus"],"route_count":2},"geometry":{"type":"Point","coordinates":[153.063015,-27.5763]}},{"type":"Feature","properties":{"stop_id":"565","name":"Bowen Bridge Rd at Gregory Terrace, stop 7","routes":["338","348"],"categories":["intermediate_bus"],"route_count":2},"geometry":{"type":"Point","coordinates":[153.028817,-27.45213]}},{"type":"Feature","properties":{"stop_id":"566","name":"Bowen Bridge Rd at Gregory Terrace, stop 7","routes":["338","348"],"categories":["intermediate_bus"],"route_count":2},"geometry":{"type":"Point","coordinates":[153.029062,-27.45228]}},{"type":"Feature","properties":{"stop_id":"568","name":"Federation Street, platform 1","routes":["338","348"],"categories":["intermediate_bus"],"route_count":2},"geometry":{"type":"Point","coordinates":[153.031287,-27.441232]}},{"type":"Feature","properties":{"stop_id":"57","name":"Queen Street Stop 57 near Edward St","routes":["30"],"categories":["intermediate_bus"],"route_count":1},"geometry":{"type":"Point","coordinates":[153.027536,-27.467778]}},{"type":"Feature","properties":{"stop_id":"5760","name":"Pinelands","routes":["130","140"],"categories":["high_bus"],"route_count":2},"geometry":{"type":"Point","coordinates":[153.060391,-27.590079]}},{"type":"Feature","properties":{"stop_id":"5761","name":"Pinelands","routes":["130","140"],"categories":["high_bus"],"route_count":2},"geometry":{"type":"Point","coordinates":[153.060354,-27.588496]}},{"type":"Feature","properties":{"stop_id":"5769","name":"Warrigal Rd near Daw Rd","routes":["150"],"categories":["high_bus"],"route_count":1},"geometry":{"type":"Point","coordinates":[153.085152,-27.588581]}},{"type":"Feature","properties":{"stop_id":"5770","name":"Warrigal Rd near Daw Rd","routes":["150"],"categories":["high_bus"],"route_count":1},"geometry":{"type":"Point","coordinates":[153.085264,-27.588748]}},{"type":"Feature","properties":{"stop_id":"5772","name":"Warrigal Rd at Fanfare","routes":["150"],"categories":["high_bus"],"route_count":1},"geometry":{"type":"Point","coordinates":[153.08619,-27.583005]}},{"type":"Feature","properties":{"stop_id":"5773","name":"Warrigal Rd at Fanfare","routes":["150"],"categories":["high_bus"],"route_count":1},"geometry":{"type":"Point","coordinates":[153.086289,-27.58324]}},{"type":"Feature","properties":{"stop_id":"5774","name":"Warrigal Rd at Padstow Views","routes":["150"],"categories":["high_bus"],"route_count":1},"geometry":{"type":"Point","coordinates":[153.087361,-27.576319]}},{"type":"Feature","properties":{"stop_id":"5775","name":"Warrigal Rd at Padstow Views","routes":["150"],"categories":["high_bus"],"route_count":1},"geometry":{"type":"Point","coordinates":[153.087503,-27.576768]}},{"type":"Feature","properties":{"stop_id":"5781","name":"Warrigal Rd at Runcorn North","routes":["150"],"categories":["high_bus"],"route_count":1},"geometry":{"type":"Point","coordinates":[153.084523,-27.592614]}},{"type":"Feature","properties":{"stop_id":"5782","name":"Warrigal Rd at Runcorn North","routes":["150"],"categories":["high_bus"],"route_count":1},"geometry":{"type":"Point","coordinates":[153.08456,-27.591706]}},{"type":"Feature","properties":{"stop_id":"5783","name":"Warrigal Rd at Fruitgrove","routes":["150"],"categories":["high_bus"],"route_count":1},"geometry":{"type":"Point","coordinates":[153.083707,-27.596988]}},{"type":"Feature","properties":{"stop_id":"5784","name":"Warrigal Rd at Fruitgrove","routes":["150"],"categories":["high_bus"],"route_count":1},"geometry":{"type":"Point","coordinates":[153.083612,-27.596732]}},{"type":"Feature","properties":{"stop_id":"5785","name":"Beenleigh Rd at Fruitgrove station","routes":["150"],"categories":["high_bus"],"route_count":1},"geometry":{"type":"Point","coordinates":[153.080224,-27.598834]}},{"type":"Feature","properties":{"stop_id":"5786","name":"Beenleigh Rd at Fruitgrove station","routes":["150"],"categories":["high_bus"],"route_count":1},"geometry":{"type":"Point","coordinates":[153.08063,-27.598695]}},{"type":"Feature","properties":{"stop_id":"5787","name":"Nursery Ave at Runcorn","routes":["150"],"categories":["high_bus"],"route_count":1},"geometry":{"type":"Point","coordinates":[153.076134,-27.602672]}},{"type":"Feature","properties":{"stop_id":"5788","name":"Nursery Ave at Runcorn near Silkyoak St","routes":["150"],"categories":["high_bus"],"route_count":1},"geometry":{"type":"Point","coordinates":[153.076271,-27.602602]}},{"type":"Feature","properties":{"stop_id":"5789","name":"Nemies Rd at Runcorn Heights near Basking St","routes":["150"],"categories":["high_bus"],"route_count":1},"geometry":{"type":"Point","coordinates":[153.074304,-27.605134]}},{"type":"Feature","properties":{"stop_id":"5790","name":"Nemies Rd at Runcorn Heights","routes":["150"],"categories":["high_bus"],"route_count":1},"geometry":{"type":"Point","coordinates":[153.073908,-27.604996]}},{"type":"Feature","properties":{"stop_id":"5791","name":"Nursery Ave near Marika St","routes":["150"],"categories":["high_bus"],"route_count":1},"geometry":{"type":"Point","coordinates":[153.076798,-27.599145]}},{"type":"Feature","properties":{"stop_id":"5792","name":"Nursery Ave near Marika St","routes":["150"],"categories":["high_bus"],"route_count":1},"geometry":{"type":"Point","coordinates":[153.077038,-27.59853]}},{"type":"Feature","properties":{"stop_id":"5794","name":"Nemies Rd at Runcorn West","routes":["150"],"categories":["high_bus"],"route_count":1},"geometry":{"type":"Point","coordinates":[153.06693,-27.603977]}},{"type":"Feature","properties":{"stop_id":"5795","name":"Nemies Rd at Runcorn West near Belyando St","routes":["150"],"categories":["high_bus"],"route_count":1},"geometry":{"type":"Point","coordinates":[153.065616,-27.603893]}},{"type":"Feature","properties":{"stop_id":"5798","name":"Gowan Rd near Blackbean St","routes":["150"],"categories":["high_bus"],"route_count":1},"geometry":{"type":"Point","coordinates":[153.062761,-27.607737]}},{"type":"Feature","properties":{"stop_id":"5799","name":"Gowan Rd near Blackbean St","routes":["150"],"categories":["high_bus"],"route_count":1},"geometry":{"type":"Point","coordinates":[153.062765,-27.606978]}},{"type":"Feature","properties":{"stop_id":"5803","name":"Pinelands Rd at Hellawell","routes":["130","140"],"categories":["high_bus"],"route_count":2},"geometry":{"type":"Point","coordinates":[153.058483,-27.60043]}},{"type":"Feature","properties":{"stop_id":"5804","name":"Calam Rd near Honeywood St","routes":["130","140"],"categories":["high_bus"],"route_count":2},"geometry":{"type":"Point","coordinates":[153.054757,-27.609832]}},{"type":"Feature","properties":{"stop_id":"5805","name":"Pinelands Rd at Sunnybank Hills South","routes":["130","140"],"categories":["high_bus"],"route_count":2},"geometry":{"type":"Point","coordinates":[153.056824,-27.602486]}},{"type":"Feature","properties":{"stop_id":"5806","name":"Beaudesert Rd at Benhiam Street","routes":["140"],"categories":["high_bus"],"route_count":1},"geometry":{"type":"Point","coordinates":[153.050063,-27.620564]}},{"type":"Feature","properties":{"stop_id":"5811","name":"Algester Rd at Beaudesert Road Stop 76","routes":["130"],"categories":["high_bus"],"route_count":1},"geometry":{"type":"Point","coordinates":[153.042769,-27.605887]}},{"type":"Feature","properties":{"stop_id":"5812","name":"Algester Rd at Beaudesert Road Stop 76","routes":["130"],"categories":["high_bus"],"route_count":1},"geometry":{"type":"Point","coordinates":[153.042588,-27.605518]}},{"type":"Feature","properties":{"stop_id":"5815","name":"Pinelands Rd at Sunnybank Hills South","routes":["130","140"],"categories":["high_bus"],"route_count":2},"geometry":{"type":"Point","coordinates":[153.056555,-27.602326]}},{"type":"Feature","properties":{"stop_id":"5817","name":"Pinelands Rd at Hellawell","routes":["130","140"],"categories":["high_bus"],"route_count":2},"geometry":{"type":"Point","coordinates":[153.058494,-27.598716]}},{"type":"Feature","properties":{"stop_id":"5836","name":"Algester Rd at Algester East Stop 79","routes":["130"],"categories":["high_bus"],"route_count":1},"geometry":{"type":"Point","coordinates":[153.04074,-27.612113]}},{"type":"Feature","properties":{"stop_id":"5840","name":"Calam Rd near Lear St","routes":["130","140"],"categories":["high_bus"],"route_count":2},"geometry":{"type":"Point","coordinates":[153.054307,-27.610461]}},{"type":"Feature","properties":{"stop_id":"5841","name":"Algester Rd at Algester East Stop 79","routes":["130"],"categories":["high_bus"],"route_count":1},"geometry":{"type":"Point","coordinates":[153.039798,-27.6127]}},{"type":"Feature","properties":{"stop_id":"5848","name":"Ridgewood Rd at Algester, stop 83","routes":["130"],"categories":["high_bus"],"route_count":1},"geometry":{"type":"Point","coordinates":[153.033291,-27.611357]}},{"type":"Feature","properties":{"stop_id":"5849","name":"Ridgewood Rd at Algester","routes":["130"],"categories":["high_bus"],"route_count":1},"geometry":{"type":"Point","coordinates":[153.033153,-27.611244]}},{"type":"Feature","properties":{"stop_id":"5858","name":"Ridgewood Rd at Ridgewood Park near Yorrell","routes":["130"],"categories":["high_bus"],"route_count":1},"geometry":{"type":"Point","coordinates":[153.028867,-27.61757]}},{"type":"Feature","properties":{"stop_id":"5860","name":"Ridgewood Rd at Ridgewood Park near Yorrell St","routes":["130"],"categories":["high_bus"],"route_count":1},"geometry":{"type":"Point","coordinates":[153.029315,-27.615999]}},{"type":"Feature","properties":{"stop_id":"5862","name":"Beaudesert Rd at Highlands Drive","routes":["130"],"categories":["high_bus"],"route_count":1},"geometry":{"type":"Point","coordinates":[153.048628,-27.609035]}},{"type":"Feature","properties":{"stop_id":"5863","name":"Ridgewood Rd at Ridgewood Heights","routes":["130"],"categories":["high_bus"],"route_count":1},"geometry":{"type":"Point","coordinates":[153.027342,-27.624333]}},{"type":"Feature","properties":{"stop_id":"5864","name":"Beaudesert Rd at Highlands Drive","routes":["130"],"categories":["high_bus"],"route_count":1},"geometry":{"type":"Point","coordinates":[153.049156,-27.608938]}},{"type":"Feature","properties":{"stop_id":"5895","name":"Gowan Rd at Calam North, stop 35","routes":["150"],"categories":["high_bus"],"route_count":1},"geometry":{"type":"Point","coordinates":[153.061096,-27.615968]}},{"type":"Feature","properties":{"stop_id":"5896","name":"Gowan Rd at Pennant Hills","routes":["150"],"categories":["high_bus"],"route_count":1},"geometry":{"type":"Point","coordinates":[153.060093,-27.621503]}},{"type":"Feature","properties":{"stop_id":"59","name":"Queen Street Stop 59 near Creek St","routes":["338","348"],"categories":["intermediate_bus"],"route_count":2},"geometry":{"type":"Point","coordinates":[153.02827,-27.467209]}},{"type":"Feature","properties":{"stop_id":"5900","name":"Stanley Rd at Vince Herbert Field, stop 45","routes":["204"],"categories":["intermediate_bus"],"route_count":1},"geometry":{"type":"Point","coordinates":[153.100041,-27.489901]}},{"type":"Feature","properties":{"stop_id":"5901","name":"Creek Rd at Carina Bus Depot","routes":["590"],"categories":["intermediate_bus"],"route_count":1},"geometry":{"type":"Point","coordinates":[153.100665,-27.489375]}},{"type":"Feature","properties":{"stop_id":"5902","name":"Meadowlands Rd at Carina State School, stop 58","routes":["204"],"categories":["intermediate_bus"],"route_count":1},"geometry":{"type":"Point","coordinates":[153.10264,-27.491408]}},{"type":"Feature","properties":{"stop_id":"5903","name":"Meadowlands Rd at Carina State School, stop 58","routes":["204"],"categories":["intermediate_bus"],"route_count":1},"geometry":{"type":"Point","coordinates":[153.103644,-27.491784]}},{"type":"Feature","properties":{"stop_id":"5905","name":"Creek Rd at Carina Bus Depot","routes":["590"],"categories":["intermediate_bus"],"route_count":1},"geometry":{"type":"Point","coordinates":[153.10105,-27.48953]}},{"type":"Feature","properties":{"stop_id":"5932","name":"Creek Rd at Old Stockyards","routes":["590"],"categories":["intermediate_bus"],"route_count":1},"geometry":{"type":"Point","coordinates":[153.095209,-27.474521]}},{"type":"Feature","properties":{"stop_id":"5934","name":"Creek Rd at Old Stockyards, stop 66a","routes":["590"],"categories":["intermediate_bus"],"route_count":1},"geometry":{"type":"Point","coordinates":[153.095594,-27.474477]}},{"type":"Feature","properties":{"stop_id":"5937","name":"Creek Rd at Carina North near Billan St","routes":["590"],"categories":["intermediate_bus"],"route_count":1},"geometry":{"type":"Point","coordinates":[153.09735,-27.483481]}},{"type":"Feature","properties":{"stop_id":"5938","name":"Creek Rd at Carina North, stop 49","routes":["590"],"categories":["intermediate_bus"],"route_count":1},"geometry":{"type":"Point","coordinates":[153.096599,-27.483091]}},{"type":"Feature","properties":{"stop_id":"5943","name":"Cannon Hill Shopping Centre F","routes":["590"],"categories":["intermediate_bus"],"route_count":1},"geometry":{"type":"Point","coordinates":[153.09652,-27.470928]}},{"type":"Feature","properties":{"stop_id":"5944","name":"Cannon Hill Shopping Centre C","routes":["590"],"categories":["intermediate_bus"],"route_count":1},"geometry":{"type":"Point","coordinates":[153.096638,-27.470934]}},{"type":"Feature","properties":{"stop_id":"5950","name":"Stanley Rd at Carina Bowls, stop 44","routes":["204"],"categories":["intermediate_bus"],"route_count":1},"geometry":{"type":"Point","coordinates":[153.097426,-27.489531]}},{"type":"Feature","properties":{"stop_id":"5957","name":"Baynes St near Stevenson Ct, stop 55","routes":["204"],"categories":["intermediate_bus"],"route_count":1},"geometry":{"type":"Point","coordinates":[153.114416,-27.494467]}},{"type":"Feature","properties":{"stop_id":"5958","name":"Baynes St near Sherborne St, stop 55","routes":["204"],"categories":["intermediate_bus"],"route_count":1},"geometry":{"type":"Point","coordinates":[153.11433,-27.494314]}},{"type":"Feature","properties":{"stop_id":"5960","name":"Cadogan St at Cadogan Park, stop 65/54a","routes":["204"],"categories":["intermediate_bus"],"route_count":1},"geometry":{"type":"Point","coordinates":[153.1134,-27.496057]}},{"type":"Feature","properties":{"stop_id":"5961","name":"Cadogan St at Cadogan Park, stop 65/54a","routes":["204"],"categories":["intermediate_bus"],"route_count":1},"geometry":{"type":"Point","coordinates":[153.113468,-27.496175]}},{"type":"Feature","properties":{"stop_id":"5962","name":"Cadogan St at Whitecastle Street, stop 65/54","routes":["204"],"categories":["intermediate_bus"],"route_count":1},"geometry":{"type":"Point","coordinates":[153.111952,-27.495856]}},{"type":"Feature","properties":{"stop_id":"5963","name":"Cadogan St at Bamburgh Street, stop 67/53","routes":["204"],"categories":["intermediate_bus"],"route_count":1},"geometry":{"type":"Point","coordinates":[153.108188,-27.496115]}},{"type":"Feature","properties":{"stop_id":"5964","name":"Cadogan St at Whitecastle Street, stop 66/54","routes":["204"],"categories":["intermediate_bus"],"route_count":1},"geometry":{"type":"Point","coordinates":[153.111481,-27.495899]}},{"type":"Feature","properties":{"stop_id":"5965","name":"Bedivere St at Tristan Street, stop 68/52","routes":["204"],"categories":["intermediate_bus"],"route_count":1},"geometry":{"type":"Point","coordinates":[153.105831,-27.49784]}},{"type":"Feature","properties":{"stop_id":"5966","name":"Cadogan St at Bamburgh Street, stop 67/53","routes":["204"],"categories":["intermediate_bus"],"route_count":1},"geometry":{"type":"Point","coordinates":[153.107904,-27.496183]}},{"type":"Feature","properties":{"stop_id":"5967","name":"Bedivere St at Tristan Street, stop 68/52","routes":["204"],"categories":["intermediate_bus"],"route_count":1},"geometry":{"type":"Point","coordinates":[153.105851,-27.497957]}},{"type":"Feature","properties":{"stop_id":"5976","name":"Meadowlands Rd at Epala Street, stop 56","routes":["204"],"categories":["intermediate_bus"],"route_count":1},"geometry":{"type":"Point","coordinates":[153.112054,-27.493003]}},{"type":"Feature","properties":{"stop_id":"5977","name":"Meadowlands Rd at Hilltop Court, stop 57","routes":["204"],"categories":["intermediate_bus"],"route_count":1},"geometry":{"type":"Point","coordinates":[153.110014,-27.492514]}},{"type":"Feature","properties":{"stop_id":"5978","name":"Meadowlands Rd at Hilltop Court, stop 57","routes":["204"],"categories":["intermediate_bus"],"route_count":1},"geometry":{"type":"Point","coordinates":[153.109057,-27.492599]}},{"type":"Feature","properties":{"stop_id":"5979","name":"Meadowlands Rd at Epala Street, stop 56","routes":["204"],"categories":["intermediate_bus"],"route_count":1},"geometry":{"type":"Point","coordinates":[153.112216,-27.492846]}},{"type":"Feature","properties":{"stop_id":"5980","name":"Bedivere St near Agravain St","routes":["590"],"categories":["intermediate_bus"],"route_count":1},"geometry":{"type":"Point","coordinates":[153.107591,-27.495543]}},{"type":"Feature","properties":{"stop_id":"5981","name":"Bedivere St near Cadogan St","routes":["590"],"categories":["intermediate_bus"],"route_count":1},"geometry":{"type":"Point","coordinates":[153.107617,-27.495914]}},{"type":"Feature","properties":{"stop_id":"5982","name":"Zahel St at Clem Jones Centre, stop 39","routes":["204"],"categories":["intermediate_bus"],"route_count":1},"geometry":{"type":"Point","coordinates":[153.096893,-27.492406]}},{"type":"Feature","properties":{"stop_id":"5991","name":"Adelaide St at Stanley Road Stop 39","routes":["204"],"categories":["intermediate_bus"],"route_count":1},"geometry":{"type":"Point","coordinates":[153.096259,-27.490086]}},{"type":"Feature","properties":{"stop_id":"6","name":"Ann Street Stop 6","routes":["338","348"],"categories":["intermediate_bus"],"route_count":2},"geometry":{"type":"Point","coordinates":[153.029154,-27.464013]}},{"type":"Feature","properties":{"stop_id":"600000","name":"Bowen Hills station, platform 2","routes":["BRBD","BRBR","BRDB","BRFG","BRSH","CLBR","CLSH","IPBR"],"categories":["rail"],"route_count":8},"geometry":{"type":"Point","coordinates":[153.037634,-27.44539]}},{"type":"Feature","properties":{"stop_id":"600002","name":"Bowen Hills station, platform 3","routes":["BDBR","BRBR","BRCL","BRIP","BRSP","CAIP","CASP","DBBR","FGBR","GYBR","NAIP","RPBR","RPSP","SHBR","SHCL"],"categories":["rail"],"route_count":15},"geometry":{"type":"Point","coordinates":[153.037641,-27.445482]}},{"type":"Feature","properties":{"stop_id":"600005","name":"Bowen Hills station, platform 1","routes":["BDBR","BRBR","DBBR","FGBR","SHBR","SHCL"],"categories":["rail"],"route_count":6},"geometry":{"type":"Point","coordinates":[153.037717,-27.445402]}},{"type":"Feature","properties":{"stop_id":"600006","name":"South Bank station, platform 1","routes":["BRCL","DBBR","SHCL"],"categories":["rail"],"route_count":3},"geometry":{"type":"Point","coordinates":[153.022995,-27.481832]}},{"type":"Feature","properties":{"stop_id":"600007","name":"Bowen Hills station, platform 4","routes":["BRBD","BRBR","BRCA","BRDB","BRFG","BRGY","BRRP","BRSH","CLSH","IPCA","IPNA","SPCA","SPNA","SPRP"],"categories":["rail"],"route_count":14},"geometry":{"type":"Point","coordinates":[153.037549,-27.445437]}},{"type":"Feature","properties":{"stop_id":"600010","name":"Fortitude Valley station, platform 3","routes":["BDBR","BRBR","BRCL","BRIP","BRSP","CAIP","CASP","DBBR","FGBR","GYBR","NAIP","RPBR","RPSP","SHBR","SHCL"],"categories":["rail"],"route_count":15},"geometry":{"type":"Point","coordinates":[153.033705,-27.456047]}},{"type":"Feature","properties":{"stop_id":"600011","name":"Fortitude Valley station, platform 4","routes":["BRBD","BRCA","BRDB","BRFG","BRGY","BRRP","BRSH","CLSH","IPCA","IPNA","SPCA","SPNA","SPRP"],"categories":["rail"],"route_count":13},"geometry":{"type":"Point","coordinates":[153.03358,-27.456021]}},{"type":"Feature","properties":{"stop_id":"600012","name":"South Brisbane station, platform 1","routes":["BDBR","BRBR","BRCL","DBBR","FGBR","SHCL"],"categories":["rail"],"route_count":6},"geometry":{"type":"Point","coordinates":[153.018521,-27.475067]}},{"type":"Feature","properties":{"stop_id":"600013","name":"Fortitude Valley station, platform 2","routes":["BRBD","BRBR","BRDB","BRFG","BRSH","CLBR","CLSH","IPBR"],"categories":["rail"],"route_count":8},"geometry":{"type":"Point","coordinates":[153.033637,-27.456111]}},{"type":"Feature","properties":{"stop_id":"600014","name":"Fortitude Valley station, platform 1","routes":["BDBR","BRBR","DBBR","FGBR","SHBR","SHCL"],"categories":["rail"],"route_count":6},"geometry":{"type":"Point","coordinates":[153.033762,-27.456135]}},{"type":"Feature","properties":{"stop_id":"600016","name":"Central station, platform 3","routes":["BRBD","BRBR","BRFG","IPBR"],"categories":["rail"],"route_count":4},"geometry":{"type":"Point","coordinates":[153.026028,-27.465737]}},{"type":"Feature","properties":{"stop_id":"600017","name":"Central station, platform 2","routes":["DBBR","SHBR","SHCL"],"categories":["rail"],"route_count":3},"geometry":{"type":"Point","coordinates":[153.025981,-27.465769]}},{"type":"Feature","properties":{"stop_id":"600018","name":"Central station, platform 1","routes":["BDBR","BRBR","DBBR","FGBR","SHCL"],"categories":["rail"],"route_count":5},"geometry":{"type":"Point","coordinates":[153.026069,-27.465841]}},{"type":"Feature","properties":{"stop_id":"600019","name":"Central station, platform 5","routes":["BDBR","BRBR","BRCL","BRIP","BRSP","CAIP","CASP","DBBR","FGBR","GYBR","NAIP","RPBR","RPSP","SHBR","SHCL"],"categories":["rail"],"route_count":15},"geometry":{"type":"Point","coordinates":[153.025962,-27.465647]}},{"type":"Feature","properties":{"stop_id":"600020","name":"Central station, platform 4","routes":["BRDB","BRSH","CLBR","CLSH"],"categories":["rail"],"route_count":4},"geometry":{"type":"Point","coordinates":[153.025902,-27.465687]}},{"type":"Feature","properties":{"stop_id":"600024","name":"Central station, platform 6","routes":["BRBD","BRCA","BRDB","BRFG","BRGY","BRRP","BRSH","CLSH","IPCA","IPNA","SPCA","SPNA","SPRP"],"categories":["rail"],"route_count":13},"geometry":{"type":"Point","coordinates":[153.025827,-27.465594]}},{"type":"Feature","properties":{"stop_id":"600028","name":"Roma Street station, platform 7","routes":["BRBD","BRBR","BRDB","BRFG","BRGY","BRSH","CLSH","DBBR","FGBR","IPBR","SHBR"],"categories":["rail"],"route_count":11},"geometry":{"type":"Point","coordinates":[153.019689,-27.465246]}},{"type":"Feature","properties":{"stop_id":"600029","name":"Roma Street station, platform 8","routes":["BRBR","BRCL","BRIP","BRSP","CAIP","CASP","GYBR","NAIP","RPBR","RPSP","SHBR"],"categories":["rail"],"route_count":11},"geometry":{"type":"Point","coordinates":[153.019804,-27.46528]}},{"type":"Feature","properties":{"stop_id":"600030","name":"Roma Street station, platform 6","routes":["BDBR","BRBD","BRBR","BRSH","CLBR","DBBR","FGBR","SHBR","SHCL"],"categories":["rail"],"route_count":9},"geometry":{"type":"Point","coordinates":[153.019736,-27.46544]}},{"type":"Feature","properties":{"stop_id":"600034","name":"Roma Street station, platform 5","routes":["BDBR","BRBR","DBBR","FGBR","SHCL"],"categories":["rail"],"route_count":5},"geometry":{"type":"Point","coordinates":[153.019624,-27.46541]}},{"type":"Feature","properties":{"stop_id":"600036","name":"Roma Street station, platform 4","routes":["BDBR","FGBR","SHBR"],"categories":["rail"],"route_count":3},"geometry":{"type":"Point","coordinates":[153.019616,-27.465583]}},{"type":"Feature","properties":{"stop_id":"600038","name":"Roma Street station, platform 9","routes":["BRCA","BRFG","BRGY","BRRP","BRSH","IPCA","IPNA","SPCA","SPNA","SPRP"],"categories":["rail"],"route_count":10},"geometry":{"type":"Point","coordinates":[153.01979,-27.465057]}},{"type":"Feature","properties":{"stop_id":"600085","name":"Boggo Road station, platform 8","routes":["BRCL","DBBR","SHCL"],"categories":["rail"],"route_count":3},"geometry":{"type":"Point","coordinates":[153.030866,-27.493617]}},{"type":"Feature","properties":{"stop_id":"600087","name":"Springfield station, platform 2","routes":["SPCA","SPNA","SPRP"],"categories":["rail"],"route_count":3},"geometry":{"type":"Point","coordinates":[152.921424,-27.660648]}},{"type":"Feature","properties":{"stop_id":"600088","name":"Springfield station, platform 1","routes":["BRSP","CASP","RPSP"],"categories":["rail"],"route_count":3},"geometry":{"type":"Point","coordinates":[152.921296,-27.66055]}},{"type":"Feature","properties":{"stop_id":"600089","name":"Springfield Central station, platform 1","routes":["BRSP","CASP","RPSP","SPCA","SPNA","SPRP"],"categories":["rail"],"route_count":6},"geometry":{"type":"Point","coordinates":[152.902811,-27.674192]}},{"type":"Feature","properties":{"stop_id":"600090","name":"Springfield Central station, platform 2","routes":["RPSP"],"categories":["rail"],"route_count":1},"geometry":{"type":"Point","coordinates":[152.902841,-27.674345]}},{"type":"Feature","properties":{"stop_id":"600186","name":"South Brisbane station, platform 2","routes":["BRBD","BRBR","BRDB","BRFG","CLBR","CLSH"],"categories":["rail"],"route_count":6},"geometry":{"type":"Point","coordinates":[153.018455,-27.475122]}},{"type":"Feature","properties":{"stop_id":"600188","name":"South Bank station, platform 2","routes":["BRBR","BRDB","BRFG","CLBR","CLSH"],"categories":["rail"],"route_count":5},"geometry":{"type":"Point","coordinates":[153.022914,-27.481845]}},{"type":"Feature","properties":{"stop_id":"600189","name":"South Bank station, platform 3","routes":["BDBR","BRBD","BRBR","FGBR"],"categories":["rail"],"route_count":4},"geometry":{"type":"Point","coordinates":[153.02294,-27.48189]}},{"type":"Feature","properties":{"stop_id":"600190","name":"Boggo Road station, platform 7","routes":["BRDB","CLBR","CLSH"],"categories":["rail"],"route_count":3},"geometry":{"type":"Point","coordinates":[153.03081,-27.493794]}},{"type":"Feature","properties":{"stop_id":"600191","name":"Boggo Road station, platform 6","routes":["BRBR","BRFG","FGBR"],"categories":["rail"],"route_count":3},"geometry":{"type":"Point","coordinates":[153.03073,-27.493739]}},{"type":"Feature","properties":{"stop_id":"600192","name":"Boggo Road station, platform 5","routes":["BDBR","BRBD","BRBR"],"categories":["rail"],"route_count":3},"geometry":{"type":"Point","coordinates":[153.03071,-27.493889]}},{"type":"Feature","properties":{"stop_id":"600248","name":"Buranda station, platform 1","routes":["BRCL","SHCL"],"categories":["rail"],"route_count":2},"geometry":{"type":"Point","coordinates":[153.040441,-27.496491]}},{"type":"Feature","properties":{"stop_id":"600249","name":"Buranda station, platform 2","routes":["CLBR","CLSH"],"categories":["rail"],"route_count":2},"geometry":{"type":"Point","coordinates":[153.040469,-27.496544]}},{"type":"Feature","properties":{"stop_id":"600250","name":"Coorparoo station, platform 2","routes":["BRCL","SHCL"],"categories":["rail"],"route_count":2},"geometry":{"type":"Point","coordinates":[153.055126,-27.489563]}},{"type":"Feature","properties":{"stop_id":"600251","name":"Coorparoo station, platform 1","routes":["CLBR","CLSH"],"categories":["rail"],"route_count":2},"geometry":{"type":"Point","coordinates":[153.055233,-27.489617]}},{"type":"Feature","properties":{"stop_id":"600252","name":"Norman Park station, platform 1","routes":["BRCL","SHCL"],"categories":["rail"],"route_count":2},"geometry":{"type":"Point","coordinates":[153.062243,-27.481618]}},{"type":"Feature","properties":{"stop_id":"600253","name":"Norman Park station, platform 2","routes":["CLBR","CLSH"],"categories":["rail"],"route_count":2},"geometry":{"type":"Point","coordinates":[153.062273,-27.481669]}},{"type":"Feature","properties":{"stop_id":"600254","name":"Morningside station, platform 1","routes":["BRCL","SHCL"],"categories":["rail"],"route_count":2},"geometry":{"type":"Point","coordinates":[153.069393,-27.470874]}},{"type":"Feature","properties":{"stop_id":"600255","name":"Morningside station, platform 2","routes":["CLBR","CLSH"],"categories":["rail"],"route_count":2},"geometry":{"type":"Point","coordinates":[153.069551,-27.470954]}},{"type":"Feature","properties":{"stop_id":"600256","name":"Cannon Hill station, platform 1","routes":["BRCL","SHCL"],"categories":["rail"],"route_count":2},"geometry":{"type":"Point","coordinates":[153.088239,-27.46538]}},{"type":"Feature","properties":{"stop_id":"600257","name":"Cannon Hill station, platform 2","routes":["CLBR","CLSH"],"categories":["rail"],"route_count":2},"geometry":{"type":"Point","coordinates":[153.088341,-27.465364]}},{"type":"Feature","properties":{"stop_id":"600258","name":"Murarrie station, platform 2","routes":["CLBR","CLSH"],"categories":["rail"],"route_count":2},"geometry":{"type":"Point","coordinates":[153.105656,-27.464642]}},{"type":"Feature","properties":{"stop_id":"600259","name":"Murarrie station, platform 1","routes":["BRCL","SHCL"],"categories":["rail"],"route_count":2},"geometry":{"type":"Point","coordinates":[153.105562,-27.464662]}},{"type":"Feature","properties":{"stop_id":"600260","name":"Hemmant station, platform 1","routes":["CLBR","CLSH"],"categories":["rail"],"route_count":2},"geometry":{"type":"Point","coordinates":[153.127344,-27.447316]}},{"type":"Feature","properties":{"stop_id":"600261","name":"Hemmant station, platform 2","routes":["BRCL","SHCL"],"categories":["rail"],"route_count":2},"geometry":{"type":"Point","coordinates":[153.127372,-27.447389]}},{"type":"Feature","properties":{"stop_id":"600262","name":"Lindum station, platform 2","routes":["CLBR","CLSH"],"categories":["rail"],"route_count":2},"geometry":{"type":"Point","coordinates":[153.144962,-27.441902]}},{"type":"Feature","properties":{"stop_id":"600263","name":"Lindum station, platform 1","routes":["BRCL","SHCL"],"categories":["rail"],"route_count":2},"geometry":{"type":"Point","coordinates":[153.144876,-27.441942]}},{"type":"Feature","properties":{"stop_id":"600264","name":"Wynnum North station, platform 2","routes":["CLBR","CLSH"],"categories":["rail"],"route_count":2},"geometry":{"type":"Point","coordinates":[153.158698,-27.437232]}},{"type":"Feature","properties":{"stop_id":"600265","name":"Wynnum North station, platform 1","routes":["BRCL","SHCL"],"categories":["rail"],"route_count":2},"geometry":{"type":"Point","coordinates":[153.158588,-27.437207]}},{"type":"Feature","properties":{"stop_id":"600266","name":"Wynnum station, platform 1","routes":["BRCL","SHCL"],"categories":["rail"],"route_count":2},"geometry":{"type":"Point","coordinates":[153.166196,-27.43969]}},{"type":"Feature","properties":{"stop_id":"600267","name":"Wynnum station, platform 2","routes":["CLBR","CLSH"],"categories":["rail"],"route_count":2},"geometry":{"type":"Point","coordinates":[153.166087,-27.439728]}},{"type":"Feature","properties":{"stop_id":"600270","name":"Lota station, platform 2","routes":["BRCL","CLBR","CLSH","SHCL"],"categories":["rail"],"route_count":4},"geometry":{"type":"Point","coordinates":[153.188414,-27.470004]}},{"type":"Feature","properties":{"stop_id":"600271","name":"Thorneside station, platform 1","routes":["CLBR","CLSH"],"categories":["rail"],"route_count":2},"geometry":{"type":"Point","coordinates":[153.192703,-27.486124]}},{"type":"Feature","properties":{"stop_id":"600272","name":"Thorneside station, platform 2","routes":["BRCL","SHCL"],"categories":["rail"],"route_count":2},"geometry":{"type":"Point","coordinates":[153.192607,-27.486191]}},{"type":"Feature","properties":{"stop_id":"600273","name":"Birkdale station, platform 1","routes":["BRCL","CLBR","CLSH","SHCL"],"categories":["rail"],"route_count":4},"geometry":{"type":"Point","coordinates":[153.218722,-27.494073]}},{"type":"Feature","properties":{"stop_id":"600274","name":"Wellington Point station, platform 2","routes":["CLBR","CLSH"],"categories":["rail"],"route_count":2},"geometry":{"type":"Point","coordinates":[153.241936,-27.494486]}},{"type":"Feature","properties":{"stop_id":"600275","name":"Wellington Point station, platform 1","routes":["BRCL","SHCL"],"categories":["rail"],"route_count":2},"geometry":{"type":"Point","coordinates":[153.242013,-27.494311]}},{"type":"Feature","properties":{"stop_id":"600276","name":"Ormiston station, platform 1","routes":["BRCL","CLBR","CLSH","SHCL"],"categories":["rail"],"route_count":4},"geometry":{"type":"Point","coordinates":[153.255831,-27.514525]}},{"type":"Feature","properties":{"stop_id":"600277","name":"Cleveland station, platform 1","routes":["BRCL","CLBR","CLSH","SHCL"],"categories":["rail"],"route_count":4},"geometry":{"type":"Point","coordinates":[153.265926,-27.524199]}},{"type":"Feature","properties":{"stop_id":"600278","name":"Cleveland station, platform 2","routes":["BRCL","CLBR","CLSH","SHCL"],"categories":["rail"],"route_count":4},"geometry":{"type":"Point","coordinates":[153.265929,-27.524287]}},{"type":"Feature","properties":{"stop_id":"600279","name":"Milton station, platform 1","routes":["BRIP","BRSP","CAIP","CASP","NAIP","RPSP"],"categories":["rail"],"route_count":6},"geometry":{"type":"Point","coordinates":[153.005197,-27.468965]}},{"type":"Feature","properties":{"stop_id":"600280","name":"Milton station, platform 2","routes":["IPBR","IPCA","IPNA","SPCA","SPNA","SPRP"],"categories":["rail"],"route_count":6},"geometry":{"type":"Point","coordinates":[153.005299,-27.46893]}},{"type":"Feature","properties":{"stop_id":"600283","name":"Auchenflower station, platform 1","routes":["BRIP","BRSP","CAIP","CASP","NAIP","RPSP"],"categories":["rail"],"route_count":6},"geometry":{"type":"Point","coordinates":[152.996936,-27.476098]}},{"type":"Feature","properties":{"stop_id":"600284","name":"Auchenflower station, platform 2","routes":["IPBR","IPCA","IPNA","SPCA","SPNA","SPRP"],"categories":["rail"],"route_count":6},"geometry":{"type":"Point","coordinates":[152.996928,-27.476127]}},{"type":"Feature","properties":{"stop_id":"600287","name":"Toowong station, platform 1","routes":["BRIP","BRSP","CAIP","CASP","NAIP","RPSP"],"categories":["rail"],"route_count":6},"geometry":{"type":"Point","coordinates":[152.993169,-27.485334]}},{"type":"Feature","properties":{"stop_id":"600288","name":"Toowong station, platform 2","routes":["IPBR","IPCA","IPNA","SPCA","SPNA","SPRP"],"categories":["rail"],"route_count":6},"geometry":{"type":"Point","coordinates":[152.993086,-27.485269]}},{"type":"Feature","properties":{"stop_id":"600291","name":"Taringa station, platform 1","routes":["BRIP","BRSP","CAIP","CASP","NAIP","RPSP"],"categories":["rail"],"route_count":6},"geometry":{"type":"Point","coordinates":[152.981426,-27.493243]}},{"type":"Feature","properties":{"stop_id":"600292","name":"Taringa station, platform 2","routes":["IPBR","IPCA","IPNA","SPCA","SPNA","SPRP"],"categories":["rail"],"route_count":6},"geometry":{"type":"Point","coordinates":[152.981428,-27.493172]}},{"type":"Feature","properties":{"stop_id":"600295","name":"Indooroopilly station, platform 1","routes":["BRIP","BRSP","CAIP","CASP","NAIP","RPSP"],"categories":["rail"],"route_count":6},"geometry":{"type":"Point","coordinates":[152.975837,-27.503071]}},{"type":"Feature","properties":{"stop_id":"600296","name":"Indooroopilly station, platform 2","routes":["IPBR","IPCA","IPNA","SPCA","SPNA","SPRP"],"categories":["rail"],"route_count":6},"geometry":{"type":"Point","coordinates":[152.975773,-27.503012]}},{"type":"Feature","properties":{"stop_id":"600299","name":"Chelmer station, platform 1","routes":["BRIP","BRSP","CAIP","CASP","NAIP","RPSP"],"categories":["rail"],"route_count":6},"geometry":{"type":"Point","coordinates":[152.972908,-27.512172]}},{"type":"Feature","properties":{"stop_id":"600300","name":"Chelmer station, platform 2","routes":["IPBR","IPCA","IPNA","SPCA","SPNA","SPRP"],"categories":["rail"],"route_count":6},"geometry":{"type":"Point","coordinates":[152.972761,-27.51216]}},{"type":"Feature","properties":{"stop_id":"600303","name":"Graceville station, platform 1","routes":["BRIP","BRSP","CAIP","CASP","NAIP","RPSP"],"categories":["rail"],"route_count":6},"geometry":{"type":"Point","coordinates":[152.976024,-27.520674]}},{"type":"Feature","properties":{"stop_id":"600304","name":"Graceville station, platform 2","routes":["IPBR","IPCA","IPNA","SPCA","SPNA","SPRP"],"categories":["rail"],"route_count":6},"geometry":{"type":"Point","coordinates":[152.975915,-27.520676]}},{"type":"Feature","properties":{"stop_id":"600309","name":"Sherwood station, platform 1","routes":["BRIP","BRSP","CAIP","CASP","NAIP","RPSP"],"categories":["rail"],"route_count":6},"geometry":{"type":"Point","coordinates":[152.979649,-27.53123]}},{"type":"Feature","properties":{"stop_id":"600310","name":"Sherwood station, platform 2","routes":["IPBR","IPCA","IPNA","SPCA","SPNA","SPRP"],"categories":["rail"],"route_count":6},"geometry":{"type":"Point","coordinates":[152.979492,-27.531152]}},{"type":"Feature","properties":{"stop_id":"600314","name":"Corinda station, platform 2","routes":["BRIP","BRSP","CAIP","CASP","NAIP","RPSP"],"categories":["rail"],"route_count":6},"geometry":{"type":"Point","coordinates":[152.980089,-27.539174]}},{"type":"Feature","properties":{"stop_id":"600316","name":"Corinda station, platform 4","routes":["SPCA","SPNA","SPRP"],"categories":["rail"],"route_count":3},"geometry":{"type":"Point","coordinates":[152.979978,-27.539145]}},{"type":"Feature","properties":{"stop_id":"600317","name":"Corinda station, platform 5","routes":["IPBR","IPCA","IPNA"],"categories":["rail"],"route_count":3},"geometry":{"type":"Point","coordinates":[152.979986,-27.539059]}},{"type":"Feature","properties":{"stop_id":"600318","name":"Oxley station, platform 1","routes":["BRIP","BRSP","CAIP","CASP","NAIP","RPSP"],"categories":["rail"],"route_count":6},"geometry":{"type":"Point","coordinates":[152.973948,-27.552183]}},{"type":"Feature","properties":{"stop_id":"600319","name":"Oxley station, platform 2","routes":["SPCA","SPNA","SPRP"],"categories":["rail"],"route_count":3},"geometry":{"type":"Point","coordinates":[152.973732,-27.552199]}},{"type":"Feature","properties":{"stop_id":"600320","name":"Oxley station, platform 3","routes":["IPBR","IPCA","IPNA"],"categories":["rail"],"route_count":3},"geometry":{"type":"Point","coordinates":[152.973665,-27.552284]}},{"type":"Feature","properties":{"stop_id":"600321","name":"Darra station, platform 1","routes":["BRIP","BRSP","CAIP","CASP","NAIP","RPSP"],"categories":["rail"],"route_count":6},"geometry":{"type":"Point","coordinates":[152.952488,-27.565959]}},{"type":"Feature","properties":{"stop_id":"600322","name":"Darra station, platform 2","routes":["SPCA","SPNA","SPRP"],"categories":["rail"],"route_count":3},"geometry":{"type":"Point","coordinates":[152.952571,-27.565946]}},{"type":"Feature","properties":{"stop_id":"600324","name":"Darra station, platform 4","routes":["IPBR","IPCA","IPNA"],"categories":["rail"],"route_count":3},"geometry":{"type":"Point","coordinates":[152.952517,-27.565749]}},{"type":"Feature","properties":{"stop_id":"600325","name":"Richlands station, platform 1","routes":["BRSP","CASP","RPSP"],"categories":["rail"],"route_count":3},"geometry":{"type":"Point","coordinates":[152.946944,-27.596197]}},{"type":"Feature","properties":{"stop_id":"600326","name":"Richlands station, platform 2","routes":["SPCA","SPNA","SPRP"],"categories":["rail"],"route_count":3},"geometry":{"type":"Point","coordinates":[152.946756,-27.596148]}},{"type":"Feature","properties":{"stop_id":"600327","name":"Wacol station, platform 1","routes":["BRIP","CAIP","NAIP"],"categories":["rail"],"route_count":3},"geometry":{"type":"Point","coordinates":[152.924231,-27.589327]}},{"type":"Feature","properties":{"stop_id":"600328","name":"Wacol station, platform 2","routes":["IPBR","IPCA","IPNA"],"categories":["rail"],"route_count":3},"geometry":{"type":"Point","coordinates":[152.924332,-27.589163]}},{"type":"Feature","properties":{"stop_id":"600329","name":"Gailes station, platform 1","routes":["BRIP","CAIP","NAIP"],"categories":["rail"],"route_count":3},"geometry":{"type":"Point","coordinates":[152.919087,-27.602207]}},{"type":"Feature","properties":{"stop_id":"600330","name":"Gailes station, platform 2","routes":["IPBR","IPCA","IPNA"],"categories":["rail"],"route_count":3},"geometry":{"type":"Point","coordinates":[152.919042,-27.602297]}},{"type":"Feature","properties":{"stop_id":"600331","name":"Goodna station, platform 1","routes":["IPBR","IPCA","IPNA"],"categories":["rail"],"route_count":3},"geometry":{"type":"Point","coordinates":[152.901277,-27.608813]}},{"type":"Feature","properties":{"stop_id":"600332","name":"Goodna station, platform 2","routes":["BRIP","CAIP","NAIP"],"categories":["rail"],"route_count":3},"geometry":{"type":"Point","coordinates":[152.90131,-27.608707]}},{"type":"Feature","properties":{"stop_id":"600333","name":"Redbank station, platform 1","routes":["BRIP","CAIP","NAIP"],"categories":["rail"],"route_count":3},"geometry":{"type":"Point","coordinates":[152.872686,-27.599428]}},{"type":"Feature","properties":{"stop_id":"600334","name":"Redbank station, platform 2","routes":["IPBR","IPCA","IPNA"],"categories":["rail"],"route_count":3},"geometry":{"type":"Point","coordinates":[152.872518,-27.59946]}},{"type":"Feature","properties":{"stop_id":"600335","name":"Riverview station, platform 1","routes":["IPBR","IPCA","IPNA"],"categories":["rail"],"route_count":3},"geometry":{"type":"Point","coordinates":[152.850543,-27.594974]}},{"type":"Feature","properties":{"stop_id":"600336","name":"Riverview station, platform 2","routes":["BRIP","CAIP","NAIP"],"categories":["rail"],"route_count":3},"geometry":{"type":"Point","coordinates":[152.850487,-27.594959]}},{"type":"Feature","properties":{"stop_id":"600337","name":"Dinmore station, platform 1","routes":["BRIP","CAIP","NAIP"],"categories":["rail"],"route_count":3},"geometry":{"type":"Point","coordinates":[152.833564,-27.596336]}},{"type":"Feature","properties":{"stop_id":"600338","name":"Dinmore station, platform 2","routes":["IPBR","IPCA","IPNA"],"categories":["rail"],"route_count":3},"geometry":{"type":"Point","coordinates":[152.833429,-27.59637]}},{"type":"Feature","properties":{"stop_id":"600339","name":"Ebbw Vale station, platform 1","routes":["BRIP","CAIP","NAIP"],"categories":["rail"],"route_count":3},"geometry":{"type":"Point","coordinates":[152.822071,-27.603385]}},{"type":"Feature","properties":{"stop_id":"600340","name":"Ebbw Vale station, platform 2","routes":["IPBR","IPCA","IPNA"],"categories":["rail"],"route_count":3},"geometry":{"type":"Point","coordinates":[152.822014,-27.603418]}},{"type":"Feature","properties":{"stop_id":"600341","name":"Bundamba station, platform 1","routes":["BRIP","CAIP","NAIP"],"categories":["rail"],"route_count":3},"geometry":{"type":"Point","coordinates":[152.804772,-27.607479]}},{"type":"Feature","properties":{"stop_id":"600342","name":"Bundamba station, platform 2","routes":["IPBR","IPCA","IPNA"],"categories":["rail"],"route_count":3},"geometry":{"type":"Point","coordinates":[152.804634,-27.607476]}},{"type":"Feature","properties":{"stop_id":"600343","name":"Booval station, platform 1","routes":["BRIP","CAIP","NAIP"],"categories":["rail"],"route_count":3},"geometry":{"type":"Point","coordinates":[152.789665,-27.609331]}},{"type":"Feature","properties":{"stop_id":"600344","name":"Booval station, platform 2","routes":["IPBR","IPCA","IPNA"],"categories":["rail"],"route_count":3},"geometry":{"type":"Point","coordinates":[152.789479,-27.609347]}},{"type":"Feature","properties":{"stop_id":"600345","name":"East Ipswich station, platform 1","routes":["BRIP","CAIP","NAIP"],"categories":["rail"],"route_count":3},"geometry":{"type":"Point","coordinates":[152.774933,-27.610005]}},{"type":"Feature","properties":{"stop_id":"600346","name":"East Ipswich station, platform 2","routes":["IPBR","IPCA","IPNA"],"categories":["rail"],"route_count":3},"geometry":{"type":"Point","coordinates":[152.774727,-27.609988]}},{"type":"Feature","properties":{"stop_id":"600347","name":"Ipswich station, platform 1","routes":["BRIP","CAIP","IPBR","IPCA","IPNA","NAIP"],"categories":["rail"],"route_count":6},"geometry":{"type":"Point","coordinates":[152.760794,-27.613039]}},{"type":"Feature","properties":{"stop_id":"600348","name":"Ipswich station, platform 2","routes":["CAIP","IPCA","IPNA","IPRW","NAIP","RWIP"],"categories":["rail"],"route_count":6},"geometry":{"type":"Point","coordinates":[152.760917,-27.61292]}},{"type":"Feature","properties":{"stop_id":"600349","name":"Ipswich station, platform 3","routes":["IPRW","RWIP"],"categories":["rail"],"route_count":2},"geometry":{"type":"Point","coordinates":[152.760686,-27.612901]}},{"type":"Feature","properties":{"stop_id":"600351","name":"Thomas Street station, platform 1","routes":["RWIP"],"categories":["rail"],"route_count":1},"geometry":{"type":"Point","coordinates":[152.745462,-27.614828]}},{"type":"Feature","properties":{"stop_id":"600352","name":"Thomas Street station, platform 2","routes":["IPRW"],"categories":["rail"],"route_count":1},"geometry":{"type":"Point","coordinates":[152.74538,-27.614825]}},{"type":"Feature","properties":{"stop_id":"600353","name":"Wulkuraka station, platform 1","routes":["RWIP"],"categories":["rail"],"route_count":1},"geometry":{"type":"Point","coordinates":[152.732869,-27.613639]}},{"type":"Feature","properties":{"stop_id":"600354","name":"Wulkuraka station, platform 2","routes":["IPRW"],"categories":["rail"],"route_count":1},"geometry":{"type":"Point","coordinates":[152.732714,-27.613605]}},{"type":"Feature","properties":{"stop_id":"600355","name":"Karrabin station, platform 1","routes":["RWIP"],"categories":["rail"],"route_count":1},"geometry":{"type":"Point","coordinates":[152.708954,-27.604299]}},{"type":"Feature","properties":{"stop_id":"600356","name":"Karrabin station, platform 2","routes":["IPRW"],"categories":["rail"],"route_count":1},"geometry":{"type":"Point","coordinates":[152.709138,-27.604385]}},{"type":"Feature","properties":{"stop_id":"600358","name":"Walloon station, platform 1","routes":["RWIP"],"categories":["rail"],"route_count":1},"geometry":{"type":"Point","coordinates":[152.667785,-27.607317]}},{"type":"Feature","properties":{"stop_id":"600359","name":"Walloon station, platform 2","routes":["IPRW"],"categories":["rail"],"route_count":1},"geometry":{"type":"Point","coordinates":[152.667876,-27.607305]}},{"type":"Feature","properties":{"stop_id":"600360","name":"Thagoona station, platform 1","routes":["RWIP"],"categories":["rail"],"route_count":1},"geometry":{"type":"Point","coordinates":[152.629976,-27.626825]}},{"type":"Feature","properties":{"stop_id":"600361","name":"Thagoona station, platform 2","routes":["IPRW"],"categories":["rail"],"route_count":1},"geometry":{"type":"Point","coordinates":[152.629895,-27.626865]}},{"type":"Feature","properties":{"stop_id":"600362","name":"Rosewood station, platform 1","routes":["IPRW","RWIP"],"categories":["rail"],"route_count":2},"geometry":{"type":"Point","coordinates":[152.592522,-27.643222]}},{"type":"Feature","properties":{"stop_id":"600365","name":"Albion station, platform 1","routes":["BDBR","DBBR","SHBR","SHCL"],"categories":["rail"],"route_count":4},"geometry":{"type":"Point","coordinates":[153.040389,-27.429359]}},{"type":"Feature","properties":{"stop_id":"600366","name":"Albion station, platform 2","routes":["BRBD","BRDB","BRSH","CLSH"],"categories":["rail"],"route_count":4},"geometry":{"type":"Point","coordinates":[153.040437,-27.42931]}},{"type":"Feature","properties":{"stop_id":"600367","name":"Albion station, platform 3","routes":["BDBR","DBBR","SHBR","SHCL"],"categories":["rail"],"route_count":4},"geometry":{"type":"Point","coordinates":[153.040336,-27.429272]}},{"type":"Feature","properties":{"stop_id":"600368","name":"Albion station, platform 4","routes":["BRBD","BRCA","BRDB","BRSH","CLSH"],"categories":["rail"],"route_count":5},"geometry":{"type":"Point","coordinates":[153.040367,-27.42924]}},{"type":"Feature","properties":{"stop_id":"600369","name":"Windsor station, platform 1","routes":["FGBR"],"categories":["rail"],"route_count":1},"geometry":{"type":"Point","coordinates":[153.028996,-27.435285]}},{"type":"Feature","properties":{"stop_id":"600370","name":"Windsor station, platform 2","routes":["BRFG"],"categories":["rail"],"route_count":1},"geometry":{"type":"Point","coordinates":[153.029017,-27.435384]}},{"type":"Feature","properties":{"stop_id":"600371","name":"Wilston station, platform 1","routes":["FGBR"],"categories":["rail"],"route_count":1},"geometry":{"type":"Point","coordinates":[153.019219,-27.436168]}},{"type":"Feature","properties":{"stop_id":"600372","name":"Wilston station, platform 2","routes":["BRFG"],"categories":["rail"],"route_count":1},"geometry":{"type":"Point","coordinates":[153.019151,-27.43629]}},{"type":"Feature","properties":{"stop_id":"600373","name":"Newmarket station, platform 1","routes":["FGBR"],"categories":["rail"],"route_count":1},"geometry":{"type":"Point","coordinates":[153.010747,-27.432848]}},{"type":"Feature","properties":{"stop_id":"600374","name":"Newmarket station, platform 2","routes":["BRFG"],"categories":["rail"],"route_count":1},"geometry":{"type":"Point","coordinates":[153.01054,-27.432949]}},{"type":"Feature","properties":{"stop_id":"600375","name":"Alderley station, platform 2","routes":["BRFG"],"categories":["rail"],"route_count":1},"geometry":{"type":"Point","coordinates":[153.000804,-27.423306]}},{"type":"Feature","properties":{"stop_id":"600376","name":"Alderley station, platform 1","routes":["FGBR"],"categories":["rail"],"route_count":1},"geometry":{"type":"Point","coordinates":[153.000892,-27.42327]}},{"type":"Feature","properties":{"stop_id":"600377","name":"Enoggera station, platform 1","routes":["FGBR"],"categories":["rail"],"route_count":1},"geometry":{"type":"Point","coordinates":[152.992473,-27.420321]}},{"type":"Feature","properties":{"stop_id":"600378","name":"Enoggera station, platform 2","routes":["BRFG"],"categories":["rail"],"route_count":1},"geometry":{"type":"Point","coordinates":[152.992414,-27.420412]}},{"type":"Feature","properties":{"stop_id":"600379","name":"Gaythorne station, platform 1","routes":["FGBR"],"categories":["rail"],"route_count":1},"geometry":{"type":"Point","coordinates":[152.984744,-27.419038]}},{"type":"Feature","properties":{"stop_id":"600380","name":"Gaythorne station, platform 2","routes":["BRFG"],"categories":["rail"],"route_count":1},"geometry":{"type":"Point","coordinates":[152.984819,-27.41908]}},{"type":"Feature","properties":{"stop_id":"600381","name":"Mitchelton station, platform 1","routes":["BRFG","FGBR"],"categories":["rail"],"route_count":2},"geometry":{"type":"Point","coordinates":[152.976099,-27.411575]}},{"type":"Feature","properties":{"stop_id":"600382","name":"Mitchelton station, platform 2","routes":["BRFG"],"categories":["rail"],"route_count":1},"geometry":{"type":"Point","coordinates":[152.976006,-27.411677]}},{"type":"Feature","properties":{"stop_id":"600383","name":"Oxford Park station, platform 1","routes":["BRFG","FGBR"],"categories":["rail"],"route_count":2},"geometry":{"type":"Point","coordinates":[152.969026,-27.404375]}},{"type":"Feature","properties":{"stop_id":"600384","name":"Oxford Park station, platform 2","routes":["BRFG","FGBR"],"categories":["rail"],"route_count":2},"geometry":{"type":"Point","coordinates":[152.968977,-27.404514]}},{"type":"Feature","properties":{"stop_id":"600385","name":"Grovely station, platform 1","routes":["BRFG","FGBR"],"categories":["rail"],"route_count":2},"geometry":{"type":"Point","coordinates":[152.962519,-27.404595]}},{"type":"Feature","properties":{"stop_id":"600386","name":"Grovely station, platform 2","routes":["BRFG","FGBR"],"categories":["rail"],"route_count":2},"geometry":{"type":"Point","coordinates":[152.962543,-27.404559]}},{"type":"Feature","properties":{"stop_id":"600387","name":"Keperra station, platform 1","routes":["BRFG","FGBR"],"categories":["rail"],"route_count":2},"geometry":{"type":"Point","coordinates":[152.95676,-27.409128]}},{"type":"Feature","properties":{"stop_id":"600388","name":"Keperra station, platform 2","routes":["BRFG","FGBR"],"categories":["rail"],"route_count":2},"geometry":{"type":"Point","coordinates":[152.956892,-27.409291]}},{"type":"Feature","properties":{"stop_id":"600389","name":"Ferny Grove station, platform 1","routes":["BRFG","FGBR"],"categories":["rail"],"route_count":2},"geometry":{"type":"Point","coordinates":[152.935687,-27.401674]}},{"type":"Feature","properties":{"stop_id":"600390","name":"Ferny Grove station, platform 2","routes":["BRFG","FGBR"],"categories":["rail"],"route_count":2},"geometry":{"type":"Point","coordinates":[152.935607,-27.401753]}},{"type":"Feature","properties":{"stop_id":"600391","name":"Wooloowin station, platform 1","routes":["BDBR","DBBR","SHBR","SHCL"],"categories":["rail"],"route_count":4},"geometry":{"type":"Point","coordinates":[153.043636,-27.419606]}},{"type":"Feature","properties":{"stop_id":"600392","name":"Wooloowin station, platform 2","routes":["BRBD","BRDB","BRSH","CLSH"],"categories":["rail"],"route_count":4},"geometry":{"type":"Point","coordinates":[153.043603,-27.419687]}},{"type":"Feature","properties":{"stop_id":"600393","name":"Wooloowin station, platform 3","routes":["BDBR","DBBR","SHBR","SHCL"],"categories":["rail"],"route_count":4},"geometry":{"type":"Point","coordinates":[153.043525,-27.419654]}},{"type":"Feature","properties":{"stop_id":"600394","name":"Wooloowin station, platform 4","routes":["BRBD","BRCA","BRDB","BRSH","CLSH"],"categories":["rail"],"route_count":5},"geometry":{"type":"Point","coordinates":[153.043551,-27.419585]}},{"type":"Feature","properties":{"stop_id":"600395","name":"Eagle Junction station, platform 1","routes":["BDBR","DBBR","SHBR","SHCL"],"categories":["rail"],"route_count":4},"geometry":{"type":"Point","coordinates":[153.049684,-27.415535]}},{"type":"Feature","properties":{"stop_id":"600396","name":"Eagle Junction station, platform 2","routes":["BRBD","BRDB","BRSH","CLSH"],"categories":["rail"],"route_count":4},"geometry":{"type":"Point","coordinates":[153.049529,-27.41542]}},{"type":"Feature","properties":{"stop_id":"600397","name":"Toombul station, platform 1","routes":["SHBR","SHCL"],"categories":["rail"],"route_count":2},"geometry":{"type":"Point","coordinates":[153.059143,-27.407816]}},{"type":"Feature","properties":{"stop_id":"600398","name":"Toombul station, platform 2","routes":["BRSH","CLSH"],"categories":["rail"],"route_count":2},"geometry":{"type":"Point","coordinates":[153.059037,-27.407951]}},{"type":"Feature","properties":{"stop_id":"600399","name":"Toombul station, platform 3","routes":["SHBR","SHCL"],"categories":["rail"],"route_count":2},"geometry":{"type":"Point","coordinates":[153.059011,-27.407724]}},{"type":"Feature","properties":{"stop_id":"600400","name":"Toombul station, platform 4","routes":["BRCA","BRSH","CLSH"],"categories":["rail"],"route_count":3},"geometry":{"type":"Point","coordinates":[153.058872,-27.407653]}},{"type":"Feature","properties":{"stop_id":"600401","name":"Eagle Junction station, platform 3","routes":["CAIP","CASP","NAIP","RPBR","RPSP","SHBR","SHCL"],"categories":["rail"],"route_count":7},"geometry":{"type":"Point","coordinates":[153.049899,-27.415427]}},{"type":"Feature","properties":{"stop_id":"600402","name":"Eagle Junction station, platform 4","routes":["BRCA","BRRP","BRSH","CLSH","IPCA","IPNA","SPCA","SPNA","SPRP"],"categories":["rail"],"route_count":9},"geometry":{"type":"Point","coordinates":[153.049678,-27.415319]}},{"type":"Feature","properties":{"stop_id":"600403","name":"Nundah station, platform 1","routes":["SHBR","SHCL"],"categories":["rail"],"route_count":2},"geometry":{"type":"Point","coordinates":[153.0622,-27.400946]}},{"type":"Feature","properties":{"stop_id":"600404","name":"Nundah station, platform 2","routes":["BRSH","CLSH"],"categories":["rail"],"route_count":2},"geometry":{"type":"Point","coordinates":[153.062081,-27.400897]}},{"type":"Feature","properties":{"stop_id":"600405","name":"Nundah station, platform 3","routes":["SHBR","SHCL"],"categories":["rail"],"route_count":2},"geometry":{"type":"Point","coordinates":[153.062096,-27.400812]}},{"type":"Feature","properties":{"stop_id":"600406","name":"Nundah station, platform 4","routes":["BRCA","BRSH","CLSH"],"categories":["rail"],"route_count":3},"geometry":{"type":"Point","coordinates":[153.061958,-27.400806]}},{"type":"Feature","properties":{"stop_id":"600407","name":"Northgate station, platform 1","routes":["SHSH"],"categories":["rail"],"route_count":1},"geometry":{"type":"Point","coordinates":[153.069324,-27.393135]}},{"type":"Feature","properties":{"stop_id":"600408","name":"Northgate station, platform 2","routes":["BRSH","CLSH","SHBR","SHCL"],"categories":["rail"],"route_count":4},"geometry":{"type":"Point","coordinates":[153.06926,-27.393085]}},{"type":"Feature","properties":{"stop_id":"600409","name":"Northgate station, platform 3","routes":["CAIP","CASP","GYBR","NAIP","RPBR","RPSP","SHBR","SHCL"],"categories":["rail"],"route_count":8},"geometry":{"type":"Point","coordinates":[153.069239,-27.39316]}},{"type":"Feature","properties":{"stop_id":"600410","name":"Northgate station, platform 4","routes":["BRCA","BRGY","BRRP","BRSH","CLSH","IPCA","IPNA","SPCA","SPNA","SPRP"],"categories":["rail"],"route_count":10},"geometry":{"type":"Point","coordinates":[153.069177,-27.393117]}},{"type":"Feature","properties":{"stop_id":"600411","name":"Bindha station, platform 1","routes":["SHSH"],"categories":["rail"],"route_count":1},"geometry":{"type":"Point","coordinates":[153.072665,-27.382943]}},{"type":"Feature","properties":{"stop_id":"600412","name":"Bindha station, platform 2","routes":["SHSH"],"categories":["rail"],"route_count":1},"geometry":{"type":"Point","coordinates":[153.072572,-27.382906]}},{"type":"Feature","properties":{"stop_id":"600413","name":"Banyo station, platform 1","routes":["SHSH"],"categories":["rail"],"route_count":1},"geometry":{"type":"Point","coordinates":[153.077503,-27.374379]}},{"type":"Feature","properties":{"stop_id":"600414","name":"Banyo station, platform 2","routes":["SHSH"],"categories":["rail"],"route_count":1},"geometry":{"type":"Point","coordinates":[153.077396,-27.374555]}},{"type":"Feature","properties":{"stop_id":"600415","name":"Nudgee station, platform 1","routes":["SHSH"],"categories":["rail"],"route_count":1},"geometry":{"type":"Point","coordinates":[153.083469,-27.366033]}},{"type":"Feature","properties":{"stop_id":"600416","name":"Nudgee station, platform 2","routes":["SHSH"],"categories":["rail"],"route_count":1},"geometry":{"type":"Point","coordinates":[153.083384,-27.366135]}},{"type":"Feature","properties":{"stop_id":"600417","name":"Boondall station, platform 1","routes":["SHSH"],"categories":["rail"],"route_count":1},"geometry":{"type":"Point","coordinates":[153.067589,-27.346311]}},{"type":"Feature","properties":{"stop_id":"600418","name":"Boondall station, platform 2","routes":["SHSH"],"categories":["rail"],"route_count":1},"geometry":{"type":"Point","coordinates":[153.067662,-27.34639]}},{"type":"Feature","properties":{"stop_id":"600419","name":"North Boondall station, platform 1","routes":["SHSH"],"categories":["rail"],"route_count":1},"geometry":{"type":"Point","coordinates":[153.060617,-27.338552]}},{"type":"Feature","properties":{"stop_id":"600420","name":"North Boondall station, platform 2","routes":["SHSH"],"categories":["rail"],"route_count":1},"geometry":{"type":"Point","coordinates":[153.060656,-27.338627]}},{"type":"Feature","properties":{"stop_id":"600421","name":"Deagon station, platform 1","routes":["SHSH"],"categories":["rail"],"route_count":1},"geometry":{"type":"Point","coordinates":[153.063212,-27.327813]}},{"type":"Feature","properties":{"stop_id":"600422","name":"Deagon station, platform 2","routes":["SHSH"],"categories":["rail"],"route_count":1},"geometry":{"type":"Point","coordinates":[153.063162,-27.327903]}},{"type":"Feature","properties":{"stop_id":"600423","name":"Sandgate station, platform 2","routes":["SHSH"],"categories":["rail"],"route_count":1},"geometry":{"type":"Point","coordinates":[153.069196,-27.322217]}},{"type":"Feature","properties":{"stop_id":"600424","name":"Sandgate station, platform 1","routes":["SHSH"],"categories":["rail"],"route_count":1},"geometry":{"type":"Point","coordinates":[153.069043,-27.322193]}},{"type":"Feature","properties":{"stop_id":"600425","name":"Shorncliffe station, platform 1","routes":["SHSH"],"categories":["rail"],"route_count":1},"geometry":{"type":"Point","coordinates":[153.081116,-27.327328]}},{"type":"Feature","properties":{"stop_id":"600426","name":"International Airport station, platform 1","routes":["BDBR"],"categories":["rail"],"route_count":1},"geometry":{"type":"Point","coordinates":[153.108633,-27.402853]}},{"type":"Feature","properties":{"stop_id":"600427","name":"International Airport station, platform 2","routes":["BRBD"],"categories":["rail"],"route_count":1},"geometry":{"type":"Point","coordinates":[153.108594,-27.402805]}},{"type":"Feature","properties":{"stop_id":"600429","name":"Domestic Airport station, platform 2","routes":["BDBR","BRBD"],"categories":["rail"],"route_count":2},"geometry":{"type":"Point","coordinates":[153.118843,-27.385167]}},{"type":"Feature","properties":{"stop_id":"600430","name":"Clayfield station, platform 1","routes":["BRDB","DBBR"],"categories":["rail"],"route_count":2},"geometry":{"type":"Point","coordinates":[153.057614,-27.418015]}},{"type":"Feature","properties":{"stop_id":"600432","name":"Hendra station, platform 1","routes":["BRDB","DBBR"],"categories":["rail"],"route_count":2},"geometry":{"type":"Point","coordinates":[153.062443,-27.421971]}},{"type":"Feature","properties":{"stop_id":"600433","name":"Ascot station, platform 1","routes":["BRDB","DBBR"],"categories":["rail"],"route_count":2},"geometry":{"type":"Point","coordinates":[153.06338,-27.429443]}},{"type":"Feature","properties":{"stop_id":"600435","name":"Doomben station, platform 1","routes":["BRDB","DBBR"],"categories":["rail"],"route_count":2},"geometry":{"type":"Point","coordinates":[153.074687,-27.431455]}},{"type":"Feature","properties":{"stop_id":"600437","name":"Virginia station, platform 1","routes":["RPBR","RPSP"],"categories":["rail"],"route_count":2},"geometry":{"type":"Point","coordinates":[153.062492,-27.382132]}},{"type":"Feature","properties":{"stop_id":"600438","name":"Virginia station, platform 2","routes":["SPRP"],"categories":["rail"],"route_count":1},"geometry":{"type":"Point","coordinates":[153.062367,-27.382158]}},{"type":"Feature","properties":{"stop_id":"600439","name":"Virginia station, platform 3","routes":["BRCA","BRRP","SPRP"],"categories":["rail"],"route_count":3},"geometry":{"type":"Point","coordinates":[153.062446,-27.382269]}},{"type":"Feature","properties":{"stop_id":"600440","name":"Sunshine station, platform 1","routes":["RPBR","RPSP"],"categories":["rail"],"route_count":2},"geometry":{"type":"Point","coordinates":[153.056359,-27.375693]}},{"type":"Feature","properties":{"stop_id":"600441","name":"Sunshine station, platform 2","routes":["SPRP"],"categories":["rail"],"route_count":1},"geometry":{"type":"Point","coordinates":[153.056238,-27.375593]}},{"type":"Feature","properties":{"stop_id":"600442","name":"Sunshine station, platform 3","routes":["BRCA","BRRP","SPRP"],"categories":["rail"],"route_count":3},"geometry":{"type":"Point","coordinates":[153.056183,-27.375748]}},{"type":"Feature","properties":{"stop_id":"600443","name":"Geebung station, platform 1","routes":["RPBR","RPSP"],"categories":["rail"],"route_count":2},"geometry":{"type":"Point","coordinates":[153.047358,-27.36874]}},{"type":"Feature","properties":{"stop_id":"600444","name":"Geebung station, platform 2","routes":["SPRP"],"categories":["rail"],"route_count":1},"geometry":{"type":"Point","coordinates":[153.047417,-27.368928]}},{"type":"Feature","properties":{"stop_id":"600445","name":"Geebung station, platform 3","routes":["BRCA","BRRP","SPRP"],"categories":["rail"],"route_count":3},"geometry":{"type":"Point","coordinates":[153.047105,-27.368733]}},{"type":"Feature","properties":{"stop_id":"600446","name":"Zillmere station, platform 1","routes":["RPBR","RPSP"],"categories":["rail"],"route_count":2},"geometry":{"type":"Point","coordinates":[153.036877,-27.358823]}},{"type":"Feature","properties":{"stop_id":"600447","name":"Zillmere station, platform 2","routes":["SPRP"],"categories":["rail"],"route_count":1},"geometry":{"type":"Point","coordinates":[153.036757,-27.358945]}},{"type":"Feature","properties":{"stop_id":"600448","name":"Zillmere station, platform 3","routes":["BRCA","BRRP","SPRP"],"categories":["rail"],"route_count":3},"geometry":{"type":"Point","coordinates":[153.036659,-27.358814]}},{"type":"Feature","properties":{"stop_id":"600449","name":"Carseldine station, platform 1","routes":["RPBR","RPSP"],"categories":["rail"],"route_count":2},"geometry":{"type":"Point","coordinates":[153.028963,-27.347236]}},{"type":"Feature","properties":{"stop_id":"600450","name":"Carseldine station, platform 2","routes":["SPRP"],"categories":["rail"],"route_count":1},"geometry":{"type":"Point","coordinates":[153.028831,-27.34731]}},{"type":"Feature","properties":{"stop_id":"600451","name":"Carseldine station, platform 3","routes":["BRCA","BRRP","SPRP"],"categories":["rail"],"route_count":3},"geometry":{"type":"Point","coordinates":[153.028885,-27.347488]}},{"type":"Feature","properties":{"stop_id":"600452","name":"Bald Hills station, platform 1","routes":["RPBR","RPSP"],"categories":["rail"],"route_count":2},"geometry":{"type":"Point","coordinates":[153.011313,-27.320861]}},{"type":"Feature","properties":{"stop_id":"600453","name":"Bald Hills station, platform 2","routes":["SPRP"],"categories":["rail"],"route_count":1},"geometry":{"type":"Point","coordinates":[153.011155,-27.320967]}},{"type":"Feature","properties":{"stop_id":"600454","name":"Bald Hills station, platform 3","routes":["BRCA","BRRP","SPRP"],"categories":["rail"],"route_count":3},"geometry":{"type":"Point","coordinates":[153.011349,-27.32112]}},{"type":"Feature","properties":{"stop_id":"600455","name":"Strathpine station, platform 1","routes":["RPBR","RPSP"],"categories":["rail"],"route_count":2},"geometry":{"type":"Point","coordinates":[152.989562,-27.311016]}},{"type":"Feature","properties":{"stop_id":"600456","name":"Strathpine station, platform 2","routes":["SPRP"],"categories":["rail"],"route_count":1},"geometry":{"type":"Point","coordinates":[152.989628,-27.311235]}},{"type":"Feature","properties":{"stop_id":"600457","name":"Strathpine station, platform 3","routes":["BRCA","BRRP","SPRP"],"categories":["rail"],"route_count":3},"geometry":{"type":"Point","coordinates":[152.989487,-27.311272]}},{"type":"Feature","properties":{"stop_id":"600458","name":"Bray Park station, platform 1","routes":["RPBR","RPSP"],"categories":["rail"],"route_count":2},"geometry":{"type":"Point","coordinates":[152.986252,-27.299803]}},{"type":"Feature","properties":{"stop_id":"600459","name":"Bray Park station, platform 2","routes":["SPRP"],"categories":["rail"],"route_count":1},"geometry":{"type":"Point","coordinates":[152.986217,-27.299699]}},{"type":"Feature","properties":{"stop_id":"600460","name":"Bray Park station, platform 3","routes":["BRCA","BRRP","SPRP"],"categories":["rail"],"route_count":3},"geometry":{"type":"Point","coordinates":[152.986076,-27.29972]}},{"type":"Feature","properties":{"stop_id":"600461","name":"Lawnton station, platform 1","routes":["RPBR","RPSP"],"categories":["rail"],"route_count":2},"geometry":{"type":"Point","coordinates":[152.980982,-27.281391]}},{"type":"Feature","properties":{"stop_id":"600462","name":"Lawnton station, platform 2","routes":["SPRP"],"categories":["rail"],"route_count":1},"geometry":{"type":"Point","coordinates":[152.981022,-27.281536]}},{"type":"Feature","properties":{"stop_id":"600463","name":"Lawnton station, platform 3","routes":["BRCA","BRRP","SPRP"],"categories":["rail"],"route_count":3},"geometry":{"type":"Point","coordinates":[152.980857,-27.281549]}},{"type":"Feature","properties":{"stop_id":"600465","name":"Petrie station, platform 2","routes":["BRCA","BRGY","IPCA","IPNA","SPCA","SPNA"],"categories":["rail"],"route_count":6},"geometry":{"type":"Point","coordinates":[152.982077,-27.26824]}},{"type":"Feature","properties":{"stop_id":"600466","name":"Petrie station, platform 3","routes":["BRRP","SPRP"],"categories":["rail"],"route_count":2},"geometry":{"type":"Point","coordinates":[152.981985,-27.268368]}},{"type":"Feature","properties":{"stop_id":"600467","name":"Dakabin station, platform 1","routes":["CAIP","CASP","NAIP"],"categories":["rail"],"route_count":3},"geometry":{"type":"Point","coordinates":[152.975745,-27.23045]}},{"type":"Feature","properties":{"stop_id":"600468","name":"Dakabin station, platform 2","routes":["BRCA","IPCA","IPNA","SPCA","SPNA"],"categories":["rail"],"route_count":5},"geometry":{"type":"Point","coordinates":[152.975718,-27.230367]}},{"type":"Feature","properties":{"stop_id":"600469","name":"Narangba station, platform 1","routes":["CAIP","CASP","NAIP"],"categories":["rail"],"route_count":3},"geometry":{"type":"Point","coordinates":[152.960471,-27.202515]}},{"type":"Feature","properties":{"stop_id":"600471","name":"Narangba station, platform 3","routes":["BRCA","IPCA","IPNA","SPCA","SPNA"],"categories":["rail"],"route_count":5},"geometry":{"type":"Point","coordinates":[152.959924,-27.202378]}},{"type":"Feature","properties":{"stop_id":"600472","name":"Burpengary station, platform 1","routes":["CAIP","CASP","NAIP"],"categories":["rail"],"route_count":3},"geometry":{"type":"Point","coordinates":[152.95724,-27.162058]}},{"type":"Feature","properties":{"stop_id":"600473","name":"Burpengary station, platform 2","routes":["BRCA","IPCA","IPNA","SPCA","SPNA"],"categories":["rail"],"route_count":5},"geometry":{"type":"Point","coordinates":[152.957243,-27.162009]}},{"type":"Feature","properties":{"stop_id":"600474","name":"Morayfield station, platform 1","routes":["CAIP","CASP","NAIP"],"categories":["rail"],"route_count":3},"geometry":{"type":"Point","coordinates":[152.952586,-27.110192]}},{"type":"Feature","properties":{"stop_id":"600475","name":"Morayfield station, platform 2","routes":["BRCA","IPCA","IPNA","SPCA","SPNA"],"categories":["rail"],"route_count":5},"geometry":{"type":"Point","coordinates":[152.9526,-27.110234]}},{"type":"Feature","properties":{"stop_id":"600476","name":"Caboolture station, platform 1","routes":["BRGY","CAIP","CASP","IPCA","IPNA","SPNA"],"categories":["rail"],"route_count":6},"geometry":{"type":"Point","coordinates":[152.953649,-27.0827]}},{"type":"Feature","properties":{"stop_id":"600477","name":"Caboolture station, platform 2","routes":["BRCA","CAIP","GYBR","IPCA","IPNA","NAIP","SPCA"],"categories":["rail"],"route_count":7},"geometry":{"type":"Point","coordinates":[152.953669,-27.082742]}},{"type":"Feature","properties":{"stop_id":"600478","name":"Caboolture station, platform 3","routes":["BRCA","CAIP","IPCA","SPCA"],"categories":["rail"],"route_count":4},"geometry":{"type":"Point","coordinates":[152.953866,-27.082678]}},{"type":"Feature","properties":{"stop_id":"600479","name":"Elimbah station, platform 1","routes":["GYBR","NAIP"],"categories":["rail"],"route_count":2},"geometry":{"type":"Point","coordinates":[152.945527,-27.011494]}},{"type":"Feature","properties":{"stop_id":"600480","name":"Elimbah station, platform 2","routes":["BRGY","IPNA","SPNA"],"categories":["rail"],"route_count":3},"geometry":{"type":"Point","coordinates":[152.945611,-27.011081]}},{"type":"Feature","properties":{"stop_id":"600481","name":"Beerburrum station, platform 2","routes":["BRGY","IPNA","SPNA"],"categories":["rail"],"route_count":3},"geometry":{"type":"Point","coordinates":[152.95904,-26.959732]}},{"type":"Feature","properties":{"stop_id":"600482","name":"Beerburrum station, platform 1","routes":["GYBR","NAIP"],"categories":["rail"],"route_count":2},"geometry":{"type":"Point","coordinates":[152.959007,-26.959931]}},{"type":"Feature","properties":{"stop_id":"600483","name":"Glass House Mountains station, platform 2","routes":["BRGY","IPNA","SPNA"],"categories":["rail"],"route_count":3},"geometry":{"type":"Point","coordinates":[152.956273,-26.899292]}},{"type":"Feature","properties":{"stop_id":"600484","name":"Glass House Mountains station, platform 1","routes":["BRGY","GYBR","NAIP"],"categories":["rail"],"route_count":3},"geometry":{"type":"Point","coordinates":[152.956345,-26.899412]}},{"type":"Feature","properties":{"stop_id":"600485","name":"Beerwah station, platform 1","routes":["BRGY","GYBR","NAIP"],"categories":["rail"],"route_count":3},"geometry":{"type":"Point","coordinates":[152.958355,-26.857091]}},{"type":"Feature","properties":{"stop_id":"600486","name":"Beerwah station, platform 2","routes":["BRGY","IPNA","SPNA"],"categories":["rail"],"route_count":3},"geometry":{"type":"Point","coordinates":[152.958355,-26.857053]}},{"type":"Feature","properties":{"stop_id":"600487","name":"Landsborough station, platform 1","routes":["BRGY","IPNA","SPNA"],"categories":["rail"],"route_count":3},"geometry":{"type":"Point","coordinates":[152.966377,-26.807956]}},{"type":"Feature","properties":{"stop_id":"600488","name":"Landsborough station, platform 2","routes":["GYBR","NAIP"],"categories":["rail"],"route_count":2},"geometry":{"type":"Point","coordinates":[152.966364,-26.808124]}},{"type":"Feature","properties":{"stop_id":"600489","name":"Mooloolah station, platform 1","routes":["BRGY","GYBR","IPNA","NAIP","SPNA"],"categories":["rail"],"route_count":5},"geometry":{"type":"Point","coordinates":[152.963262,-26.765954]}},{"type":"Feature","properties":{"stop_id":"600490","name":"Eudlo station, platform 1","routes":["BRGY","GYBR","IPNA","NAIP","SPNA"],"categories":["rail"],"route_count":5},"geometry":{"type":"Point","coordinates":[152.956754,-26.72585]}},{"type":"Feature","properties":{"stop_id":"600491","name":"Palmwoods station, platform 1","routes":["BRGY","GYBR","IPNA","NAIP","SPNA"],"categories":["rail"],"route_count":5},"geometry":{"type":"Point","coordinates":[152.960756,-26.688683]}},{"type":"Feature","properties":{"stop_id":"600492","name":"Woombye station, platform 1","routes":["BRGY","GYBR","IPNA","NAIP","SPNA"],"categories":["rail"],"route_count":5},"geometry":{"type":"Point","coordinates":[152.962797,-26.66075]}},{"type":"Feature","properties":{"stop_id":"600493","name":"Nambour station, platform 1","routes":["BRGY","GYBR"],"categories":["rail"],"route_count":2},"geometry":{"type":"Point","coordinates":[152.958068,-26.625358]}},{"type":"Feature","properties":{"stop_id":"600494","name":"Yandina station, platform 1","routes":["BRGY","GYBR"],"categories":["rail"],"route_count":2},"geometry":{"type":"Point","coordinates":[152.95808,-26.560603]}},{"type":"Feature","properties":{"stop_id":"600495","name":"Eumundi station, platform 1","routes":["BRGY","GYBR"],"categories":["rail"],"route_count":2},"geometry":{"type":"Point","coordinates":[152.955033,-26.480985]}},{"type":"Feature","properties":{"stop_id":"600496","name":"Cooroy station, platform 1","routes":["BRGY","GYBR"],"categories":["rail"],"route_count":2},"geometry":{"type":"Point","coordinates":[152.911151,-26.41807]}},{"type":"Feature","properties":{"stop_id":"600497","name":"Pomona station, platform 1","routes":["BRGY","GYBR"],"categories":["rail"],"route_count":2},"geometry":{"type":"Point","coordinates":[152.856666,-26.366115]}},{"type":"Feature","properties":{"stop_id":"600498","name":"Cooran station, platform 1","routes":["BRGY","GYBR"],"categories":["rail"],"route_count":2},"geometry":{"type":"Point","coordinates":[152.822809,-26.334098]}},{"type":"Feature","properties":{"stop_id":"600499","name":"Traveston station, platform 1","routes":["BRGY","GYBR"],"categories":["rail"],"route_count":2},"geometry":{"type":"Point","coordinates":[152.783804,-26.320895]}},{"type":"Feature","properties":{"stop_id":"600500","name":"Gympie North station, platform 1","routes":["BRGY","GYBR"],"categories":["rail"],"route_count":2},"geometry":{"type":"Point","coordinates":[152.682805,-26.159443]}},{"type":"Feature","properties":{"stop_id":"600627","name":"Petrie station, platform 4","routes":["CAIP","CASP","GYBR","NAIP"],"categories":["rail"],"route_count":4},"geometry":{"type":"Point","coordinates":[152.982284,-27.268526]}},{"type":"Feature","properties":{"stop_id":"600628","name":"Wynnum Central station, platform 1","routes":["BRCL","SHCL"],"categories":["rail"],"route_count":2},"geometry":{"type":"Point","coordinates":[153.170214,-27.445224]}},{"type":"Feature","properties":{"stop_id":"600629","name":"Wynnum Central station, platform 2","routes":["CLBR","CLSH"],"categories":["rail"],"route_count":2},"geometry":{"type":"Point","coordinates":[153.170132,-27.445269]}},{"type":"Feature","properties":{"stop_id":"600630","name":"Manly station, platform 1","routes":["CLBR","CLSH"],"categories":["rail"],"route_count":2},"geometry":{"type":"Point","coordinates":[153.180422,-27.457228]}},{"type":"Feature","properties":{"stop_id":"600631","name":"Manly station, platform 2","routes":["BRCL","SHCL"],"categories":["rail"],"route_count":2},"geometry":{"type":"Point","coordinates":[153.180314,-27.457253]}},{"type":"Feature","properties":{"stop_id":"600632","name":"Nambour station, platform 2","routes":["IPNA","NAIP","SPNA"],"categories":["rail"],"route_count":3},"geometry":{"type":"Point","coordinates":[152.958092,-26.625335]}},{"type":"Feature","properties":{"stop_id":"600633","name":"Kippa-Ring station, platform 1","routes":["BRRP","RPBR","RPSP","SPRP"],"categories":["rail"],"route_count":4},"geometry":{"type":"Point","coordinates":[153.081982,-27.225285]}},{"type":"Feature","properties":{"stop_id":"600634","name":"Kippa-Ring station, platform 2","routes":["BRRP","RPBR","RPSP","SPRP"],"categories":["rail"],"route_count":4},"geometry":{"type":"Point","coordinates":[153.081809,-27.225324]}},{"type":"Feature","properties":{"stop_id":"600635","name":"Rothwell station, platform 1","routes":["RPBR","RPSP"],"categories":["rail"],"route_count":2},"geometry":{"type":"Point","coordinates":[153.0481,-27.224071]}},{"type":"Feature","properties":{"stop_id":"600636","name":"Rothwell station, platform 2","routes":["BRRP","SPRP"],"categories":["rail"],"route_count":2},"geometry":{"type":"Point","coordinates":[153.047899,-27.224018]}},{"type":"Feature","properties":{"stop_id":"600637","name":"Mango Hill East station, platform 1","routes":["RPBR","RPSP"],"categories":["rail"],"route_count":2},"geometry":{"type":"Point","coordinates":[153.035794,-27.233566]}},{"type":"Feature","properties":{"stop_id":"600638","name":"Mango Hill East station, platform 2","routes":["BRRP","SPRP"],"categories":["rail"],"route_count":2},"geometry":{"type":"Point","coordinates":[153.035671,-27.233505]}},{"type":"Feature","properties":{"stop_id":"600639","name":"Mango Hill station, platform 1","routes":["RPBR","RPSP"],"categories":["rail"],"route_count":2},"geometry":{"type":"Point","coordinates":[153.028117,-27.246037]}},{"type":"Feature","properties":{"stop_id":"600640","name":"Mango Hill station, platform 2","routes":["BRRP","SPRP"],"categories":["rail"],"route_count":2},"geometry":{"type":"Point","coordinates":[153.027972,-27.24605]}},{"type":"Feature","properties":{"stop_id":"600641","name":"Murrumba Downs station, platform 1","routes":["RPBR","RPSP"],"categories":["rail"],"route_count":2},"geometry":{"type":"Point","coordinates":[153.011464,-27.252525]}},{"type":"Feature","properties":{"stop_id":"600642","name":"Murrumba Downs station, platform 2","routes":["BRRP","SPRP"],"categories":["rail"],"route_count":2},"geometry":{"type":"Point","coordinates":[153.011379,-27.252403]}},{"type":"Feature","properties":{"stop_id":"600643","name":"Kallangur station, platform 1","routes":["RPBR","RPSP"],"categories":["rail"],"route_count":2},"geometry":{"type":"Point","coordinates":[152.999709,-27.256734]}},{"type":"Feature","properties":{"stop_id":"600644","name":"Kallangur station, platform 2","routes":["BRRP","SPRP"],"categories":["rail"],"route_count":2},"geometry":{"type":"Point","coordinates":[152.999645,-27.256606]}},{"type":"Feature","properties":{"stop_id":"600645","name":"Petrie station, platform 5","routes":["RPBR","RPSP"],"categories":["rail"],"route_count":2},"geometry":{"type":"Point","coordinates":[152.982447,-27.268594]}},{"type":"Feature","properties":{"stop_id":"6085","name":"Creek Rd at Greenmeadows South, stop 61","routes":["590"],"categories":["intermediate_bus"],"route_count":1},"geometry":{"type":"Point","coordinates":[153.095653,-27.527284]}},{"type":"Feature","properties":{"stop_id":"61000","name":"Boronia Rd at Aviation School","routes":["590"],"categories":["intermediate_bus"],"route_count":1},"geometry":{"type":"Point","coordinates":[153.104492,-27.416378]}},{"type":"Feature","properties":{"stop_id":"61001","name":"Lakeside Dr","routes":["590"],"categories":["intermediate_bus"],"route_count":1},"geometry":{"type":"Point","coordinates":[153.089025,-27.414837]}},{"type":"Feature","properties":{"stop_id":"61002","name":"Boronia Rd at Aviation School","routes":["590"],"categories":["intermediate_bus"],"route_count":1},"geometry":{"type":"Point","coordinates":[153.104744,-27.416041]}},{"type":"Feature","properties":{"stop_id":"61003","name":"Boronia Rd at DHL","routes":["590"],"categories":["intermediate_bus"],"route_count":1},"geometry":{"type":"Point","coordinates":[153.101563,-27.418763]}},{"type":"Feature","properties":{"stop_id":"61004","name":"Boronia Rd at DHL","routes":["590"],"categories":["intermediate_bus"],"route_count":1},"geometry":{"type":"Point","coordinates":[153.100705,-27.419668]}},{"type":"Feature","properties":{"stop_id":"61012","name":"Lomandra Dr near Viola Pl","routes":["590"],"categories":["intermediate_bus"],"route_count":1},"geometry":{"type":"Point","coordinates":[153.094522,-27.419545]}},{"type":"Feature","properties":{"stop_id":"61013","name":"Lomandra Dr near Qantas Dr","routes":["590"],"categories":["intermediate_bus"],"route_count":1},"geometry":{"type":"Point","coordinates":[153.089793,-27.415038]}},{"type":"Feature","properties":{"stop_id":"61017","name":"Ninth Ave at Skygate, stop 1","routes":["590"],"categories":["intermediate_bus"],"route_count":1},"geometry":{"type":"Point","coordinates":[153.081187,-27.415034]}},{"type":"Feature","properties":{"stop_id":"61018","name":"Ninth Ave at Skygate, stop 2","routes":["590"],"categories":["intermediate_bus"],"route_count":1},"geometry":{"type":"Point","coordinates":[153.08156,-27.41554]}},{"type":"Feature","properties":{"stop_id":"611","name":"Brunswick St at Water Street, stop 6","routes":["338","348"],"categories":["intermediate_bus"],"route_count":2},"geometry":{"type":"Point","coordinates":[153.029519,-27.45379]}},{"type":"Feature","properties":{"stop_id":"612","name":"Brunswick St at Water Street, stop 6","routes":["338","348"],"categories":["intermediate_bus"],"route_count":2},"geometry":{"type":"Point","coordinates":[153.029883,-27.454553]}},{"type":"Feature","properties":{"stop_id":"623","name":"Brunswick St at St Pauls Terrace, stop 5","routes":["338","348"],"categories":["intermediate_bus"],"route_count":2},"geometry":{"type":"Point","coordinates":[153.031176,-27.455578]}},{"type":"Feature","properties":{"stop_id":"6234","name":"Winstanley St at Willard Street, stop 46","routes":["204"],"categories":["intermediate_bus"],"route_count":1},"geometry":{"type":"Point","coordinates":[153.093647,-27.504246]}},{"type":"Feature","properties":{"stop_id":"6235","name":"Winstanley St at Willard Street, stop 46","routes":["204"],"categories":["intermediate_bus"],"route_count":1},"geometry":{"type":"Point","coordinates":[153.093111,-27.504275]}},{"type":"Feature","properties":{"stop_id":"6236","name":"Winstanley St at Macalister Street, stop 47","routes":["204"],"categories":["intermediate_bus"],"route_count":1},"geometry":{"type":"Point","coordinates":[153.095264,-27.504484]}},{"type":"Feature","properties":{"stop_id":"6237","name":"Winstanley St at Laurie Street, stop 48/47","routes":["204"],"categories":["intermediate_bus"],"route_count":1},"geometry":{"type":"Point","coordinates":[153.096917,-27.504837]}},{"type":"Feature","properties":{"stop_id":"6238","name":"Winstanley St at Laurie Street, stop 47a/48","routes":["204"],"categories":["intermediate_bus"],"route_count":1},"geometry":{"type":"Point","coordinates":[153.0971,-27.504754]}},{"type":"Feature","properties":{"stop_id":"6239","name":"Gallipoli Rd at Salonica Street, stop 39","routes":["204"],"categories":["intermediate_bus"],"route_count":1},"geometry":{"type":"Point","coordinates":[153.093456,-27.500425]}},{"type":"Feature","properties":{"stop_id":"6240","name":"Gallipoli Rd at Salonica Street, stop 39","routes":["204"],"categories":["intermediate_bus"],"route_count":1},"geometry":{"type":"Point","coordinates":[153.093465,-27.501027]}},{"type":"Feature","properties":{"stop_id":"6241","name":"Gallipoli Rd at Carina Heights, stop 45/40","routes":["204"],"categories":["intermediate_bus"],"route_count":1},"geometry":{"type":"Point","coordinates":[153.093006,-27.502801]}},{"type":"Feature","properties":{"stop_id":"6242","name":"Gallipoli Rd at Carina Heights, stop 40/45","routes":["204"],"categories":["intermediate_bus"],"route_count":1},"geometry":{"type":"Point","coordinates":[153.093071,-27.503104]}},{"type":"Feature","properties":{"stop_id":"6275","name":"Winstanley St at Carindale Shops, stop 49","routes":["204"],"categories":["intermediate_bus"],"route_count":1},"geometry":{"type":"Point","coordinates":[153.100751,-27.505229]}},{"type":"Feature","properties":{"stop_id":"6276","name":"Winstanley St at Carindale Shops, stop 49","routes":["204"],"categories":["intermediate_bus"],"route_count":1},"geometry":{"type":"Point","coordinates":[153.100945,-27.50545]}},{"type":"Feature","properties":{"stop_id":"6277","name":"Donnington St at Donnington, stop 53","routes":["590"],"categories":["intermediate_bus"],"route_count":1},"geometry":{"type":"Point","coordinates":[153.103802,-27.510363]}},{"type":"Feature","properties":{"stop_id":"6278","name":"Donnington St at Donnington, stop 53","routes":["590"],"categories":["intermediate_bus"],"route_count":1},"geometry":{"type":"Point","coordinates":[153.103689,-27.510489]}},{"type":"Feature","properties":{"stop_id":"6291","name":"Carindale Shopping Centre Interchange","routes":["222"],"categories":["high_bus"],"route_count":1},"geometry":{"type":"Point","coordinates":[153.102566,-27.503401]}},{"type":"Feature","properties":{"stop_id":"6292","name":"Carindale Shopping Centre station, platform A","routes":["200"],"categories":["high_bus"],"route_count":1},"geometry":{"type":"Point","coordinates":[153.102692,-27.50285]}},{"type":"Feature","properties":{"stop_id":"6294","name":"Carindale Shopping Centre station, platform B","routes":["204"],"categories":["intermediate_bus"],"route_count":1},"geometry":{"type":"Point","coordinates":[153.102632,-27.503115]}},{"type":"Feature","properties":{"stop_id":"6297","name":"Carindale Shopping Centre station, platform E","routes":["590"],"categories":["intermediate_bus"],"route_count":1},"geometry":{"type":"Point","coordinates":[153.102453,-27.503911]}},{"type":"Feature","properties":{"stop_id":"6298","name":"Carindale Shopping Centre station, platform F","routes":["222"],"categories":["high_bus"],"route_count":1},"geometry":{"type":"Point","coordinates":[153.103265,-27.50287]}},{"type":"Feature","properties":{"stop_id":"6299","name":"Carindale Shopping Centre station, platform G","routes":["200"],"categories":["high_bus"],"route_count":1},"geometry":{"type":"Point","coordinates":[153.10322,-27.503138]}},{"type":"Feature","properties":{"stop_id":"63","name":"Eagle St near Eagle Lane (Stop 63)","routes":["125","175","185","204"],"categories":["intermediate_bus"],"route_count":4},"geometry":{"type":"Point","coordinates":[153.030077,-27.466599]}},{"type":"Feature","properties":{"stop_id":"6300","name":"Carindale Shopping Centre station, platform H","routes":["204"],"categories":["intermediate_bus"],"route_count":1},"geometry":{"type":"Point","coordinates":[153.103175,-27.503406]}},{"type":"Feature","properties":{"stop_id":"6302","name":"Carindale Shopping Centre station, platform I","routes":["590"],"categories":["intermediate_bus"],"route_count":1},"geometry":{"type":"Point","coordinates":[153.103131,-27.503672]}},{"type":"Feature","properties":{"stop_id":"6308","name":"Creek Rd at Salvin Park, stop 69","routes":["590"],"categories":["intermediate_bus"],"route_count":1},"geometry":{"type":"Point","coordinates":[153.097957,-27.514851]}},{"type":"Feature","properties":{"stop_id":"6309","name":"Creek Rd at Salvin Park, stop 69","routes":["590"],"categories":["intermediate_bus"],"route_count":1},"geometry":{"type":"Point","coordinates":[153.097666,-27.514575]}},{"type":"Feature","properties":{"stop_id":"6310","name":"Creek Rd at Pacific Golf, stop 68","routes":["590"],"categories":["intermediate_bus"],"route_count":1},"geometry":{"type":"Point","coordinates":[153.097339,-27.5181]}},{"type":"Feature","properties":{"stop_id":"6311","name":"Creek Rd at Pacific Golf, stop 68","routes":["590"],"categories":["intermediate_bus"],"route_count":1},"geometry":{"type":"Point","coordinates":[153.096973,-27.518221]}},{"type":"Feature","properties":{"stop_id":"6313","name":"Creek Rd at Greenmeadow","routes":["590"],"categories":["intermediate_bus"],"route_count":1},"geometry":{"type":"Point","coordinates":[153.096429,-27.521371]}},{"type":"Feature","properties":{"stop_id":"6325","name":"Gallipoli Rd at Hecklemann Street, stop 38","routes":["204"],"categories":["intermediate_bus"],"route_count":1},"geometry":{"type":"Point","coordinates":[153.094052,-27.497276]}},{"type":"Feature","properties":{"stop_id":"6326","name":"Gallipoli Rd at Orana Street, stop 37","routes":["204"],"categories":["intermediate_bus"],"route_count":1},"geometry":{"type":"Point","coordinates":[153.094304,-27.496593]}},{"type":"Feature","properties":{"stop_id":"6327","name":"Gallipoli Rd at Hecklemann Street, stop 38","routes":["204"],"categories":["intermediate_bus"],"route_count":1},"geometry":{"type":"Point","coordinates":[153.093983,-27.498294]}},{"type":"Feature","properties":{"stop_id":"6337","name":"Luprena St at Mansfield North near Amoria St","routes":["180"],"categories":["high_bus"],"route_count":1},"geometry":{"type":"Point","coordinates":[153.102367,-27.534673]}},{"type":"Feature","properties":{"stop_id":"6338","name":"Aminya St at Mansfield, stop 67a","routes":["180"],"categories":["high_bus"],"route_count":1},"geometry":{"type":"Point","coordinates":[153.099446,-27.539468]}},{"type":"Feature","properties":{"stop_id":"6345","name":"Wecker Rd at Wecker Road, stop 62","routes":["180"],"categories":["high_bus"],"route_count":1},"geometry":{"type":"Point","coordinates":[153.09822,-27.533278]}},{"type":"Feature","properties":{"stop_id":"6346","name":"Wecker Rd at Wecker Road, stop 62","routes":["180"],"categories":["high_bus"],"route_count":1},"geometry":{"type":"Point","coordinates":[153.098875,-27.533186]}},{"type":"Feature","properties":{"stop_id":"6354","name":"Aminya St at Mansfield, stop 67a","routes":["180"],"categories":["high_bus"],"route_count":1},"geometry":{"type":"Point","coordinates":[153.099648,-27.539401]}},{"type":"Feature","properties":{"stop_id":"6361","name":"Cresthaven Dr at Cresthaven, stop 74","routes":["180"],"categories":["high_bus"],"route_count":1},"geometry":{"type":"Point","coordinates":[153.098139,-27.543838]}},{"type":"Feature","properties":{"stop_id":"6362","name":"Cresthaven Dr at Cresthaven, stop 74","routes":["180"],"categories":["high_bus"],"route_count":1},"geometry":{"type":"Point","coordinates":[153.098227,-27.544021]}},{"type":"Feature","properties":{"stop_id":"6371","name":"Broadwater Rd near Ham Rd","routes":["180"],"categories":["high_bus"],"route_count":1},"geometry":{"type":"Point","coordinates":[153.104156,-27.545433]}},{"type":"Feature","properties":{"stop_id":"6372","name":"Broadwater Rd near Ham Rd","routes":["180"],"categories":["high_bus"],"route_count":1},"geometry":{"type":"Point","coordinates":[153.10385,-27.545239]}},{"type":"Feature","properties":{"stop_id":"6378","name":"Mt Gravatt East School - 61","routes":["185","590"],"categories":["intermediate_bus"],"route_count":2},"geometry":{"type":"Point","coordinates":[153.094094,-27.533869]}},{"type":"Feature","properties":{"stop_id":"6386","name":"Newnham Rd at Enderby Street, stop 62","routes":["185"],"categories":["intermediate_bus"],"route_count":1},"geometry":{"type":"Point","coordinates":[153.093615,-27.53753]}},{"type":"Feature","properties":{"stop_id":"6387","name":"Newnham Rd at Condong Street, stop 70/63","routes":["185","590"],"categories":["intermediate_bus"],"route_count":2},"geometry":{"type":"Point","coordinates":[153.093094,-27.539258]}},{"type":"Feature","properties":{"stop_id":"6388","name":"Newnham Rd at Westbrooke Street, stop 71","routes":["185"],"categories":["intermediate_bus"],"route_count":1},"geometry":{"type":"Point","coordinates":[153.092615,-27.541822]}},{"type":"Feature","properties":{"stop_id":"6389","name":"Newnham Rd at Westbrooke Street, stop 71","routes":["185"],"categories":["intermediate_bus"],"route_count":1},"geometry":{"type":"Point","coordinates":[153.092796,-27.541735]}},{"type":"Feature","properties":{"stop_id":"6390","name":"Mt Gravatt East School - 61","routes":["185","590"],"categories":["intermediate_bus"],"route_count":2},"geometry":{"type":"Point","coordinates":[153.094231,-27.534013]}},{"type":"Feature","properties":{"stop_id":"6391","name":"Newnham Rd at Broadwater Rd, stop 72","routes":["185"],"categories":["intermediate_bus"],"route_count":1},"geometry":{"type":"Point","coordinates":[153.092272,-27.543843]}},{"type":"Feature","properties":{"stop_id":"6392","name":"Newnham Rd at Civic Fair, stop 73","routes":["185","590"],"categories":["intermediate_bus"],"route_count":2},"geometry":{"type":"Point","coordinates":[153.091801,-27.546329]}},{"type":"Feature","properties":{"stop_id":"6393","name":"Newnham Rd at Civic Fair, stop 73","routes":["185","590"],"categories":["intermediate_bus"],"route_count":2},"geometry":{"type":"Point","coordinates":[153.092002,-27.546396]}},{"type":"Feature","properties":{"stop_id":"6403","name":"Newnham Rd at Condong Street, stop 63/70","routes":["185","590"],"categories":["intermediate_bus"],"route_count":2},"geometry":{"type":"Point","coordinates":[153.093186,-27.539647]}},{"type":"Feature","properties":{"stop_id":"6404","name":"Logan Rd at Rover Street, stop 38","routes":["175"],"categories":["intermediate_bus"],"route_count":1},"geometry":{"type":"Point","coordinates":[153.081428,-27.541607]}},{"type":"Feature","properties":{"stop_id":"6405","name":"Logan Rd at Rover Street, stop 38","routes":["175"],"categories":["intermediate_bus"],"route_count":1},"geometry":{"type":"Point","coordinates":[153.081715,-27.541361]}},{"type":"Feature","properties":{"stop_id":"6421","name":"Cavendish Rd at Mt Gravatt East, stop 60","routes":["180","185"],"categories":["high_bus","intermediate_bus"],"route_count":2},"geometry":{"type":"Point","coordinates":[153.093563,-27.531439]}},{"type":"Feature","properties":{"stop_id":"6424","name":"Cavendish Rd at Mt Gravatt TAFE, stop 55","routes":["180","185"],"categories":["high_bus","intermediate_bus"],"route_count":2},"geometry":{"type":"Point","coordinates":[153.089956,-27.526916]}},{"type":"Feature","properties":{"stop_id":"6425","name":"Cavendish Rd at Mt Gravatt TAFE, stop 55","routes":["180","185"],"categories":["high_bus","intermediate_bus"],"route_count":2},"geometry":{"type":"Point","coordinates":[153.090486,-27.527354]}},{"type":"Feature","properties":{"stop_id":"645","name":"Wickham Terrace Stop 174 at Albert Park","routes":["30"],"categories":["intermediate_bus"],"route_count":1},"geometry":{"type":"Point","coordinates":[153.019606,-27.461387]}},{"type":"Feature","properties":{"stop_id":"6452","name":"Newnham Rd at Enderby Street, stop 62","routes":["185"],"categories":["intermediate_bus"],"route_count":1},"geometry":{"type":"Point","coordinates":[153.093516,-27.537143]}},{"type":"Feature","properties":{"stop_id":"6453","name":"Cavendish Rd at Mt Gravatt East, stop 60","routes":["180","185"],"categories":["high_bus","intermediate_bus"],"route_count":2},"geometry":{"type":"Point","coordinates":[153.093603,-27.531168]}},{"type":"Feature","properties":{"stop_id":"6455","name":"Logan Rd at Wishart Road, stop 39","routes":["175"],"categories":["intermediate_bus"],"route_count":1},"geometry":{"type":"Point","coordinates":[153.081462,-27.545368]}},{"type":"Feature","properties":{"stop_id":"6456","name":"Logan Rd at Wishart Road, stop 39","routes":["175"],"categories":["intermediate_bus"],"route_count":1},"geometry":{"type":"Point","coordinates":[153.081804,-27.5462]}},{"type":"Feature","properties":{"stop_id":"6457","name":"Logan Rd at Wanda, stop 40","routes":["175"],"categories":["intermediate_bus"],"route_count":1},"geometry":{"type":"Point","coordinates":[153.08062,-27.548542]}},{"type":"Feature","properties":{"stop_id":"6458","name":"Logan Rd at Wanda, stop 40","routes":["175"],"categories":["intermediate_bus"],"route_count":1},"geometry":{"type":"Point","coordinates":[153.080375,-27.548364]}},{"type":"Feature","properties":{"stop_id":"6459","name":"Logan Rd at Dittmer Park, stop 41","routes":["175"],"categories":["intermediate_bus"],"route_count":1},"geometry":{"type":"Point","coordinates":[153.079852,-27.551724]}},{"type":"Feature","properties":{"stop_id":"6460","name":"Logan Rd at Dittmer Park, stop 41","routes":["175"],"categories":["intermediate_bus"],"route_count":1},"geometry":{"type":"Point","coordinates":[153.079576,-27.552128]}},{"type":"Feature","properties":{"stop_id":"6461","name":"Cavendish Rd at Seton College stop 59/56","routes":["185"],"categories":["intermediate_bus"],"route_count":1},"geometry":{"type":"Point","coordinates":[153.092383,-27.529951]}},{"type":"Feature","properties":{"stop_id":"6462","name":"Logan Rd at Kessels Corner, stop 43","routes":["120","175"],"categories":["high_bus","intermediate_bus"],"route_count":2},"geometry":{"type":"Point","coordinates":[153.080282,-27.556898]}},{"type":"Feature","properties":{"stop_id":"6463","name":"Logan Rd at St Bernards, stop 42","routes":["175"],"categories":["intermediate_bus"],"route_count":1},"geometry":{"type":"Point","coordinates":[153.080139,-27.555063]}},{"type":"Feature","properties":{"stop_id":"6464","name":"Logan Rd at Upper Mt Gravatt School, stop 43","routes":["175"],"categories":["intermediate_bus"],"route_count":1},"geometry":{"type":"Point","coordinates":[153.079872,-27.556047]}},{"type":"Feature","properties":{"stop_id":"6465","name":"Logan Rd at Kessels Corner, stop 44","routes":["120","175"],"categories":["high_bus","intermediate_bus"],"route_count":2},"geometry":{"type":"Point","coordinates":[153.080552,-27.559006]}},{"type":"Feature","properties":{"stop_id":"6466","name":"Cavendish Rd at Seton College stop 56/59","routes":["185"],"categories":["intermediate_bus"],"route_count":1},"geometry":{"type":"Point","coordinates":[153.092636,-27.530023]}},{"type":"Feature","properties":{"stop_id":"6470","name":"Mt Gravatt Capalaba Rd at Tryon, stop 61","routes":["180"],"categories":["high_bus"],"route_count":1},"geometry":{"type":"Point","coordinates":[153.08437,-27.558554]}},{"type":"Feature","properties":{"stop_id":"6471","name":"Mt Gravatt Capalaba Rd at Tryon, stop 61","routes":["180"],"categories":["high_bus"],"route_count":1},"geometry":{"type":"Point","coordinates":[153.083597,-27.559107]}},{"type":"Feature","properties":{"stop_id":"6476","name":"Newnham Rd at Delavan, stop 78","routes":["185","590"],"categories":["intermediate_bus"],"route_count":2},"geometry":{"type":"Point","coordinates":[153.089236,-27.559978]}},{"type":"Feature","properties":{"stop_id":"6477","name":"Newnham Rd at Montreal Street, stop 77a","routes":["185"],"categories":["intermediate_bus"],"route_count":1},"geometry":{"type":"Point","coordinates":[153.08977,-27.557233]}},{"type":"Feature","properties":{"stop_id":"6478","name":"Newnham Rd at Montreal Street, stop 77A","routes":["185"],"categories":["intermediate_bus"],"route_count":1},"geometry":{"type":"Point","coordinates":[153.089789,-27.557959]}},{"type":"Feature","properties":{"stop_id":"6479","name":"Logan Rd at Palmdale, stop 79c","routes":["175"],"categories":["intermediate_bus"],"route_count":1},"geometry":{"type":"Point","coordinates":[153.083599,-27.561579]}},{"type":"Feature","properties":{"stop_id":"6480","name":"Logan Rd at Palmdale, stop 79c","routes":["175"],"categories":["intermediate_bus"],"route_count":1},"geometry":{"type":"Point","coordinates":[153.083497,-27.561833]}},{"type":"Feature","properties":{"stop_id":"6482","name":"Logan Rd at Marada Street, stop 79b","routes":["175"],"categories":["intermediate_bus"],"route_count":1},"geometry":{"type":"Point","coordinates":[153.085774,-27.563141]}},{"type":"Feature","properties":{"stop_id":"6490","name":"Newnham Rd near Tryon St, stop 79","routes":["185"],"categories":["intermediate_bus"],"route_count":1},"geometry":{"type":"Point","coordinates":[153.088961,-27.561487]}},{"type":"Feature","properties":{"stop_id":"6515","name":"Garden City Shopping Centre station","routes":["120","175","180","185","590"],"categories":["high_bus","intermediate_bus"],"route_count":5},"geometry":{"type":"Point","coordinates":[153.080227,-27.563181]}},{"type":"Feature","properties":{"stop_id":"6516","name":"Cavendish Rd at Crystal Street, stop 50","routes":["185"],"categories":["intermediate_bus"],"route_count":1},"geometry":{"type":"Point","coordinates":[153.079368,-27.51902]}},{"type":"Feature","properties":{"stop_id":"6517","name":"Cavendish Rd at Oates Avenue, stop 51","routes":["185"],"categories":["intermediate_bus"],"route_count":1},"geometry":{"type":"Point","coordinates":[153.082463,-27.520079]}},{"type":"Feature","properties":{"stop_id":"6518","name":"Cavendish Rd at Oates Avenue, stop 51","routes":["185"],"categories":["intermediate_bus"],"route_count":1},"geometry":{"type":"Point","coordinates":[153.082352,-27.519777]}},{"type":"Feature","properties":{"stop_id":"6521","name":"Mains Road park 'n' ride","routes":["130","140"],"categories":["high_bus"],"route_count":2},"geometry":{"type":"Point","coordinates":[153.066747,-27.55825]}},{"type":"Feature","properties":{"stop_id":"6528","name":"Cavendish Rd at Pine Mountain, stop 52","routes":["180","185"],"categories":["high_bus","intermediate_bus"],"route_count":2},"geometry":{"type":"Point","coordinates":[153.083723,-27.521155]}},{"type":"Feature","properties":{"stop_id":"6529","name":"Cavendish Rd at Pine Mountain, stop 52","routes":["180","185"],"categories":["high_bus","intermediate_bus"],"route_count":2},"geometry":{"type":"Point","coordinates":[153.08358,-27.521201]}},{"type":"Feature","properties":{"stop_id":"6530","name":"Cavendish Rd at Coolong Street, stop 53","routes":["185"],"categories":["intermediate_bus"],"route_count":1},"geometry":{"type":"Point","coordinates":[153.086753,-27.523491]}},{"type":"Feature","properties":{"stop_id":"6531","name":"Cavendish Rd at Coolong Street, stop 53","routes":["185"],"categories":["intermediate_bus"],"route_count":1},"geometry":{"type":"Point","coordinates":[153.086715,-27.523627]}},{"type":"Feature","properties":{"stop_id":"6532","name":"Cavendish Rd at Coolibah Street, stop 54","routes":["185"],"categories":["intermediate_bus"],"route_count":1},"geometry":{"type":"Point","coordinates":[153.088737,-27.525191]}},{"type":"Feature","properties":{"stop_id":"6533","name":"Cavendish Rd at Coolibah Street, stop 54","routes":["185"],"categories":["intermediate_bus"],"route_count":1},"geometry":{"type":"Point","coordinates":[153.088787,-27.525454]}},{"type":"Feature","properties":{"stop_id":"6543","name":"Klumpp Rd at Hibiscus","routes":["120"],"categories":["high_bus"],"route_count":1},"geometry":{"type":"Point","coordinates":[153.07231,-27.551795]}},{"type":"Feature","properties":{"stop_id":"6544","name":"University Rd at Mt Gravatt Cemetery","routes":["120","125"],"categories":["high_bus","intermediate_bus"],"route_count":2},"geometry":{"type":"Point","coordinates":[153.064664,-27.550787]}},{"type":"Feature","properties":{"stop_id":"6545","name":"University Rd at Mt Gravatt Cemetery","routes":["120","125"],"categories":["high_bus","intermediate_bus"],"route_count":2},"geometry":{"type":"Point","coordinates":[153.064691,-27.550656]}},{"type":"Feature","properties":{"stop_id":"6548","name":"Klumpp Rd at Hibiscus","routes":["120"],"categories":["high_bus"],"route_count":1},"geometry":{"type":"Point","coordinates":[153.072352,-27.551929]}},{"type":"Feature","properties":{"stop_id":"6549","name":"Mains Road park 'n' ride","routes":["130","140"],"categories":["high_bus"],"route_count":2},"geometry":{"type":"Point","coordinates":[153.066299,-27.559074]}},{"type":"Feature","properties":{"stop_id":"6572","name":"Mt Gravatt Capalaba Rd at Agaton","routes":["180"],"categories":["high_bus"],"route_count":1},"geometry":{"type":"Point","coordinates":[153.097583,-27.554924]}},{"type":"Feature","properties":{"stop_id":"6576","name":"Mt Gravatt Capalaba Rd at Ham Road South","routes":["180"],"categories":["high_bus"],"route_count":1},"geometry":{"type":"Point","coordinates":[153.102149,-27.553139]}},{"type":"Feature","properties":{"stop_id":"6577","name":"Mt Gravatt Capalaba Rd at Wishart East","routes":["180"],"categories":["high_bus"],"route_count":1},"geometry":{"type":"Point","coordinates":[153.109114,-27.548213]}},{"type":"Feature","properties":{"stop_id":"6578","name":"Mt Gravatt Capalaba Rd at Wishart East","routes":["180"],"categories":["high_bus"],"route_count":1},"geometry":{"type":"Point","coordinates":[153.108414,-27.548407]}},{"type":"Feature","properties":{"stop_id":"6582","name":"Broadwater Rd at Mansfield Park","routes":["180"],"categories":["high_bus"],"route_count":1},"geometry":{"type":"Point","coordinates":[153.109445,-27.546197]}},{"type":"Feature","properties":{"stop_id":"6583","name":"Broadwater Rd at Mansfield Park","routes":["180"],"categories":["high_bus"],"route_count":1},"geometry":{"type":"Point","coordinates":[153.109931,-27.546125]}},{"type":"Feature","properties":{"stop_id":"66","name":"Queen Street Stop 66 near Adelaide St","routes":["338","348"],"categories":["intermediate_bus"],"route_count":2},"geometry":{"type":"Point","coordinates":[153.031367,-27.463913]}},{"type":"Feature","properties":{"stop_id":"6602","name":"MacGregor St at Garden City Depot","routes":["125","150"],"categories":["high_bus","intermediate_bus"],"route_count":2},"geometry":{"type":"Point","coordinates":[153.08544,-27.566246]}},{"type":"Feature","properties":{"stop_id":"6604","name":"Forest Lake Bvd at Forest Lake Shops","routes":["100"],"categories":["high_bus"],"route_count":1},"geometry":{"type":"Point","coordinates":[152.970299,-27.624127]}},{"type":"Feature","properties":{"stop_id":"6606","name":"MacGregor St at Garden City Depot","routes":["125","150"],"categories":["high_bus","intermediate_bus"],"route_count":2},"geometry":{"type":"Point","coordinates":[153.085447,-27.566137]}},{"type":"Feature","properties":{"stop_id":"67","name":"Queen Street Stop 67 near Ann St (Orient)","routes":["125","175","185","196","204","300"],"categories":["high_bus","intermediate_bus"],"route_count":6},"geometry":{"type":"Point","coordinates":[153.031104,-27.462758]}},{"type":"Feature","properties":{"stop_id":"704","name":"Macquarie St at Vernon Terrace, stop 15","routes":["199"],"categories":["high_bus"],"route_count":1},"geometry":{"type":"Point","coordinates":[153.049819,-27.455438]}},{"type":"Feature","properties":{"stop_id":"705","name":"Vernon Tce near Florence St, stop 15","routes":["199"],"categories":["high_bus"],"route_count":1},"geometry":{"type":"Point","coordinates":[153.049993,-27.455671]}},{"type":"Feature","properties":{"stop_id":"706","name":"Macquarie St at Mercantile Place, stop 14","routes":["199"],"categories":["high_bus"],"route_count":1},"geometry":{"type":"Point","coordinates":[153.049978,-27.458773]}},{"type":"Feature","properties":{"stop_id":"707","name":"Macquarie St at Mercantile Place, stop 14","routes":["199"],"categories":["high_bus"],"route_count":1},"geometry":{"type":"Point","coordinates":[153.050108,-27.45778]}},{"type":"Feature","properties":{"stop_id":"72","name":"Queen Street Stop 72 near Eagle Lane","routes":["555"],"categories":["high_bus"],"route_count":1},"geometry":{"type":"Point","coordinates":[153.029849,-27.466137]}},{"type":"Feature","properties":{"stop_id":"723","name":"Merthyr Rd at Merthyr Central, stop 11","routes":["199"],"categories":["high_bus"],"route_count":1},"geometry":{"type":"Point","coordinates":[153.046597,-27.4666]}},{"type":"Feature","properties":{"stop_id":"724","name":"Merthyr Rd at Alford Street, stop 12","routes":["199"],"categories":["high_bus"],"route_count":1},"geometry":{"type":"Point","coordinates":[153.047968,-27.465197]}},{"type":"Feature","properties":{"stop_id":"725","name":"Merthyr Rd at Alford Street, stop 12","routes":["199"],"categories":["high_bus"],"route_count":1},"geometry":{"type":"Point","coordinates":[153.048038,-27.465318]}},{"type":"Feature","properties":{"stop_id":"726","name":"Merthyr Rd at Merthyr Central, stop 11","routes":["199"],"categories":["high_bus"],"route_count":1},"geometry":{"type":"Point","coordinates":[153.046418,-27.466971]}},{"type":"Feature","properties":{"stop_id":"729","name":"Brunswick St at New Farm Junction, stop 14","routes":["196"],"categories":["high_bus"],"route_count":1},"geometry":{"type":"Point","coordinates":[153.046305,-27.467366]}},{"type":"Feature","properties":{"stop_id":"731","name":"Brunswick St at Langshaw Street, stop 10","routes":["199"],"categories":["high_bus"],"route_count":1},"geometry":{"type":"Point","coordinates":[153.044254,-27.465795]}},{"type":"Feature","properties":{"stop_id":"732","name":"Brunswick St at Langshaw Street, stop 10","routes":["199"],"categories":["high_bus"],"route_count":1},"geometry":{"type":"Point","coordinates":[153.044681,-27.465953]}},{"type":"Feature","properties":{"stop_id":"734","name":"Brunswick St at Barker St, stop 9","routes":["199"],"categories":["high_bus"],"route_count":1},"geometry":{"type":"Point","coordinates":[153.042912,-27.464762]}},{"type":"Feature","properties":{"stop_id":"735","name":"Brunswick St at Heal Street, stop 8","routes":["196","199"],"categories":["high_bus"],"route_count":2},"geometry":{"type":"Point","coordinates":[153.041428,-27.463592]}},{"type":"Feature","properties":{"stop_id":"737","name":"Brunswick St at Harcourt Street, stop 6","routes":["196","199"],"categories":["high_bus"],"route_count":2},"geometry":{"type":"Point","coordinates":[153.039095,-27.461776]}},{"type":"Feature","properties":{"stop_id":"738","name":"Brunswick St at Robertson Street, stop 5","routes":["196","199"],"categories":["high_bus"],"route_count":2},"geometry":{"type":"Point","coordinates":[153.037533,-27.460544]}},{"type":"Feature","properties":{"stop_id":"739","name":"Brunswick St at Robertson Street, stop 5","routes":["196","199"],"categories":["high_bus"],"route_count":2},"geometry":{"type":"Point","coordinates":[153.036726,-27.459743]}},{"type":"Feature","properties":{"stop_id":"74","name":"Queen Street Stop 74 near Creek St","routes":["390"],"categories":["intermediate_bus"],"route_count":1},"geometry":{"type":"Point","coordinates":[153.028994,-27.466813]}},{"type":"Feature","properties":{"stop_id":"740","name":"Brunswick St at Harcourt Street, stop 6","routes":["196","199"],"categories":["high_bus"],"route_count":2},"geometry":{"type":"Point","coordinates":[153.038654,-27.461257]}},{"type":"Feature","properties":{"stop_id":"742","name":"Brunswick St at Kent Street, stop 7/8","routes":["196","199"],"categories":["high_bus"],"route_count":2},"geometry":{"type":"Point","coordinates":[153.040113,-27.462401]}},{"type":"Feature","properties":{"stop_id":"743","name":"Brunswick St at Barker Street, stop 9","routes":["196","199"],"categories":["high_bus"],"route_count":2},"geometry":{"type":"Point","coordinates":[153.041983,-27.463855]}},{"type":"Feature","properties":{"stop_id":"744","name":"Barker St at Oxley Lane, stop 9","routes":["196"],"categories":["high_bus"],"route_count":1},"geometry":{"type":"Point","coordinates":[153.042046,-27.465204]}},{"type":"Feature","properties":{"stop_id":"745","name":"Moray St at Locke Street, stop 10","routes":["196"],"categories":["high_bus"],"route_count":1},"geometry":{"type":"Point","coordinates":[153.041111,-27.466771]}},{"type":"Feature","properties":{"stop_id":"746","name":"Moray St at Locke Street, stop 10","routes":["196"],"categories":["high_bus"],"route_count":1},"geometry":{"type":"Point","coordinates":[153.040864,-27.466399]}},{"type":"Feature","properties":{"stop_id":"747","name":"Barker St at Oxley Lane, stop 9","routes":["196"],"categories":["high_bus"],"route_count":1},"geometry":{"type":"Point","coordinates":[153.042122,-27.46497]}},{"type":"Feature","properties":{"stop_id":"763","name":"Kangaroo Gully Rd at Bellbowrie Chase","routes":["444"],"categories":["high_bus"],"route_count":1},"geometry":{"type":"Point","coordinates":[152.875661,-27.564611]}},{"type":"Feature","properties":{"stop_id":"765","name":"Kangaroo Gully Rd at Bellbowrie Chase","routes":["444"],"categories":["high_bus"],"route_count":1},"geometry":{"type":"Point","coordinates":[152.876021,-27.563505]}},{"type":"Feature","properties":{"stop_id":"777","name":"Wickham St at Bridge Street, stop 5","routes":["300"],"categories":["intermediate_bus"],"route_count":1},"geometry":{"type":"Point","coordinates":[153.035874,-27.45512]}},{"type":"Feature","properties":{"stop_id":"779","name":"Wickham St at East Street Stop 6","routes":["300"],"categories":["intermediate_bus"],"route_count":1},"geometry":{"type":"Point","coordinates":[153.036896,-27.454122]}},{"type":"Feature","properties":{"stop_id":"783","name":"Ann St at Chester Street, stop 7","routes":["300"],"categories":["intermediate_bus"],"route_count":1},"geometry":{"type":"Point","coordinates":[153.040209,-27.453287]}},{"type":"Feature","properties":{"stop_id":"786","name":"Ann St at James Street, stop 6","routes":["60","300"],"categories":["high_bus","intermediate_bus"],"route_count":2},"geometry":{"type":"Point","coordinates":[153.03866,-27.454884]}},{"type":"Feature","properties":{"stop_id":"787","name":"Ann St at Bridge Street, stop 5","routes":["300"],"categories":["intermediate_bus"],"route_count":1},"geometry":{"type":"Point","coordinates":[153.0377,-27.45585]}},{"type":"Feature","properties":{"stop_id":"796","name":"Ballow St near Wickham Street Zone C","routes":["125"],"categories":["intermediate_bus"],"route_count":1},"geometry":{"type":"Point","coordinates":[153.035195,-27.456375]}},{"type":"Feature","properties":{"stop_id":"8","name":"Ann Street Stop 8","routes":["338","348"],"categories":["intermediate_bus"],"route_count":2},"geometry":{"type":"Point","coordinates":[153.026002,-27.466487]}},{"type":"Feature","properties":{"stop_id":"8013","name":"Scrub Rd at Carindale Heights","routes":["200"],"categories":["high_bus"],"route_count":1},"geometry":{"type":"Point","coordinates":[153.111855,-27.522993]}},{"type":"Feature","properties":{"stop_id":"8014","name":"Scrub Rd at Carindale Heights","routes":["200"],"categories":["high_bus"],"route_count":1},"geometry":{"type":"Point","coordinates":[153.11193,-27.523311]}},{"type":"Feature","properties":{"stop_id":"8015","name":"Cribb Rd at Cribb Road East","routes":["200"],"categories":["high_bus"],"route_count":1},"geometry":{"type":"Point","coordinates":[153.121203,-27.525485]}},{"type":"Feature","properties":{"stop_id":"8019","name":"Cribb Road at Cribb Road East","routes":["200"],"categories":["high_bus"],"route_count":1},"geometry":{"type":"Point","coordinates":[153.120204,-27.525053]}},{"type":"Feature","properties":{"stop_id":"814","name":"Caxton St near Chapel St, stop 4","routes":["61","375"],"categories":["high_bus","intermediate_bus"],"route_count":2},"geometry":{"type":"Point","coordinates":[153.011536,-27.463634]}},{"type":"Feature","properties":{"stop_id":"815","name":"Caxton St near Chapel St, stop 4","routes":["61","375"],"categories":["high_bus","intermediate_bus"],"route_count":2},"geometry":{"type":"Point","coordinates":[153.011685,-27.463567]}},{"type":"Feature","properties":{"stop_id":"816","name":"Given Tce at Paddington, stop 5","routes":["375","385"],"categories":["high_bus","intermediate_bus"],"route_count":2},"geometry":{"type":"Point","coordinates":[153.007691,-27.462282]}},{"type":"Feature","properties":{"stop_id":"817","name":"Given Tce at Paddington, stop 5","routes":["375","385"],"categories":["high_bus","intermediate_bus"],"route_count":2},"geometry":{"type":"Point","coordinates":[153.00842,-27.462263]}},{"type":"Feature","properties":{"stop_id":"818","name":"Given Tce at Paddo Tavern, stop 6","routes":["61","375"],"categories":["high_bus","intermediate_bus"],"route_count":2},"geometry":{"type":"Point","coordinates":[153.006856,-27.461926]}},{"type":"Feature","properties":{"stop_id":"819","name":"Given Tce at Paddo Tavern, stop 6","routes":["61","375"],"categories":["high_bus","intermediate_bus"],"route_count":2},"geometry":{"type":"Point","coordinates":[153.005921,-27.461786]}},{"type":"Feature","properties":{"stop_id":"821","name":"Given Tce at Great George, stop 7","routes":["375"],"categories":["intermediate_bus"],"route_count":1},"geometry":{"type":"Point","coordinates":[153.004327,-27.461198]}},{"type":"Feature","properties":{"stop_id":"823","name":"Given Tce at Great George, stop 7","routes":["375"],"categories":["intermediate_bus"],"route_count":1},"geometry":{"type":"Point","coordinates":[153.004956,-27.461316]}},{"type":"Feature","properties":{"stop_id":"827","name":"Given Tce at Old Paddo Post Office, stop 8","routes":["61"],"categories":["high_bus"],"route_count":1},"geometry":{"type":"Point","coordinates":[153.002956,-27.46047]}},{"type":"Feature","properties":{"stop_id":"828","name":"Latrobe Tce at Old Paddo Post Office, stop 8","routes":["61","375"],"categories":["high_bus","intermediate_bus"],"route_count":2},"geometry":{"type":"Point","coordinates":[153.002176,-27.460241]}},{"type":"Feature","properties":{"stop_id":"829","name":"Latrobe Tce at Old Ithaca Fire Station, stop 9","routes":["375"],"categories":["intermediate_bus"],"route_count":1},"geometry":{"type":"Point","coordinates":[153.001155,-27.458997]}},{"type":"Feature","properties":{"stop_id":"874","name":"Kelvin Grove Rd at Normanby, stop 11","routes":["390"],"categories":["intermediate_bus"],"route_count":1},"geometry":{"type":"Point","coordinates":[153.013531,-27.457458]}},{"type":"Feature","properties":{"stop_id":"875","name":"Kelvin Grove Rd at Victoria Street, stop 12","routes":["390"],"categories":["intermediate_bus"],"route_count":1},"geometry":{"type":"Point","coordinates":[153.011611,-27.453773]}},{"type":"Feature","properties":{"stop_id":"876","name":"Kelvin Grove Rd near Prospect Tce, stop 13","routes":["345","390"],"categories":["high_bus","intermediate_bus"],"route_count":2},"geometry":{"type":"Point","coordinates":[153.010804,-27.451532]}},{"type":"Feature","properties":{"stop_id":"884","name":"QUT Kelvin Grove station, platform 1","routes":["M2","330","333","340"],"categories":["high_bus"],"route_count":4},"geometry":{"type":"Point","coordinates":[153.018201,-27.452432]}},{"type":"Feature","properties":{"stop_id":"889","name":"QUT Kelvin Grove station, platform 2","routes":["M2","330","333","340"],"categories":["high_bus"],"route_count":4},"geometry":{"type":"Point","coordinates":[153.018135,-27.451851]}},{"type":"Feature","properties":{"stop_id":"890","name":"Herston station, platform 2","routes":["M2","330","333","340"],"categories":["high_bus"],"route_count":4},"geometry":{"type":"Point","coordinates":[153.02533,-27.449792]}},{"type":"Feature","properties":{"stop_id":"891","name":"Herston station, platform 1","routes":["M2","330","333","340"],"categories":["high_bus"],"route_count":4},"geometry":{"type":"Point","coordinates":[153.024912,-27.449862]}},{"type":"Feature","properties":{"stop_id":"892","name":"Normanby station, platform 2","routes":["M2","330","333","340","345","390"],"categories":["high_bus","intermediate_bus"],"route_count":6},"geometry":{"type":"Point","coordinates":[153.01511,-27.458866]}},{"type":"Feature","properties":{"stop_id":"893","name":"Normanby station, platform 1","routes":["M2","330","333","340","345","390"],"categories":["high_bus","intermediate_bus"],"route_count":6},"geometry":{"type":"Point","coordinates":[153.015067,-27.459122]}},{"type":"Feature","properties":{"stop_id":"896","name":"RBWH station, platform 2","routes":["M2","330","333","338","340","348"],"categories":["high_bus","intermediate_bus"],"route_count":6},"geometry":{"type":"Point","coordinates":[153.029133,-27.44699]}},{"type":"Feature","properties":{"stop_id":"897","name":"RBWH station, platform 1","routes":["M2","330","333","338","340","348"],"categories":["high_bus","intermediate_bus"],"route_count":6},"geometry":{"type":"Point","coordinates":[153.029207,-27.447393]}},{"type":"Feature","properties":{"stop_id":"898","name":"Kelvin Grove Rd at School Street, stop 13","routes":["390"],"categories":["intermediate_bus"],"route_count":1},"geometry":{"type":"Point","coordinates":[153.011143,-27.45172]}},{"type":"Feature","properties":{"stop_id":"899","name":"Kelvin Grove Rd near McCaskie Park, stop 12","routes":["345","390"],"categories":["high_bus","intermediate_bus"],"route_count":2},"geometry":{"type":"Point","coordinates":[153.012058,-27.454088]}},{"type":"Feature","properties":{"stop_id":"9","name":"Ann Street Stop 9 near King George Square","routes":["390"],"categories":["intermediate_bus"],"route_count":1},"geometry":{"type":"Point","coordinates":[153.02496,-27.467273]}},{"type":"Feature","properties":{"stop_id":"919","name":"Queen Street station","routes":["100","120","130","140","150","180","200"],"categories":["high_bus"],"route_count":7},"geometry":{"type":"Point","coordinates":[153.023825,-27.470717]}},{"type":"Feature","properties":{"stop_id":"929","name":"Queen Street station","routes":["330","345","385"],"categories":["high_bus"],"route_count":3},"geometry":{"type":"Point","coordinates":[153.024518,-27.470269]}},{"type":"Feature","properties":{"stop_id":"97","name":"Margaret Street Stop 95 at Albert St","routes":["125","175","185","204"],"categories":["intermediate_bus"],"route_count":4},"geometry":{"type":"Point","coordinates":[153.028004,-27.472734]}},{"type":"Feature","properties":{"stop_id":"996","name":"Queen Street station, 1a","routes":["100"],"categories":["high_bus"],"route_count":1},"geometry":{"type":"Point","coordinates":[153.023906,-27.470815]}},{"type":"Feature","properties":{"stop_id":"997","name":"Queen Street station, 1b","routes":["330"],"categories":["high_bus"],"route_count":1},"geometry":{"type":"Point","coordinates":[153.024082,-27.47067]}},{"type":"Feature","properties":{"stop_id":"998","name":"Queen Street station, 1c","routes":["150"],"categories":["high_bus"],"route_count":1},"geometry":{"type":"Point","coordinates":[153.024283,-27.470526]}},{"type":"Feature","properties":{"stop_id":"999","name":"Queen Street station, 1d","routes":["140"],"categories":["high_bus"],"route_count":1},"geometry":{"type":"Point","coordinates":[153.024472,-27.470427]}},{"type":"Feature","properties":{"stop_id":"9990","name":"The Gap park 'n' ride","routes":["385"],"categories":["high_bus"],"route_count":1},"geometry":{"type":"Point","coordinates":[152.930068,-27.445456]}}]}